*************   S T A R T I N G   G E O S - C H E M   *************

===> Mode of operation         : GEOS-Chem "Classic"
===> GEOS-Chem version         : 14.7.1
===> Compiler                  : GNU Fortran compiler (aka gfortran)
===> Flexible precision set to : 8-byte real (aka REAL*8)
===> Parallelization w/ OpenMP : ON
===> netCDF diagnostics        : ON
===> netCDF file compression   : SUPPORTED
===> Luo et al (2019) wetdep?  : OFF

===> SIMULATION START TIME: 2026/06/16 09:44 <===

===============================================================================
G E O S - C H E M   U S E R   I N P U T

READ_INPUT_FILE: Opening ./geoschem_config.yml

SIMULATION SETTINGS
-------------------
Simulation name             : fullchem
CHEM_INPUTS directory       : /projects/b56h/ExtData/CHEM_INPUTS/
Species database file       : ./species_database.yml
Turn on verbose output      :     F
Verbose output printed on   : root core only
Start time of run           : 20190701 000000
End time of run             : 20190801 000000
Data Directory              : /projects/b56h/ExtData/
Meteorology field           : MERRA2
Turn on GEOS-Chem timers    :     F
Read restart as real8 (skip HEMCO for restart read):     F

GRID SETTINGS
------------
Grid resolution             : 4.0x5.0
Min/max longitude           :  -180.0000   180.0000
Min/max latitude            :   -90.0000    90.0000
X grid dimension            :    72
Y grid dimension            :    46
Z grid dimension            :    72
Use half-sized polar boxes? :     T
Center on Intl Date Line?   :     T
Is this a nested-grid sim?  :     F
 --> Buffer zone (N S E W ) :     0    0    0    0

TIMESTEP SETTINGS
-----------------
Transport/Convection [sec]  :   600
Chemistry/Emissions  [sec]  :  1200
RRTMG rad transfer   [sec]  : 10800

TRANSPORT SETTINGS
------------------
Turn on transport?          :     T
Let TPCORE Fill negatives?  :     T
IORD, JORD, KORD for TPCORE?:     3    3    7

CONVECTION SETTINGS
-------------------
Turn on cloud convection?   :     T
Grell-Freitas convection?   :     F

PBL MIXING SETTINGS
-------------------
Turn on PBL mixing?         :     T
Turn on non-local PBL?      :     T

AEROSOL SETTINGS
----------------
Aerosol optical property dir: /projects/b56h/ExtData//CHEM_INPUTS/Aerosol_Optics/v2025-03/                                                                                                                                                                                                   
Online SULFATE AEROSOLS?    :     T
Metal catalyzed SO2 ox.?    :     T
Online CARBON AEROSOLS?     :     T
Brown Carbon Aerosol?       :     F
BC Absorption Enhancement?  :     T
Hydrophilic BC AE factor    :     1.50
Hydrophobic BC AE factor    :     1.00
Online COMPLEX SOA?         :     F
Semivolatile POA?           :     F
Online DUST AEROSOLS?       :     T
Acid uptake on dust?        :     F
Online SEA SALT AEROSOLS?   :     T
Accum  SEA SALT radii [um]  :     0.01 -     0.50
Coarse SEA SALT radii [um]  :     0.50 -     8.00
MARINE ORGANIC AEROSOLS?    :     F
Settle strat. aerosols?     :     T
Online SOLID PSC aerosols?  :     T
Allow hom. NAT nucleation?  :     F
NAT supercooling requirement:     3.00K
Ice supersaturation req.    :    20.00K
Perform PSC het. chemistry? :     T
Use strat. aerosol OD?      :     T

DRY DEPOSITION SETTINGS
-----------------------
Turn on dry deposition?     :     T
Dry dep over full PBL?      :     F
Turn on CO2 effect?         :     F
CO2 level                   :   600.00
CO2 reference level         :   380.00
RIX scaling factor          :     1.00

WET DEPOSITION SETTINGS
-----------------------
Turn on wet deposition?     :     T

CHEMISTRY SETTINGS
------------------
Turn on chemistry?          :     T
Use linear. mesospheric chem:     T
 => Use Linoz for O3?       :     T
Online strat. H2O?          :     T
Use robust strat H2O BC?    :     T
GAMMA HO2                   : 0.20
Use auto-reduce solver?     :     F
Use target species threshold:     T
OH tuning factor:             5.0E-05
NO2 tuning factor:            1.0E-04
Keep halogen spec. active?  :     F
Use append in auto-reduce?  :     F

PHOTOLYSIS SETTINGS
-------------------
Turn on photolysis?         :     T
Print Cloud-J debug output? :     F
FAST-JX input directory     : UNKNOWN
Cloud-J input directory     : /projects/b56h/ExtData//CHEM_INPUTS/CLOUD_J/v2025-01/
Number levels with cloud    :    34
Cloud-J cloud flag          :     3
Layer OD increase factor    :    1.050
Min cloud OD at top         :    0.005
Cloud correlation           :    0.330
Max # of overlap bins       :     6
Sphere correction           :     1
Number of wavelength bins   :    18
Use H2O UV absorption?      :     T
Use online ozone?           :     T
Use ozone from met?         :     T
Use TOMS/SBUV ozone?        :     F
Photolyse nitrate aerosol?  :     T
JNITs scaling of JHNO3      :  100.000
JNIT scaling of JHNO3       :  100.000
JNIT(s) channel A (HONO)    :   66.667
JNIT(s) channel B (NO2)     :   33.333

NOTE ABOUT OVERHEAD O3 FOR FAST-JX:
 Online O3 from GEOS-Chem will be used
 to weight the O3 column within the
 chemistry grid and O3 from met or TOMS
 will be used outside the chemistry grid.

RRTMG SETTINGS
--------------
AOD output wavelength (nm)  :   550.0
Turn on radiation?          :     F
Consider longwave?          :     F
Consider shortwave?         :     F
Clear-sky flux?             :     F
All-sky flux?               :     F
CO2 VMR in ppmv             :   390.0
Fixed dyn. heat. assumption?:     F
 --> Seasonal evolution?    :     F
 --> Extend to TOA?         :     F
 --> Read in dyn. heating?  :     F

OBSPACK SETTINGS
----------------
Turn on ObsPack diagnostic? :     F
Suppress logfile output?    :     F
ObsPack input file          : ./obspack_input_for_testing.20190701.nc
ObsPack output file         : ./OutputDir/GEOSChem.ObsPack.YYYYMMDD_hhmmz.nc4

PLANEFLIGHT DIAGNOSTIC SETTINGS
-------------------------------
Turn on planeflight diag?   :     F
Flight track input file     : Planeflight.dat.YYYYMMDD
Output file name            : ./OutputDir/plane.log.YYYYMMDD

TIMESTEPS SETTINGS
------------------
Chemistry  Timestep [sec]   :   1200
Convection Timestep [sec]   :    600
Dynamics   Timestep [sec]   :    600
Emission   Timestep [sec]   :   1200
Unit Conv  Timestep [sec]   :    600
Diagnostic Timestep [sec]   :   1200
Radiation  Timestep [sec]   :  10800

%%%%%%%%%%%%%%% GLOBAL GRID %%%%%%%%%%%%%%%

Grid box longitude centers [degrees]: 
-180.00000 -175.00000 -170.00000 -165.00000 -160.00000 -155.00000 -150.00000
-145.00000 -140.00000 -135.00000 -130.00000 -125.00000 -120.00000 -115.00000
-110.00000 -105.00000 -100.00000  -95.00000  -90.00000  -85.00000  -80.00000
 -75.00000  -70.00000  -65.00000  -60.00000  -55.00000  -50.00000  -45.00000
 -40.00000  -35.00000  -30.00000  -25.00000  -20.00000  -15.00000  -10.00000
  -5.00000    0.00000    5.00000   10.00000   15.00000   20.00000   25.00000
  30.00000   35.00000   40.00000   45.00000   50.00000   55.00000   60.00000
  65.00000   70.00000   75.00000   80.00000   85.00000   90.00000   95.00000
 100.00000  105.00000  110.00000  115.00000  120.00000  125.00000  130.00000
 135.00000  140.00000  145.00000  150.00000  155.00000  160.00000  165.00000
 170.00000  175.00000

Grid box latitude centers [degrees]: 
 -89.00000  -86.00000  -82.00000  -78.00000  -74.00000  -70.00000  -66.00000
 -62.00000  -58.00000  -54.00000  -50.00000  -46.00000  -42.00000  -38.00000
 -34.00000  -30.00000  -26.00000  -22.00000  -18.00000  -14.00000  -10.00000
  -6.00000   -2.00000    2.00000    6.00000   10.00000   14.00000   18.00000
  22.00000   26.00000   30.00000   34.00000   38.00000   42.00000   46.00000
  50.00000   54.00000   58.00000   62.00000   66.00000   70.00000   74.00000
  78.00000   82.00000   86.00000   89.00000

%%%%%%%%%%%% USER-DEFINED GRID %%%%%%%%%%%%

  XMinOffset :            0
  XMaxOffset :           71
  YMinOffset :            0
  YMaxOffset :           45


Grid box longitude centers [degrees]: 
-180.00000 -175.00000 -170.00000 -165.00000 -160.00000 -155.00000 -150.00000
-145.00000 -140.00000 -135.00000 -130.00000 -125.00000 -120.00000 -115.00000
-110.00000 -105.00000 -100.00000  -95.00000  -90.00000  -85.00000  -80.00000
 -75.00000  -70.00000  -65.00000  -60.00000  -55.00000  -50.00000  -45.00000
 -40.00000  -35.00000  -30.00000  -25.00000  -20.00000  -15.00000  -10.00000
  -5.00000    0.00000    5.00000   10.00000   15.00000   20.00000   25.00000
  30.00000   35.00000   40.00000   45.00000   50.00000   55.00000   60.00000
  65.00000   70.00000   75.00000   80.00000   85.00000   90.00000   95.00000
 100.00000  105.00000  110.00000  115.00000  120.00000  125.00000  130.00000
 135.00000  140.00000  145.00000  150.00000  155.00000  160.00000  165.00000
 170.00000  175.00000

Grid box longitude edges [degrees]: 
-182.50000 -177.50000 -172.50000 -167.50000 -162.50000 -157.50000 -152.50000
-147.50000 -142.50000 -137.50000 -132.50000 -127.50000 -122.50000 -117.50000
-112.50000 -107.50000 -102.50000  -97.50000  -92.50000  -87.50000  -82.50000
 -77.50000  -72.50000  -67.50000  -62.50000  -57.50000  -52.50000  -47.50000
 -42.50000  -37.50000  -32.50000  -27.50000  -22.50000  -17.50000  -12.50000
  -7.50000   -2.50000    2.50000    7.50000   12.50000   17.50000   22.50000
  27.50000   32.50000   37.50000   42.50000   47.50000   52.50000   57.50000
  62.50000   67.50000   72.50000   77.50000   82.50000   87.50000   92.50000
  97.50000  102.50000  107.50000  112.50000  117.50000  122.50000  127.50000
 132.50000  137.50000  142.50000  147.50000  152.50000  157.50000  162.50000
 167.50000  172.50000  177.50000

Grid box latitude centers [degrees]: 
 -89.00000  -86.00000  -82.00000  -78.00000  -74.00000  -70.00000  -66.00000
 -62.00000  -58.00000  -54.00000  -50.00000  -46.00000  -42.00000  -38.00000
 -34.00000  -30.00000  -26.00000  -22.00000  -18.00000  -14.00000  -10.00000
  -6.00000   -2.00000    2.00000    6.00000   10.00000   14.00000   18.00000
  22.00000   26.00000   30.00000   34.00000   38.00000   42.00000   46.00000
  50.00000   54.00000   58.00000   62.00000   66.00000   70.00000   74.00000
  78.00000   82.00000   86.00000   89.00000

Grid box latitude edges [degrees]: 
 -90.00000  -88.00000  -84.00000  -80.00000  -76.00000  -72.00000  -68.00000
 -64.00000  -60.00000  -56.00000  -52.00000  -48.00000  -44.00000  -40.00000
 -36.00000  -32.00000  -28.00000  -24.00000  -20.00000  -16.00000  -12.00000
  -8.00000   -4.00000    0.00000    4.00000    8.00000   12.00000   16.00000
  20.00000   24.00000   28.00000   32.00000   36.00000   40.00000   44.00000
  48.00000   52.00000   56.00000   60.00000   64.00000   68.00000   72.00000
  76.00000   80.00000   84.00000   88.00000   90.00000

SIN( grid box latitude edges )
  -1.00000   -0.99939   -0.99452   -0.98481   -0.97030   -0.95106   -0.92718
  -0.89879   -0.86603   -0.82904   -0.78801   -0.74314   -0.69466   -0.64279
  -0.58779   -0.52992   -0.46947   -0.40674   -0.34202   -0.27564   -0.20791
  -0.13917   -0.06976    0.00000    0.06976    0.13917    0.20791    0.27564
   0.34202    0.40674    0.46947    0.52992    0.58779    0.64279    0.69466
   0.74314    0.78801    0.82904    0.86603    0.89879    0.92718    0.95106
   0.97030    0.98481    0.99452    0.99939    1.00000

===============================================================================
SPECIES NAMES AND INDICES

Name               ModelId  DryDepId  WetDepId  PhotolId HygGrthId  KppSpcId
-------------------------------------------------------------------------------
ACET                     1         1         -         1         -       295
ACTA                     2         2         1         -         -       283
ACR                      3         3         -         -         -       233
AERI                     4         4         2         -         -         4
ALD2                     5         5         3         2         -       326
ALK4                     6         -         -         -         -       142
ALK4N2                   7         6         4         -         -       279
ALK4P                    8         7         5         -         -       102
ALK6                     9         -         -         -         -        69
AONITA                  10         8         6         -         -         5
APAN                    11         9         7         -         -       126
APINP                   12        10         8         3         -       111
APINN                   13        11         9         -         -       137
AROMCHO                 14        12        10         -         -       146
AROMP4                  15        13        11         -         -       221
AROMP5                  16        14        12         -         -       201
AROMPN                  17        15        13         -         -       122
ATOOH                   18        16        14         4         -       244
BALD                    19        17        15         5         -       204
BCPI                    20        18        16         -         1         -
BCPO                    21        19        17         -         -         -
BENZ                    22         -         -         -         -       143
BENZP                   23        20        18         6         -       117
BPINO                   24        21        19         -         -       129
BPINN                   25        22        20         -         -       138
BPINP                   26        23        21         7         -       112
BPINOOH                 27        24        22         8         -       161
BPINON                  28        25        23         -         -       162
Br                      29         -         -         -         -       342
Br2                     30        26        24         9         -       148
BrCl                    31        27        25        10         -       157
BrNO2                   32         -         -        11         -        59
BrNO3                   33        28         -        12         -       218
BrO                     34         -         -        13         -       347
BrSALA                  35        29        26         -         -       349
BrSALC                  36        30        27         -         -       350
BUTDI                   37         -         -         -         -         6
BUTN                    38        31        28         -         -       127
BZCO3H                  39        32        29        14         -        71
BZPAN                   40        33        30         -         -        90
C96O2H                  41        34        31        15         -       160
C96N                    42        35        32         -         -       176
C2H2                    43         -         -         -         -        60
C2H4                    44         -         -         -         -       109
C2H6                    45         -         -         -         -       183
C3H8                    46         -         -         -         -       141
C4H6                    47         -         -         -         -       140
CCl4                    48         -         -        16         -        46
CFC11                   49         -         -        17         -        47
CFC113                  50         -         -        18         -        49
CFC114                  51         -         -        19         -        50
CFC115                  52         -         -        20         -        51
CFC12                   53         -         -        21         -        48
CH2Br2                  54         -         -        22         -        78
CH2Cl2                  55         -         -        23         -        79
CH2I2                   56         -         -        24         -         1
CH2IBr                  57         -         -        25         -         2
CH2ICl                  58         -         -        26         -         3
CH2O                    59        36        33        27         -       325
CH3Br                   60         -         -        28         -       105
CH3CCl3                 61         -         -        29         -        43
CH3Cl                   62         -         -        30         -       181
CH3I                    63         -         -        31         -        52
CH4                     64         -         -         -         -       228
CHBr3                   65         -         -        32         -        81
CHCl3                   66         -         -         -         -        75
Cl                      67         -         -         -         -       340
Cl2                     68        37         -        33         -       245
Cl2O2                   69         -         -        34         -        76
ClNO2                   70        38         -        35         -       297
ClNO3                   71        39         -        36         -       317
ClO                     72        40         -        37         -       338
ClOO                    73        41         -        38         -       110
CLOCK                   74         -         -         -         -         -
CO                      75         -         -         -         -       329
CSL                     76        42        34         -         -       158
DMS                     77         -         -         -         -        94
DSTbin1                 78        43        35         -         -         -
DSTbin2                 79        44        36         -         -         -
DSTbin3                 80        45        37         -         -         -
DSTbin4                 81        46        38         -         -         -
DSTbin5                 82        47        39         -         -         -
DSTbin6                 83        48        40         -         -         -
DSTbin7                 84        49        41         -         -         -
EBZ                     85         -         -         -         -       149
EOH                     86        50        42         -         -       156
ETHLN                   87        51        43        39         -       261
ETHN                    88        52        44         -         -        70
ETHP                    89        53        45        40         -       136
ETNO3                   90        54         -        41         -        83
ETP                     91        55        46        42         -       118
FURA                    92        56        47         -         -        41
GLYC                    93        57        48        43         -       306
GLYX                    94        58        49        44         -       270
HACTA                   95        59        50         -         -        72
H1211                   96         -         -        45         -        61
H1301                   97         -         -        46         -        53
H2402                   98         -         -        47         -        54
H2O                     99         -         -         -         -       336
H2O2                   100        60        51        48         -       264
HAC                    101        61        52        49         -       307
HBr                    102        62        53         -         -       352
HC5A                   103        63        54         -         -       238
HCFC123                104         -         -        50         -        84
HCFC141b               105         -         -        51         -        85
HCFC142b               106         -         -        52         -        86
HCFC22                 107         -         -        53         -        87
HCl                    108        64        55         -         -       339
HCOOH                  109        65        56         -         -       265
HI                     110        66        57         -         -        73
HMHP                   111        67        58        54         -        88
HMML                   112        68        59         -         -       107
HMS                    113        69        60         -         -        89
HNO2                   114         -         -        55         -       239
HNO3                   115        70        61        56         -       327
HNO4                   116         -         -        57         -       108
HOBr                   117        71        62        58         -       316
HOCl                   118        72        63        59         -       333
HOI                    119        73        64        60         -       330
HONIT                  120        74        65        61         -       154
HPALD1                 121        75         -        62         -       230
HPALD2                 122        76         -        63         -       231
HPALD3                 123        77         -        64         -       150
HPALD4                 124        78         -        65         -       144
HPETHNL                125        79        66        66         -       210
I                      126         -         -         -         -       331
I2                     127        80        67        67         -       170
I2O2                   128        81        68        68         -        44
I2O3                   129        82        69        69         -        55
I2O4                   130        83        70        70         -        42
IBr                    131        84        71        71         -        77
ICHE                   132        85        72         -         -       215
ICl                    133        86        73        72         -       104
ICN                    134        87        74        73         -       301
ICPDH                  135        88        75        74         -       258
IDC                    136        89         -         -         -       119
IDCHP                  137        90        76        75         -       147
IDHDP                  138        91        77        76         -       174
IDHPE                  139        92        78        77         -       198
IDN                    140        93        79        78         -       299
IEPOXA                 141        94        80         -         -       151
IEPOXB                 142        95        81         -         -       152
IEPOXD                 143        96        82         -         -       128
IHN1                   144        97        83        79         -       268
IHN2                   145        98        84        80         -       175
IHN3                   146        99        85        81         -       168
IHN4                   147       100        86        82         -       267
INDIOL                 148       101        87         -         -         8
INO                    149         -         -        83         -        62
INPB                   150       102        88        84         -       222
INPD                   151       103        89        85         -       186
IO                     152         -         -        86         -       284
IONITA                 153       104        90         -         -       103
IONO                   154       105        91        87         -       252
IONO2                  155       106        92        88         -       332
IPRNO3                 156       107         -        89         -        91
ISALA                  157       108        93         -         -         9
ISALC                  158       109        94         -         -        10
ISOP                   159         -         -         -         -       276
ITCN                   160       110        95        90         -       266
ITHN                   161       111        96        91         -       303
LIMAL                  162       112        97        92         -       255
LIMKB                  163       113        98         -         -       163
LIMKET                 164       114        99         -         -       237
LIMN                   165       115       100         -         -       211
LIMNB                  166       116       101         -         -       177
LIMO                   167       117       102         -         -       167
LIMO2H                 168       118       103        93         -       130
LIMO3H                 169       119       104        94         -       169
LIMPAN                 170       120       105         -         -        57
LVOC                   171       121       106         -         -        24
LVOCOA                 172       122       107         -         -        23
MACR                   173       123         -        95         -       309
MACR1OOH               174       124       108        96         -       159
MAP                    175       125       109        97         -        92
MCRDH                  176       126       110         -         -       153
MCRENOL                177       127       111        98         -       194
MCRHN                  178       128       112        99         -       248
MCRHNB                 179       129       113       100         -       216
MCRHP                  180       130       114       101         -       287
MCT                    181       131       115         -         -       202
MEK                    182         -       116       102         -       292
MEKPN                  183       132       117         -         -       113
MENO3                  184       133         -       103         -        93
MGLY                   185       134       118       104         -       294
MOH                    186       135       119         -         -       282
MONITA                 187       136       120         -         -        45
MONITS                 188       137       121       105         -       256
MONITU                 189       138       122       106         -       242
MP                     190         -       123       107         -       164
MPAN                   191       139       124         -         -       184
MPN                    192         -       125       108         -        80
MSA                    193       140       126         -         -        28
MTPA                   194       141       127         -         -       191
MTPO                   195       142       128         -         -       219
MVK                    196       143       129       109         -       314
MVKDH                  197       144       130         -         -       131
MVKHC                  198       145       131       110         -       208
MVKHCB                 199       146       132       111         -       227
MVKHP                  200       147       133       112         -       288
MVKN                   201       148       134       113         -       302
MVKPC                  202       149       135       114         -       185
MYRCO                  203       150       136         -         -       262
N2O                    204         -         -       115         -        63
N2O5                   205       151         -       116         -       214
NH3                    206       152       137         -         -         -
NH4                    207       153       138         -         -         -
NIT                    208       154       139       117         -        64
NITs                   209       155       140       118         -        65
NO                     210         -         -       119         -       346
NO2                    211       156         -       120         -       335
NO3                    212         -         -       121         -       351
NPHEN                  213       157       141       122         -       269
NPRNO3                 214       158         -       123         -        95
O3                     215       159         -       124         -       341
OClO                   216         -         -       125         -       120
OCPI                   217       160       142         -         2         -
OCPO                   218       161       143         -         -         -
OCS                    219         -         -       126         -        68
OIO                    220         -         -       127         -        96
PAN                    221       162       144       128         -       139
pFe                    222       163       145         -         -         -
PHAN                   223       164       146         -         -       114
PHEN                   224       165       147         -         -       195
PIN                    225       166       148         -         -       193
PINAL                  226       167       149       129         -       225
PINONIC                227       168       150       130         -        66
PINO3H                 228       169       151       131         -        74
PINPAN                 229       170       152         -         -        56
PIP                    230         -         -       132         -       229
PP                     231       171       153       133         -       123
PPN                    232       172       154       134         -       124
PROPNN                 233       173       155       135         -       247
PRPE                   234         -       156         -         -       290
PRPN                   235       174       157       136         -       125
PYAC                   236       175       158       137         -       115
R4N2                   237       176       159       138         -       251
R4P                    238       177       160       139         -        97
R7N2                   239       178       161         -         -       196
R7P                    240       179       162         -         -        98
RA3P                   241       180       163       140         -        99
RB3P                   242       181       164       141         -       100
RCHO                   243         -         -       142         -       298
RCOOH                  244       182       165         -         -       173
RIPA                   245       183       166       143         -       187
RIPB                   246       184       167       144         -       192
RIPC                   247       185       168       145         -       209
RIPD                   248       186       169       146         -       199
RNO3                   249       187       170         -         -       116
RP                     250       188       171       147         -       155
SALA                   251       189       172         -         3         -
SALAAL                 252       190       173         -         -       179
SALACL                 253       191       174         -         -       353
SALC                   254       192       175         -         4         -
SALCAL                 255       193       176         -         -       166
SALCCL                 256       194       177         -         -       344
SO2                    257       195       178         -         -       348
SO4                    258       196       179       148         5       134
SO4s                   259       197       180         -         -        29
SOAGX                  260       198       181         -         -        30
SOAIE                  261       199       182         -         -        31
SOAP                   262         -         -         -         -         -
SOAS                   263       200       183         -         -         -
STYR                   264         -         -         -         -       220
TLFUONE                265       201       184         -         -        58
TMB                    266         -         -         -         -       200
TOLU                   267         -         -         -         -        82
XYLE                   268         -         -         -         -       101
CO2                    269         -         -         -         -         7
LBRO2H                 270         -         -         -         -        11
LBRO2N                 271         -         -         -         -        12
BRO2                   272         -         -         -         -        13
LISOPOH                273         -         -         -         -        14
LISOPNO3               274         -         -         -         -        15
LNRO2H                 275         -         -         -         -        16
LNRO2N                 276         -         -         -         -        17
NRO2                   277         -         -         -         -        18
NAP                    278         -         -         -         -        19
LTRO2H                 279         -         -         -         -        20
LTRO2N                 280         -         -         -         -        21
TRO2                   281         -         -         -         -        22
LXRO2H                 282         -         -         -         -        25
LXRO2N                 283         -         -         -         -        26
XRO2                   284         -         -         -         -        27
PH2SO4                 285         -         -         -         -        32
PSO4AQ                 286         -         -         -         -        33
POx                    287         -         -         -         -        34
LOx                    288         -         -         -         -        35
PCO                    289         -         -         -         -        36
LCO                    290         -         -         -         -        37
PSO4                   291         -         -         -         -        38
LCH4                   292         -         -         -         -        39
PH2O2                  293         -         -         -         -        40
N                      294         -         -         -         -        67
ETO                    295         -         -         -         -       106
TLFUO2                 296         -         -         -         -       121
ACRO2                  297         -         -         -         -       132
HPALD1OO               298         -         -         -         -       133
HPALD2OO               299         -         -         -         -       135
INA                    300         -         -         -         -       145
R7N1                   301         -         -         -         -       165
C4HVP1                 302         -         -         -         -       171
C4HVP2                 303         -         -         -         -       172
R7O2                   304         -         -         -         -       178
IDNOO                  305         -         -         -         -       180
ICNOO                  306         -         -         -         -       182
ROH                    307         -         -         -         -       188
ZRO2                   308         -         -         -         -       189
ISOPNOO2               309         -         -         -         -       190
ACO3                   310         -         -         -         -       197
BENZO                  311         -         -         -         -       203
ISOPNOO1               312         -         -         -         -       205
IDHNDOO1               313         -         -         -         -       206
IDHNDOO2               314         -         -         -         -       207
BUTO2                  315         -         -         -         -       212
GCO3                   316         -         -         -         -       213
H                      317         -         -         -         -       217
IHPOO1                 318         -         -         -         -       223
IHPOO2                 319         -         -         -         -       224
IHPNDOO                320         -         -         -         -       226
IHPOO3                 321         -         -         -         -       232
ETOO                   322         -         -         -         -       234
BZCO3                  323         -         -         -         -       235
BENZO2                 324         -         -         -         -       236
AROMCO3                325         -         -         -         -       240
CH3CHOO                326         -         -         -         -       241
ICHOO                  327         -         -         -         -       243
MEKCO3                 328         -         -         -         -       246
ALK4N1                 329         -         -         -         -       249
PRN1                   330         -         -         -         -       250
MCROHOO                331         -         -         -         -       253
MVKOHOO                332         -         -         -         -       254
PINO3                  333         -         -         -         -       257
MACR1OO                334         -         -         -         -       259
PO2                    335         -         -         -         -       260
AROMRO2                336         -         -         -         -       263
IHPNBOO                337         -         -         -         -       271
LIMKO2                 338         -         -         -         -       272
BPINOO2                339         -         -         -         -       273
LIMO3                  340         -         -         -         -       274
BPINO2                 341         -         -         -         -       275
APINO2                 342         -         -         -         -       277
C96O2                  343         -         -         -         -       278
OLNN                   344         -         -         -         -       280
LIMO2                  345         -         -         -         -       281
IEPOXBOO               346         -         -         -         -       285
IEPOXAOO               347         -         -         -         -       286
OLND                   348         -         -         -         -       289
PIO2                   349         -         -         -         -       291
IDHNBOO                350         -         -         -         -       293
ETO2                   351         -         -         -         -       296
ALK4O2                 352         -         -         -         -       300
IHOO4                  353         -         -         -         -       304
IHOO1                  354         -         -         -         -       305
MACRNO2                355         -         -         -         -       308
INO2B                  356         -         -         -         -       310
INO2D                  357         -         -         -         -       311
CH2OO                  358         -         -         -         -       312
ATO2                   359         -         -         -         -       313
OTHRO2                 360         -         -         -         -       315
R4N1                   361         -         -         -         -       318
R4O2                   362         -         -         -         -       319
KO2                    363         -         -         -         -       320
A3O2                   364         -         -         -         -       321
RCO3                   365         -         -         -         -       322
B3O2                   366         -         -         -         -       323
MCO3                   367         -         -         -         -       324
MO2                    368         -         -         -         -       328
O1D                    369         -         -         -         -       334
HO2                    370         -         -       149         -       337
O                      371         -         -         -         -       343
OH                     372         -         -         -         -       345
H2                     373         -         -         -         -       354
N2                     374         -         -         -         -       355
O2                     375         -         -       150         -       356
===============================================================================
===============================================================================
V E R T I C A L   G R I D   S E T U P

INIT_PRESSURE: Vertical coordinates!

Ap 
   0.000000    0.048048    6.593752   13.134800   19.613110   26.092010
  32.570810   38.982010   45.339010   51.696110   58.053210   64.362640
  70.621980   78.834220   89.099920   99.365210  109.181700  118.958600
 128.695900  142.910000  156.260000  169.609000  181.619000  193.097000
 203.259000  212.150000  218.776000  223.898000  224.363000  216.865000
 201.192000  176.930000  150.393000  127.837000  108.663000   92.365720
  78.512310   66.603410   56.387910   47.643910   40.175410   33.810010
  28.367810   23.730410   19.791600   16.457100   13.643400   11.276900
   9.292942    7.619842    6.216801    5.046801    4.076571    3.276431
   2.620211    2.084970    1.650790    1.300510    1.019440    0.795134
   0.616779    0.475806    0.365041    0.278526    0.211349    0.159495
   0.119703    0.089345    0.066000    0.047585    0.032700    0.020000
   0.010000

Bp 
   1.000000    0.984952    0.963406    0.941865    0.920387    0.898908
   0.877429    0.856018    0.834661    0.813304    0.791947    0.770637
   0.749378    0.721166    0.685900    0.650635    0.615818    0.581041
   0.546304    0.494590    0.443740    0.392891    0.343381    0.294403
   0.246741    0.200350    0.156224    0.113602    0.063720    0.028010
   0.006960    0.000000    0.000000    0.000000    0.000000    0.000000
   0.000000    0.000000    0.000000    0.000000    0.000000    0.000000
   0.000000    0.000000    0.000000    0.000000    0.000000    0.000000
   0.000000    0.000000    0.000000    0.000000    0.000000    0.000000
   0.000000    0.000000    0.000000    0.000000    0.000000    0.000000
   0.000000    0.000000    0.000000    0.000000    0.000000    0.000000
   0.000000    0.000000    0.000000    0.000000    0.000000    0.000000
   0.000000
===============================================================================
READ_DRYDEP_INPUTS: Opening /projects/b56h/ExtData/CHEM_INPUTS/Olson_Land_Map_201203/Olson_2001_Drydep_Inputs.nc
PHOTOLYSIS (RD_AOD): Opening /projects/b56h/ExtData//CHEM_INPUTS/Aerosol_Optics/v2025-03//so4.dat
 so4 RRTMG LUT interpolated from GADS (DAR 09/2013)                            
 V0.1 - contains Fast-J wavelengths but is the same as the original jv_spec.dat
PHOTOLYSIS (RD_AOD): Opening /projects/b56h/ExtData//CHEM_INPUTS/Aerosol_Optics/v2025-03//soot.dat
 soot RRTMG LUT interpolated from GADS (DAR 09/2013)                           
 V0.1 - contains Fast-J wavelengths but is the same as the original jv_spec.dat
PHOTOLYSIS (RD_AOD): Opening /projects/b56h/ExtData//CHEM_INPUTS/Aerosol_Optics/v2025-03//org.dat
  org RRTMG LUT interpolated from GADS (DAR 09/2013)                           
 V0.1 - contains Fast-J wavelengths but is the same as the original jv_spec.dat
PHOTOLYSIS (RD_AOD): Opening /projects/b56h/ExtData//CHEM_INPUTS/Aerosol_Optics/v2025-03//ssa.dat
 ssa RRTMG LUT interpolated from GADS (DAR 09/2013)                            
 V0.1 - contains Fast-J wavelengths but is the same as the original jv_spec.dat
PHOTOLYSIS (RD_AOD): Opening /projects/b56h/ExtData//CHEM_INPUTS/Aerosol_Optics/v2025-03//ssc.dat
 ssc RRTMG LUT interpolated from GADS (DAR 09/2013)                            
 V0.1 - contains Fast-J wavelengths but is the same as the original jv_spec.dat
PHOTOLYSIS (RD_AOD): Opening /projects/b56h/ExtData//CHEM_INPUTS/Aerosol_Optics/v2025-03//h2so4.dat
 h2so4 RRTMG LUT interpolated from GADS (DAR 09/2013)                          
 V0.1 - contains Fast-J wavelengths but is the same as the original jv_spec.dat
PHOTOLYSIS (RD_AOD): Opening /projects/b56h/ExtData//CHEM_INPUTS/Aerosol_Optics/v2025-03//h2so4.dat
 h2so4 RRTMG LUT interpolated from GADS (DAR 09/2013)                          
 V0.1 - contains Fast-J wavelengths but is the same as the original jv_spec.dat
PHOTOLYSIS (RD_AOD): Opening /projects/b56h/ExtData//CHEM_INPUTS/Aerosol_Optics/v2025-03//dust.dat
 dust RRTMG LUT interpolated from GADS (RVM and IS 03/2025).Updated for spheroi
 V0.1 - contains Fast-J wavelengths but is the same as the original jv_spec.dat
Wavelength optics read successfully
 N WAVELENGTHS:            1
 WAVELENGTH REQUESTED:   550.00000000000000     
 WAVELENGTH REQUIRED:           1
 *********************************
KPP standalone interface was manually disabled
LINOZ (LINOZ_READ): Opening /projects/b56h/ExtData/CHEM_INPUTS/Linoz_200910/Linoz_March2007.dat
HISTORY (INIT): Opening ./HISTORY.rc

===============================================================================
DEFINED DIAGNOSTIC COLLECTIONS:
===============================================================================
 Collection        Restart
   -> FileName     ./Restarts/GEOSChem.Restart.%y4%m2%d2_%h2%n2z.nc4
   -> Frequency    00000100000000
   -> Duration     00000100000000
   -> Mode         instantaneous
 Collection        Metrics
   -> FileName     OutputDir/GEOSChem.Metrics.%y4%m2%d2_%h2%n2z.nc4
   -> Frequency    End
   -> Duration     End
   -> Mode         time-averaged
 Collection        SpeciesConc
   -> FileName     OutputDir/GEOSChem.SpeciesConc.%y4%m2%d2_%h2%n2z.nc4
   -> Frequency    00000100000000
   -> Duration     00000100000000
   -> Mode         time-averaged
===============================================================================

%%%%%%%%%%%%%%%%%%%%%%%%%%%%%%%%%%%%%%%%%%%%%%%%%%%%%%%%%%%%%%%%%%%%%%%%%%%%%%%
%%%%%               HEMCO: Harmonized Emissions Component                 %%%%%
%%%%%               You are using HEMCO version 3.12.1                    %%%%%
%%%%%%%%%%%%%%%%%%%%%%%%%%%%%%%%%%%%%%%%%%%%%%%%%%%%%%%%%%%%%%%%%%%%%%%%%%%%%%%
  
Reading settings & switches of HEMCO configuration file: HEMCO_Config.rc

HEMCO verbose output is OFF
  
Reading fields of HEMCO configuration file: HEMCO_Config.rc
  
Reading entire HEMCO configuration file: HEMCO_Config.rc.gmao_metfields
-------------------------------------------------------------------------------
Using HEMCO extension: ParaNOx (ship emission plumes)
    - Use the following species: (MW, emitted as HEMCO ID)
     NO  : 30.01  210
     NO2 : 46.01  211
     O3  : 48.00  215
     HNO3: 63.01  115
HEMCO (PARANOX): Opening /projects/b56h/ExtData//HEMCO/PARANOX/v2015-02/ship_plume_lut_02ms.nc
HEMCO (PARANOX): Opening /projects/b56h/ExtData//HEMCO/PARANOX/v2015-02/ship_plume_lut_02ms.nc
HEMCO (PARANOX): Opening /projects/b56h/ExtData//HEMCO/PARANOX/v2015-02/ship_plume_lut_06ms.nc
HEMCO (PARANOX): Opening /projects/b56h/ExtData//HEMCO/PARANOX/v2015-02/ship_plume_lut_06ms.nc
HEMCO (PARANOX): Opening /projects/b56h/ExtData//HEMCO/PARANOX/v2015-02/ship_plume_lut_10ms.nc
HEMCO (PARANOX): Opening /projects/b56h/ExtData//HEMCO/PARANOX/v2015-02/ship_plume_lut_10ms.nc
HEMCO (PARANOX): Opening /projects/b56h/ExtData//HEMCO/PARANOX/v2015-02/ship_plume_lut_14ms.nc
HEMCO (PARANOX): Opening /projects/b56h/ExtData//HEMCO/PARANOX/v2015-02/ship_plume_lut_14ms.nc
HEMCO (PARANOX): Opening /projects/b56h/ExtData//HEMCO/PARANOX/v2015-02/ship_plume_lut_18ms.nc
HEMCO (PARANOX): Opening /projects/b56h/ExtData//HEMCO/PARANOX/v2015-02/ship_plume_lut_18ms.nc
HEMCO (LIGHTNOX): Opening /projects/b56h/ExtData//HEMCO/LIGHTNOX/v2014-07/light_dist.ott2010.dat
HEMCO (LIGHTNOX): Opening /projects/b56h/ExtData//HEMCO/LIGHTNOX/v2014-07/light_dist.ott2010.dat
Using HEMCO extension: LightNOx (lightning NOx emissions
  - Use species NO->         210
  - Use GEOS-5 flash rates:  F
  - Use scalar scale factor:    1.00000000
  - Use gridded scale field: none
-------------------------------------------------------------------------------
Using HEMCO extension: Volcano (volcanic SO2 emissions)
 - use the following species (Name, HcoID, Scaling relative to kgS):
 SO2,          257 ,    2.00125003
 Apply scale field: none
  - Emissions data source is AeroCom
  - Emit eruptive emissions as category           51
  - Emit degassing emissions as category           52
Using HEMCO extension: SeaFlux (air-sea flux emissions)
   - Use species:
    - DMS          77
    - ACET           1
    - MOH         186
    - ALD2           5
    - MENO3         184
    - ETNO3          90
-------------------------------------------------------------------------------
Using HEMCO extension: GFED (biomass burning)
    - Use GFED-4              :  T
    - Use daily scale factors :  F
    - Use hourly scale factors:  F
    - Hydrophilic OC fraction :   0.500000000
    - Hydrophilic BC fraction :   0.200000003
    - POG1 fraction           :   0.490000010
    - SOAP fraction           :    1.30000003E-02
   - Emit GFED species NO     as model species NO
      --> Will use scale factor:    1.00000000
      --> Will use scale field : none
   - Emit GFED species CO     as model species CO
      --> Will use scale factor:    1.04999995
      --> Will use scale field : none
   - Emit GFED species ALK4     as model species ALK4
      --> Will use scale factor:    1.00000000
      --> Will use scale field : none
   - Emit GFED species ACET     as model species ACET
      --> Will use scale factor:    1.00000000
      --> Will use scale field : none
   - Emit GFED species MEK     as model species MEK
      --> Will use scale factor:    1.00000000
      --> Will use scale field : none
   - Emit GFED species ALD2     as model species ALD2
      --> Will use scale factor:    1.00000000
      --> Will use scale field : none
   - Emit GFED species PRPE     as model species PRPE
      --> Will use scale factor:    1.00000000
      --> Will use scale field : none
   - Emit GFED species C2H2     as model species C2H2
      --> Will use scale factor:    1.00000000
      --> Will use scale field : none
   - Emit GFED species C2H4     as model species C2H4
      --> Will use scale factor:    1.00000000
      --> Will use scale field : none
   - Emit GFED species C3H8     as model species C3H8
      --> Will use scale factor:    1.00000000
      --> Will use scale field : none
   - Emit GFED species CH2O     as model species CH2O
      --> Will use scale factor:    1.00000000
      --> Will use scale field : none
   - Emit GFED species C2H6     as model species C2H6
      --> Will use scale factor:    1.00000000
      --> Will use scale field : none
   - Emit GFED species SO2     as model species SO2
      --> Will use scale factor:    1.00000000
      --> Will use scale field : none
   - Emit GFED species NH3     as model species NH3
      --> Will use scale factor:    1.00000000
      --> Will use scale field : none
   - Emit GFED species BC     as model species BCPO
      --> Will use scale factor:    1.00000000
      --> Will use scale field : none
   - Emit GFED species BC     as model species BCPI
      --> Will use scale factor:    1.00000000
      --> Will use scale field : none
   - Emit GFED species OC     as model species OCPO
      --> Will use scale factor:    1.00000000
      --> Will use scale field : none
   - Emit GFED species OC     as model species OCPI
      --> Will use scale factor:    1.00000000
      --> Will use scale field : none
   - Emit GFED species MTPA     as model species MTPA
      --> Will use scale factor:    1.00000000
      --> Will use scale field : none
   - Emit GFED species BENZ     as model species BENZ
      --> Will use scale factor:    1.00000000
      --> Will use scale field : none
   - Emit GFED species TOLU     as model species TOLU
      --> Will use scale factor:    1.00000000
      --> Will use scale field : none
   - Emit GFED species XYLE     as model species XYLE
      --> Will use scale factor:    1.00000000
      --> Will use scale field : none
   - Emit GFED species EOH     as model species EOH
      --> Will use scale factor:    1.00000000
      --> Will use scale field : none
   - Emit GFED species MOH     as model species MOH
      --> Will use scale factor:    1.00000000
      --> Will use scale field : none
   - Emit GFED species SOAP     as model species SOAP
      --> Will use scale factor:    1.00000000
      --> Will use scale field : none
   - Emit GFED species FURA     as model species FURA
      --> Will use scale factor:    1.00000000
      --> Will use scale field : none
   - Emit GFED species PHEN     as model species PHEN
      --> Will use scale factor:    1.00000000
      --> Will use scale field : none
   - Emit GFED species MVK     as model species MVK
      --> Will use scale factor:    1.00000000
      --> Will use scale field : none
   - Emit GFED species ISOP     as model species ISOP
      --> Will use scale factor:    1.00000000
      --> Will use scale field : none
   - Emit GFED species ACTA     as model species ACTA
      --> Will use scale factor:    1.00000000
      --> Will use scale field : none
   - Emit GFED species MGLY     as model species MGLY
      --> Will use scale factor:    1.00000000
      --> Will use scale field : none
   - Emit GFED species GLYX     as model species GLYX
      --> Will use scale factor:    1.00000000
      --> Will use scale field : none
   - Emit GFED species RCHO     as model species RCHO
      --> Will use scale factor:    1.00000000
      --> Will use scale field : none
   - Emit GFED species HCOOH     as model species HCOOH
      --> Will use scale factor:    1.00000000
      --> Will use scale field : none
   - Emit GFED species ACR     as model species ACR
      --> Will use scale factor:    1.00000000
      --> Will use scale field : none
   - Emit GFED species STYR     as model species STYR
      --> Will use scale factor:    1.00000000
      --> Will use scale field : none
   - Emit GFED species C4H6     as model species C4H6
      --> Will use scale factor:    1.00000000
      --> Will use scale field : none
-------------------------------------------------------------------------------
Using HEMCO extension: Inorg_Iodine (HOI and I2 emissions)
 HOI: HOI         119
 I2: I2         127
HEMCO: Opening /projects/b56h/ExtData//HEMCO/XIAO/v2014-09/C3H8_C2H6_ngas.geos.1x1.nc
HEMCO: Opening /projects/b56h/ExtData//HEMCO/BIOFUEL/v2019-08/biofuel.geos.2x25.nc
HEMCO: Opening /projects/b56h/ExtData//HEMCO/BROMINE/v2015-02/Bromocarb_Liang2010.nc
HEMCO: Opening /projects/b56h/ExtData//HEMCO/ACET/v2014-07/ACET_seawater.generic.1x1.nc
HEMCO: Opening /projects/b56h/ExtData//HEMCO/MOH/v2019-12/MOH_seawater.low.kgCm3.generic.1x1.nc
HEMCO: Opening /projects/b56h/ExtData//GEOS_4x5/MERRA2/2015/01/MERRA2.20150101.CN.4x5.nc4
HEMCO: Opening ./Restarts/GEOSChem.Restart.20190701_0000z.nc4
HEMCO: Opening /projects/b56h/ExtData//HEMCO/OLSON_MAP/v2019-02/Olson_2001_Land_Type_Masks.025x025.generic.nc
HEMCO: Opening /projects/b56h/ExtData//HEMCO/SfcFix/v2019-12/surface_VMR_OCS.2x25.nc
HEMCO: Opening /projects/b56h/ExtData//HEMCO/SfcFix/v2019-12/surface_VMR_H2.2x25.nc
HEMCO: Opening /projects/b56h/ExtData//HEMCO/OCEAN_O3_DRYDEP/v2020-02/WOA_2013_salinity.nc
HEMCO: Opening /projects/b56h/ExtData//HEMCO/AnnualScalar/v2014-07/AnnualScalar.geos.1x1.nc
HEMCO: Opening /projects/b56h/ExtData//HEMCO/EDGARv42/v2015-02/NO/EDGAR_hourly_NOxScal.nc
HEMCO: Opening /projects/b56h/ExtData//HEMCO/VerticalScaleFactors/v2021-05/gc_layers.nc
HEMCO: Opening /projects/b56h/ExtData//HEMCO/MASKS/v2018-09/China_mask.generic.1x1.nc
HEMCO: Opening /projects/b56h/ExtData//HEMCO/MASKS/v2019-05/India_mask.generic.1x1.nc
HEMCO: Opening /projects/b56h/ExtData//HEMCO/AnnualScalar/v2014-07/AnnualScalar.geos.1x1.nc
HEMCO: Opening /projects/b56h/ExtData//HEMCO/CEDS/v2024-06/2019/CEDS_NO_0.1x0.1_2019.nc
HEMCO: Opening /projects/b56h/ExtData//HEMCO/CEDS/v2024-06/2019/CEDS_CO_0.1x0.1_2019.nc
HEMCO: Opening /projects/b56h/ExtData//HEMCO/CEDS/v2024-06/2019/CEDS_SO2_0.1x0.1_2019.nc
HEMCO: Opening /projects/b56h/ExtData//HEMCO/CEDS/v2024-06/2019/CEDS_NH3_0.1x0.1_2019.nc
HEMCO: Opening /projects/b56h/ExtData//HEMCO/CEDS/v2024-06/2019/CEDS_BC_0.1x0.1_2019.nc
HEMCO: Opening /projects/b56h/ExtData//HEMCO/CEDS/v2024-06/2019/CEDS_OC_0.1x0.1_2019.nc
HEMCO: Opening /projects/b56h/ExtData//HEMCO/CEDS/v2024-06/2019/CEDS_EOH_0.1x0.1_2019.nc
HEMCO: Opening /projects/b56h/ExtData//HEMCO/CEDS/v2024-06/2019/CEDS_ALK4_butanes_0.1x0.1_2019.nc
HEMCO: Opening /projects/b56h/ExtData//HEMCO/CEDS/v2024-06/2019/CEDS_ALK4_pentanes_0.1x0.1_2019.nc
HEMCO: Opening /projects/b56h/ExtData//HEMCO/CEDS/v2024-06/2019/CEDS_ALK4_hexanes_0.1x0.1_2019.nc
HEMCO: Opening /projects/b56h/ExtData//HEMCO/CEDS/v2024-06/2019/CEDS_C2H4_0.1x0.1_2019.nc
HEMCO: Opening /projects/b56h/ExtData//HEMCO/CEDS/v2024-06/2019/CEDS_PRPE_0.1x0.1_2019.nc
HEMCO: Opening /projects/b56h/ExtData//HEMCO/CEDS/v2024-06/2019/CEDS_C2H2_0.1x0.1_2019.nc
HEMCO: Opening /projects/b56h/ExtData//HEMCO/CEDS/v2024-06/2019/CEDS_BENZ_0.1x0.1_2019.nc
HEMCO: Opening /projects/b56h/ExtData//HEMCO/CEDS/v2024-06/2019/CEDS_TOLU_0.1x0.1_2019.nc
HEMCO: Opening /projects/b56h/ExtData//HEMCO/CEDS/v2024-06/2019/CEDS_XYLE_0.1x0.1_2019.nc
HEMCO: Opening /projects/b56h/ExtData//HEMCO/CEDS/v2024-06/2019/CEDS_CH2O_0.1x0.1_2019.nc
HEMCO: Opening /projects/b56h/ExtData//HEMCO/CEDS/v2024-06/2019/CEDS_ALD2_0.1x0.1_2019.nc
HEMCO: Opening /projects/b56h/ExtData//HEMCO/CEDS/v2024-06/2019/CEDS_MEK_0.1x0.1_2019.nc
HEMCO: Opening /projects/b56h/ExtData//HEMCO/CEDS/v2024-06/2019/CEDS_HCOOH_0.1x0.1_2019.nc
HEMCO: Opening /projects/b56h/ExtData//HEMCO/CEDS/v2021-06/2019/TMB-em-anthro_CMIP_CEDS_2019.nc
HEMCO: Opening /projects/b56h/ExtData//HEMCO/CEDS/v2021-06/2019/OTHER_VOC-em-anthro_CMIP_CEDS_2019.nc
HEMCO: Opening /projects/b56h/ExtData//HEMCO/NH3/v2019-08/NH3_geos.2x25.nc
HEMCO: Opening /projects/b56h/ExtData//HEMCO/NH3/v2018-04/NH3_Arctic_seabirds.nc
HEMCO: Opening /projects/b56h/ExtData//HEMCO/C2H6_2010/v2019-06/C2H6_global_anth_biof.201007.2x25.nc
HEMCO: Opening /projects/b56h/ExtData//HEMCO/IODINE/v2020-02/CH3I_monthly_emissions_Ordonez_2012_COARDS.nc
HEMCO: Opening /projects/b56h/ExtData//HEMCO/IODINE/v2020-02/CH2I2_monthly_emissions_Ordonez_2012_COARDS.nc
HEMCO: Opening /projects/b56h/ExtData//HEMCO/IODINE/v2020-02/CH2ICl_monthly_emissions_Ordonez_2012_COARDS.nc
HEMCO: Opening /projects/b56h/ExtData//HEMCO/IODINE/v2020-02/CH2IBr_monthly_emissions_Ordonez_2012_COARDS.nc
HEMCO: Opening /projects/b56h/ExtData//HEMCO/GT_Chlorine/v2024-05/GT_Chlorine_01_01_2014_V1.0.0.nc
HEMCO: Opening /projects/b56h/ExtData//HEMCO/CEDS/v2024-06/2019/CEDS_CO_0.1x0.1_2019.nc
HEMCO: Opening /projects/b56h/ExtData//HEMCO/CEDS/v2024-06/2019/CEDS_SO2_0.1x0.1_2019.nc
HEMCO: Opening /projects/b56h/ExtData//HEMCO/CEDS/v2024-06/2019/CEDS_NH3_0.1x0.1_2019.nc
HEMCO: Opening /projects/b56h/ExtData//HEMCO/CEDS/v2024-06/2019/CEDS_BC_0.1x0.1_2019.nc
HEMCO: Opening /projects/b56h/ExtData//HEMCO/CEDS/v2024-06/2019/CEDS_OC_0.1x0.1_2019.nc
HEMCO: Opening /projects/b56h/ExtData//HEMCO/CEDS/v2024-06/2019/CEDS_EOH_0.1x0.1_2019.nc
HEMCO: Opening /projects/b56h/ExtData//HEMCO/CEDS/v2024-06/2019/CEDS_C2H6_0.1x0.1_2019.nc
HEMCO: Opening /projects/b56h/ExtData//HEMCO/CEDS/v2024-06/2019/CEDS_C3H8_0.1x0.1_2019.nc
HEMCO: Opening /projects/b56h/ExtData//HEMCO/CEDS/v2024-06/2019/CEDS_ALK4_butanes_0.1x0.1_2019.nc
HEMCO: Opening /projects/b56h/ExtData//HEMCO/CEDS/v2024-06/2019/CEDS_ALK4_pentanes_0.1x0.1_2019.nc
HEMCO: Opening /projects/b56h/ExtData//HEMCO/CEDS/v2024-06/2019/CEDS_ALK4_hexanes_0.1x0.1_2019.nc
HEMCO: Opening /projects/b56h/ExtData//HEMCO/CEDS/v2024-06/2019/CEDS_C2H4_0.1x0.1_2019.nc
HEMCO: Opening /projects/b56h/ExtData//HEMCO/CEDS/v2024-06/2019/CEDS_PRPE_0.1x0.1_2019.nc
HEMCO: Opening /projects/b56h/ExtData//HEMCO/CEDS/v2024-06/2019/CEDS_C2H2_0.1x0.1_2019.nc
HEMCO: Opening /projects/b56h/ExtData//HEMCO/CEDS/v2024-06/2019/CEDS_BENZ_0.1x0.1_2019.nc
HEMCO: Opening /projects/b56h/ExtData//HEMCO/CEDS/v2024-06/2019/CEDS_TOLU_0.1x0.1_2019.nc
HEMCO: Opening /projects/b56h/ExtData//HEMCO/CEDS/v2024-06/2019/CEDS_XYLE_0.1x0.1_2019.nc
HEMCO: Opening /projects/b56h/ExtData//HEMCO/CEDS/v2024-06/2019/CEDS_CH2O_0.1x0.1_2019.nc
HEMCO: Opening /projects/b56h/ExtData//HEMCO/CEDS/v2024-06/2019/CEDS_ALD2_0.1x0.1_2019.nc
HEMCO: Opening /projects/b56h/ExtData//HEMCO/CEDS/v2024-06/2019/CEDS_MEK_0.1x0.1_2019.nc
HEMCO: Opening /projects/b56h/ExtData//HEMCO/CEDS/v2024-06/2019/CEDS_HCOOH_0.1x0.1_2019.nc
HEMCO: Opening /projects/b56h/ExtData//HEMCO/CEDS/v2021-06/2019/TMB-em-anthro_CMIP_CEDS_2019.nc
HEMCO: Opening /projects/b56h/ExtData//HEMCO/CEDS/v2021-06/2019/OTHER_VOC-em-anthro_CMIP_CEDS_2019.nc
HEMCO: Opening /projects/b56h/ExtData//HEMCO/CEDS/v2024-06/2019/CEDS_NO_0.1x0.1_2019.nc
HEMCO: Opening /projects/b56h/ExtData//HEMCO/AEIC2019/v2022-03/2019_monmean/AEIC_monmean_201907.0.5x0.625.36L.nc
HEMCO: Opening /projects/b56h/ExtData//HEMCO/ALD2/v2017-03/resp.geos.2x25.nc
HEMCO: Opening /projects/b56h/ExtData//HEMCO/AFCID/v2018-04/PM25FINE_ECLIPSE_2015.geos.2x25.nc
HEMCO: Opening /projects/b56h/ExtData//HEMCO/AFCID/v2018-04/PM25FINE_MEIC_2012.generic.025x025.nc
HEMCO: Opening /projects/b56h/ExtData//HEMCO/AFCID/v2018-04/PM25FINE_IITB_2013.generic.025x025.nc
HEMCO: Opening /projects/b56h/ExtData//HEMCO/DMS/v2015-07/DMS_lana.geos.1x1.nc
HEMCO: Opening /projects/b56h/ExtData//HEMCO/ALD2/v2017-03/ALD2_seawater.geos.2x25.nc
HEMCO: Opening /projects/b56h/ExtData//HEMCO/RONO2/v2019-05/RONO2_seawater.geos.2x25.nc
HEMCO: Opening /projects/b56h/ExtData//HEMCO/GFED4/v2023-03/2019/GFED4_gen.025x025.201907.nc
HEMCO: Opening /projects/b56h/ExtData//HEMCO/TIMEZONES/v2024-02/timezones_vohra_2017_0.1x0.1.nc
HEMCO: Opening /projects/b56h/ExtData//HEMCO/UVALBEDO/v2019-06/uvalbedo.geos.2x25.nc
HEMCO: Opening /projects/b56h/ExtData//HEMCO/STRAT/v2015-01/Bry/GEOSCCM_Bry.200707.day.nc
HEMCO: Opening /projects/b56h/ExtData//HEMCO/STRAT/v2015-01/Bry/GEOSCCM_Bry.200707.night.nc
HEMCO: Opening /projects/b56h/ExtData//HEMCO/GMI/v2015-02/gmi.clim.OH.geos5.2x25.nc
HEMCO: Opening /projects/b56h/ExtData//HEMCO/GMI/v2015-02/gmi.clim.ACET.geos5.2x25.nc
HEMCO: Opening /projects/b56h/ExtData//HEMCO/GMI/v2015-02/gmi.clim.ACTA.geos5.2x25.nc
HEMCO: Opening /projects/b56h/ExtData//HEMCO/GMI/v2015-02/gmi.clim.ALD2.geos5.2x25.nc
HEMCO: Opening /projects/b56h/ExtData//HEMCO/GMI/v2015-02/gmi.clim.ALK4.geos5.2x25.nc
HEMCO: Opening /projects/b56h/ExtData//HEMCO/GMI/v2015-02/gmi.clim.C2H6.geos5.2x25.nc
HEMCO: Opening /projects/b56h/ExtData//HEMCO/GMI/v2015-02/gmi.clim.C3H8.geos5.2x25.nc
HEMCO: Opening /projects/b56h/ExtData//HEMCO/GMI/v2015-02/gmi.clim.CCl4.geos5.2x25.nc
HEMCO: Opening /projects/b56h/ExtData//HEMCO/GMI/v2015-02/gmi.clim.CF2Cl2.geos5.2x25.nc
HEMCO: Opening /projects/b56h/ExtData//HEMCO/GMI/v2015-02/gmi.clim.CF2ClBr.geos5.2x25.nc
HEMCO: Opening /projects/b56h/ExtData//HEMCO/GMI/v2015-02/gmi.clim.CFC113.geos5.2x25.nc
HEMCO: Opening /projects/b56h/ExtData//HEMCO/GMI/v2015-02/gmi.clim.CFC114.geos5.2x25.nc
HEMCO: Opening /projects/b56h/ExtData//HEMCO/GMI/v2015-02/gmi.clim.CFC115.geos5.2x25.nc
HEMCO: Opening /projects/b56h/ExtData//HEMCO/GMI/v2015-02/gmi.clim.CFCl3.geos5.2x25.nc
HEMCO: Opening /projects/b56h/ExtData//HEMCO/GMI/v2015-02/gmi.clim.CH2O.geos5.2x25.nc
HEMCO: Opening /projects/b56h/ExtData//HEMCO/GMI/v2015-02/gmi.clim.CH3CCl3.geos5.2x25.nc
HEMCO: Opening /projects/b56h/ExtData//HEMCO/GMI/v2015-02/gmi.clim.CH3Cl.geos5.2x25.nc
HEMCO: Opening /projects/b56h/ExtData//HEMCO/GMI/v2015-02/gmi.clim.CH4.geos5.2x25.nc
HEMCO: Opening /projects/b56h/ExtData//HEMCO/GMI/v2015-02/gmi.clim.CO.geos5.2x25.nc
HEMCO: Opening /projects/b56h/ExtData//HEMCO/GMI/v2015-02/gmi.clim.Cl.geos5.2x25.nc
HEMCO: Opening /projects/b56h/ExtData//HEMCO/GMI/v2015-02/gmi.clim.Cl2.geos5.2x25.nc
HEMCO: Opening /projects/b56h/ExtData//HEMCO/GMI/v2015-02/gmi.clim.Cl2O2.geos5.2x25.nc
HEMCO: Opening /projects/b56h/ExtData//HEMCO/GMI/v2015-02/gmi.clim.ClO.geos5.2x25.nc
HEMCO: Opening /projects/b56h/ExtData//HEMCO/GMI/v2015-02/gmi.clim.EOH.geos5.2x25.nc
HEMCO: Opening /projects/b56h/ExtData//HEMCO/GMI/v2015-02/gmi.clim.ETP.geos5.2x25.nc
HEMCO: Opening /projects/b56h/ExtData//HEMCO/GMI/v2015-02/gmi.clim.GLYC.geos5.2x25.nc
HEMCO: Opening /projects/b56h/ExtData//HEMCO/GMI/v2015-02/gmi.clim.GLYX.geos5.2x25.nc
HEMCO: Opening /projects/b56h/ExtData//HEMCO/GMI/v2015-02/gmi.clim.H2402.geos5.2x25.nc
HEMCO: Opening /projects/b56h/ExtData//HEMCO/GMI/v2015-02/gmi.clim.H2O.geos5.2x25.nc
HEMCO: Opening /projects/b56h/ExtData//HEMCO/GMI/v2015-02/gmi.clim.H2O2.geos5.2x25.nc
HEMCO: Opening /projects/b56h/ExtData//HEMCO/GMI/v2015-02/gmi.clim.HAC.geos5.2x25.nc
HEMCO: Opening /projects/b56h/ExtData//HEMCO/GMI/v2015-02/gmi.clim.HCFC141b.geos5.2x25.nc
HEMCO: Opening /projects/b56h/ExtData//HEMCO/GMI/v2015-02/gmi.clim.HCFC142b.geos5.2x25.nc
HEMCO: Opening /projects/b56h/ExtData//HEMCO/GMI/v2015-02/gmi.clim.HCFC22.geos5.2x25.nc
HEMCO: Opening /projects/b56h/ExtData//HEMCO/GMI/v2015-02/gmi.clim.HCOOH.geos5.2x25.20170108.nc
HEMCO: Opening /projects/b56h/ExtData//HEMCO/GMI/v2015-02/gmi.clim.HCl.geos5.2x25.nc
HEMCO: Opening /projects/b56h/ExtData//HEMCO/GMI/v2015-02/gmi.clim.HNO2.geos5.2x25.nc
HEMCO: Opening /projects/b56h/ExtData//HEMCO/GMI/v2015-02/gmi.clim.HNO3.geos5.2x25.nc
HEMCO: Opening /projects/b56h/ExtData//HEMCO/GMI/v2015-02/gmi.clim.HNO4.geos5.2x25.nc
HEMCO: Opening /projects/b56h/ExtData//HEMCO/GMI/v2015-02/gmi.clim.HOCl.geos5.2x25.nc
HEMCO: Opening /projects/b56h/ExtData//HEMCO/GMI/v2015-02/gmi.clim.ISOP.geos5.2x25.nc
HEMCO: Opening /projects/b56h/ExtData//HEMCO/GMI/v2015-02/gmi.clim.MACR.geos5.2x25.nc
HEMCO: Opening /projects/b56h/ExtData//HEMCO/GMI/v2015-02/gmi.clim.MAP.geos5.2x25.nc
HEMCO: Opening /projects/b56h/ExtData//HEMCO/GMI/v2015-02/gmi.clim.MEK.geos5.2x25.nc
HEMCO: Opening /projects/b56h/ExtData//HEMCO/GMI/v2015-02/gmi.clim.MGLY.geos5.2x25.nc
HEMCO: Opening /projects/b56h/ExtData//HEMCO/GMI/v2015-02/gmi.clim.MOH.geos5.2x25.nc
HEMCO: Opening /projects/b56h/ExtData//HEMCO/GMI/v2015-02/gmi.clim.MP.geos5.2x25.nc
HEMCO: Opening /projects/b56h/ExtData//HEMCO/GMI/v2015-02/gmi.clim.MVK.geos5.2x25.nc
HEMCO: Opening /projects/b56h/ExtData//HEMCO/GMI/v2015-02/gmi.clim.N2O.geos5.2x25.nc
HEMCO: Opening /projects/b56h/ExtData//HEMCO/GMI/v2015-02/gmi.clim.N2O5.geos5.2x25.nc
HEMCO: Opening /projects/b56h/ExtData//HEMCO/GMI/v2015-02/gmi.clim.NO.geos5.2x25.nc
HEMCO: Opening /projects/b56h/ExtData//HEMCO/GMI/v2015-02/gmi.clim.NO2.geos5.2x25.nc
HEMCO: Opening /projects/b56h/ExtData//HEMCO/GMI/v2015-02/gmi.clim.NO3.geos5.2x25.nc
HEMCO: Opening /projects/b56h/ExtData//HEMCO/GMI/v2015-02/gmi.clim.O3.geos5.2x25.nc
HEMCO: Opening /projects/b56h/ExtData//HEMCO/GMI/v2015-02/gmi.clim.OClO.geos5.2x25.nc
HEMCO: Opening /projects/b56h/ExtData//HEMCO/GMI/v2015-02/gmi.clim.PAN.geos5.2x25.nc
HEMCO: Opening /projects/b56h/ExtData//HEMCO/GMI/v2015-02/gmi.clim.PP.geos5.2x25.nc
HEMCO: Opening /projects/b56h/ExtData//HEMCO/GMI/v2015-02/gmi.clim.PPN.geos5.2x25.nc
HEMCO: Opening /projects/b56h/ExtData//HEMCO/GMI/v2015-02/gmi.clim.PRPE.geos5.2x25.nc
HEMCO: Opening /projects/b56h/ExtData//HEMCO/GMI/v2015-02/gmi.clim.PRPN.geos5.2x25.nc
HEMCO: Opening /projects/b56h/ExtData//HEMCO/GMI/v2015-02/gmi.clim.R4N2.geos5.2x25.nc
HEMCO: Opening /projects/b56h/ExtData//HEMCO/GMI/v2015-02/gmi.clim.R4P.geos5.2x25.nc
HEMCO: Opening /projects/b56h/ExtData//HEMCO/GMI/v2015-02/gmi.clim.RA3P.geos5.2x25.nc
HEMCO: Opening /projects/b56h/ExtData//HEMCO/GMI/v2015-02/gmi.clim.RB3P.geos5.2x25.nc
HEMCO: Opening /projects/b56h/ExtData//HEMCO/GMI/v2015-02/gmi.clim.RCHO.geos5.2x25.nc
HEMCO: Opening /projects/b56h/ExtData//HEMCO/GMI/v2015-02/gmi.clim.RCOOH.geos5.2x25.nc
HEMCO: Opening /projects/b56h/ExtData//HEMCO/GMI/v2015-02/gmi.clim.RIPA.geos5.2x25.nc
HEMCO: Opening /projects/b56h/ExtData//HEMCO/GMI/v2015-02/gmi.clim.RIPB.geos5.2x25.nc
HEMCO: Opening /projects/b56h/ExtData//HEMCO/GMI/v2015-02/gmi.clim.RIPD.geos5.2x25.nc
HEMCO: Opening /projects/b56h/ExtData//HEMCO/GMI/v2015-02/gmi.clim.RP.geos5.2x25.nc
HEMCO: Opening /projects/b56h/ExtData//HEMCO/NOAA_GMD/v2023-10/monthly.gridded.surface.methane.1975-2022.1x1.nc
HEMCO: Opening /projects/b56h/ExtData//HEMCO/CMIP6/v2020-03/2x2.5/CMIP6_GHG_surface_VMR_2014.2x25.nc
HEMCO: Opening /projects/b56h/ExtData//HEMCO/SfcFix/v2019-12/WMO_2018/2x2.5/surface_VMRs_WMO2018_2019.2x25.nc
HEMCO: Opening /projects/b56h/ExtData//HEMCO/OCEAN_O3_DRYDEP/v2020-02/Oi_prj_predicted_iodide_0.125x0.125_No_Skagerrak_Just_Ensemble.nc
HEMCO: Opening /projects/b56h/ExtData//HEMCO/BROMINE/v2015-02/BromoCarb_Season.nc
HEMCO: Opening /projects/b56h/ExtData//HEMCO/OFFLINE_DUST/v2025-03/0.5x0.625/MERRA2/2019/07/dust_emissions_05.MERRA2.20190701.nc
HEMCO: Opening /projects/b56h/ExtData//HEMCO/OFFLINE_BIOVOC/v2021-12/0.5x0.625/2019/07/biovoc_05.20190701.nc
HEMCO: Opening /projects/b56h/ExtData//HEMCO/OFFLINE_SEASALT/v2019-01/0.5x0.625/2019/07/seasalt_05.20190701.nc
HEMCO: Opening /projects/b56h/ExtData//HEMCO/OFFLINE_SOILNOX/v2021-12/0.5x0.625/2019/07/soilnox_05.20190701.nc
HEMCO: Opening /projects/b56h/ExtData//GEOS_4x5/MERRA2/2019/07/MERRA2.20190701.A1.4x5.nc4
HEMCO: Opening /projects/b56h/ExtData//GEOS_4x5/MERRA2/2019/07/MERRA2.20190701.A3cld.4x5.nc4
HEMCO: Opening /projects/b56h/ExtData//GEOS_4x5/MERRA2/2019/07/MERRA2.20190701.A3dyn.4x5.nc4
HEMCO: Opening /projects/b56h/ExtData//GEOS_4x5/MERRA2/2019/07/MERRA2.20190701.A3mstC.4x5.nc4
HEMCO: Opening /projects/b56h/ExtData//GEOS_4x5/MERRA2/2019/07/MERRA2.20190701.A3mstE.4x5.nc4
HEMCO: Opening /projects/b56h/ExtData//GEOS_4x5/MERRA2/2019/07/MERRA2.20190701.I3.4x5.nc4
HEMCO: Opening /projects/b56h/ExtData//GEOS_4x5/MERRA2/2019/07/MERRA2.20190702.I3.4x5.nc4
HEMCO: Opening /projects/b56h/ExtData//HEMCO/Yuan_XLAI/v2021-06/Yuan_proc_MODIS_XLAI.025x025.2019.nc
HEMCO: Opening /projects/b56h/ExtData//HEMCO/OFFLINE_LIGHTNING/v2020-03/MERRA2/2019/FLASH_CTH_MERRA2_0.5x0.625_2019_07.nc4
HEMCO: Opening ./Restarts/GEOSChem.Restart.20190701_0000z.nc4
TIMEZONES (i.e. OFFSETS FROM UTC) WERE READ FROM A FILE
     - Found all CN     met fields for 2011/01/01 00:00
     - Found all A1     met fields for 2019/07/01 00:30
     - Found all A3cld  met fields for 2019/07/01 01:30
     - Found all A3dyn  met fields for 2019/07/01 01:30
     - Found all A3mstC met fields for 2019/07/01 01:30
     - Found all A3mstE met fields for 2019/07/01 01:30
     - Found all I3     met fields for 2019/07/01 00:00
     - Found all I3     met fields for 2019/07/01 03:00
===============================================================================
R E S T A R T   F I L E   I N P U T

Met_DELPDRY          : Min = 9.999999776E-03  Max = 5.137271118E+01  Sum = 3.191360437E+06
 WARNING: Layer delta pressures found in the restart file differ from current 
 meteorology. All species concentrations will be scaled by the ratio of 
 restart file delta pressure to input meteorology delta pressure in order 
 to conserve species mass in the restart file. If you wish to avoid this 
 behavior then rerun using a restart file without Met_DELPDRY
Min, max, and sum of each species in restart file [mol/mol], plus global mass if delta pressure found in file:
   Species   1,      ACET: Min = 9.002731824E-23, Max = 8.362906811E-09  Sum = 7.602845379E-05
                           Global mass = 6.369117470E+09
   Species   2,      ACTA: Min = 5.037896992E-20, Max = 9.043801263E-09  Sum = 5.200626475E-06
                           Global mass = 3.983799604E+08
   Species   3,       ACR: Min = 0.000000000E+00, Max = 1.786153003E-09  Sum = 6.752525914E-08
                           Global mass = 3.572542755E+06
   Species   4,      AERI: Min = 6.328626253E-16, Max = 1.663305084E-11  Sum = 8.461740092E-08
                           Global mass = 6.404006461E+06
   Species   5,      ALD2: Min = 1.517879706E-22, Max = 5.409657611E-09  Sum = 5.492617713E-06
                           Global mass = 2.715511054E+08
   Species   6,      ALK4: Min = 0.000000000E+00, Max = 8.368770565E-09  Sum = 3.446211731E-06
                           Global mass = 2.330555381E+08
   Species   7,    ALK4N2: Min = 2.374512247E-25, Max = 2.489624479E-11  Sum = 5.518756394E-08
                           Global mass = 9.213837682E+06
   Species   8,     ALK4P: Min = 0.000000000E+00, Max = 8.134551192E-12  Sum = 2.304600389E-08
                           Global mass = 1.922545179E+06
   Species   9,      ALK6: Min = 0.000000000E+00, Max = 4.319489211E-09  Sum = 9.521076072E-07
                           Global mass = 1.030235666E+08
   Species  10,    AONITA: Min = 7.406007693E-16, Max = 4.746476545E-10  Sum = 2.916208504E-07
                           Global mass = 5.451986455E+07
   Species  11,      APAN: Min = 0.000000000E+00, Max = 5.530031294E-11  Sum = 7.177762384E-09
                           Global mass = 9.565662841E+05
   Species  12,     APINP: Min = 0.000000000E+00, Max = 8.051651568E-10  Sum = 3.059988216E-07
                           Global mass = 5.900836292E+07
   Species  13,     APINN: Min = 0.000000000E+00, Max = 9.289750219E-11  Sum = 7.878120867E-08
                           Global mass = 1.569916401E+07
   Species  14,   AROMCHO: Min = 0.000000000E+00, Max = 6.454741797E-13  Sum = 1.718065422E-10
                           Global mass = 2.346747217E+04
   Species  15,    AROMP4: Min = 4.657237643E-37, Max = 1.344900059E-11  Sum = 1.399384172E-09
                           Global mass = 1.025543711E+05
   Species  16,    AROMP5: Min = 0.000000000E+00, Max = 9.007473586E-12  Sum = 8.228804804E-10
                           Global mass = 8.285270265E+04
   Species  17,    AROMPN: Min = 9.690689062E-29, Max = 4.987305057E-13  Sum = 2.351230342E-09
                           Global mass = 6.981203099E+05
   Species  18,     ATOOH: Min = 5.296028534E-25, Max = 8.045022981E-10  Sum = 1.241899146E-06
                           Global mass = 1.496329489E+08
   Species  19,      BALD: Min = 0.000000000E+00, Max = 8.800391665E-11  Sum = 1.220953850E-08
                           Global mass = 1.237000753E+06
   Species  20,      BCPI: Min = 6.773857085E-23, Max = 7.159562276E-09  Sum = 6.070241781E-06
                           Global mass = 8.301390587E+07
   Species  21,      BCPO: Min = 0.000000000E+00, Max = 4.668753828E-09  Sum = 1.142538030E-06
                           Global mass = 1.463509808E+07
   Species  22,      BENZ: Min = 6.345808122E-40, Max = 1.027141594E-09  Sum = 1.318232958E-06
                           Global mass = 1.198691657E+08
   Species  23,     BENZP: Min = 2.155068791E-36, Max = 1.417738010E-10  Sum = 4.175475789E-07
                           Global mass = 6.678680289E+07
   Species  24,     BPINO: Min = 0.000000000E+00, Max = 4.703212819E-10  Sum = 2.040907872E-07
                           Global mass = 3.885810234E+07
   Species  25,     BPINN: Min = 0.000000000E+00, Max = 1.328589756E-11  Sum = 2.609748196E-08
                           Global mass = 4.568044926E+06
   Species  26,     BPINP: Min = 0.000000000E+00, Max = 9.693336411E-11  Sum = 7.502952983E-08
                           Global mass = 1.455918654E+07
   Species  27,   BPINOOH: Min = 0.000000000E+00, Max = 1.775371239E-10  Sum = 6.345026925E-08
                           Global mass = 1.355094700E+07
   Species  28,    BPINON: Min = 7.409505760E-41, Max = 2.065759022E-11  Sum = 4.477067445E-08
                           Global mass = 9.191395786E+06
   Species  29,        Br: Min = 0.000000000E+00, Max = 2.360157035E-11  Sum = 6.512820340E-07
                           Global mass = 1.240392949E+06
   Species  30,       Br2: Min = 0.000000000E+00, Max = 1.373494547E-11  Sum = 1.228686702E-07
                           Global mass = 1.161081784E+07
   Species  31,      BrCl: Min = 0.000000000E+00, Max = 1.808088575E-11  Sum = 3.025368847E-07
                           Global mass = 1.088964533E+07
   Species  32,     BrNO2: Min = 7.853616695E-18, Max = 1.452655596E-12  Sum = 3.961632318E-09
                           Global mass = 3.231237068E+05
   Species  33,     BrNO3: Min = 0.000000000E+00, Max = 1.753934845E-11  Sum = 4.520281769E-07
                           Global mass = 2.810214777E+07
   Species  34,       BrO: Min = 3.419168253E-43, Max = 2.329286243E-11  Sum = 9.610577808E-07
                           Global mass = 1.378585592E+07
   Species  35,    BrSALA: Min = 6.735118287E-35, Max = 9.760948994E-12  Sum = 6.934327617E-08
                           Global mass = 5.516587351E+05
   Species  36,    BrSALC: Min = 2.169555268E-29, Max = 5.052454982E-11  Sum = 7.932145757E-08
                           Global mass = 5.351796120E+06
   Species  37,     BUTDI: Min = 1.975564712E-10, Max = 2.960215850E-09  Sum = 1.661125755E-04
                           Global mass = 1.485591706E+10
   Species  38,      BUTN: Min = 0.000000000E+00, Max = 1.969805829E-12  Sum = 1.870345784E-10
                           Global mass = 1.853813595E+04
   Species  39,    BZCO3H: Min = 0.000000000E+00, Max = 2.710368388E-12  Sum = 3.352099816E-09
                           Global mass = 5.544869774E+05
   Species  40,     BZPAN: Min = 5.349106563E-40, Max = 1.555272404E-11  Sum = 6.555812362E-09
                           Global mass = 1.557188384E+06
   Species  41,    C96O2H: Min = 2.529969753E-27, Max = 1.576537650E-10  Sum = 1.302743718E-07
                           Global mass = 2.638504409E+07
   Species  42,      C96N: Min = 4.777349531E-23, Max = 3.359993533E-11  Sum = 6.991013141E-08
                           Global mass = 1.455374256E+07
   Species  43,      C2H2: Min = 8.649678388E-24, Max = 3.070148136E-09  Sum = 3.902353445E-06
                           Global mass = 1.360361773E+08
   Species  44,      C2H4: Min = 0.000000000E+00, Max = 6.219716298E-09  Sum = 4.714345353E-06
                           Global mass = 1.358346372E+08
   Species  45,      C2H6: Min = 4.203895393E-45, Max = 4.599777448E-09  Sum = 3.207862972E-05
                           Global mass = 1.211338652E+09
   Species  46,      C3H8: Min = 0.000000000E+00, Max = 3.282396355E-09  Sum = 4.446340049E-06
                           Global mass = 2.147888844E+08
   Species  47,      C4H6: Min = 0.000000000E+00, Max = 1.519967208E-10  Sum = 4.721607933E-09
                           Global mass = 2.044709248E+05
   Species  48,      CCl4: Min = 0.000000000E+00, Max = 7.717008282E-11  Sum = 9.625413735E-06
                           Global mass = 1.958200555E+09
   Species  49,     CFC11: Min = 1.340967374E-30, Max = 2.237302288E-10  Sum = 2.832982460E-05
                           Global mass = 5.096818647E+09
   Species  50,    CFC113: Min = 4.940666911E-25, Max = 6.931007157E-11  Sum = 9.299367553E-06
                           Global mass = 2.189954521E+09
   Species  51,    CFC114: Min = 3.572896915E-13, Max = 1.580001581E-11  Sum = 2.581636367E-06
                           Global mass = 4.663509615E+08
   Species  52,    CFC115: Min = 4.554175613E-12, Max = 8.520008483E-12  Sum = 1.802291054E-06
                           Global mass = 2.307601444E+08
   Species  53,     CFC12: Min = 4.070095294E-14, Max = 5.003905068E-10  Sum = 6.941727108E-05
                           Global mass = 1.026930128E+10
   Species  54,    CH2Br2: Min = 0.000000000E+00, Max = 1.825144202E-12  Sum = 8.237602673E-08
                           Global mass = 1.953519937E+07
   Species  55,    CH2Cl2: Min = 2.662006194E-25, Max = 6.555291726E-11  Sum = 4.117303908E-06
                           Global mass = 4.701646093E+08
   Species  56,     CH2I2: Min = 0.000000000E+00, Max = 6.818767773E-12  Sum = 6.652662354E-08
                           Global mass = 7.964296769E+04
   Species  57,    CH2IBr: Min = 0.000000000E+00, Max = 4.407456659E-13  Sum = 3.612626190E-10
                           Global mass = 7.402666749E+04
   Species  58,    CH2ICl: Min = 0.000000000E+00, Max = 1.491221101E-12  Sum = 2.590596287E-09
                           Global mass = 3.811272057E+05
   Species  59,      CH2O: Min = 3.442163438E-12, Max = 1.280390372E-08  Sum = 3.374007670E-05
                           Global mass = 1.099559077E+09
   Species  60,     CH3Br: Min = 3.542639463E-38, Max = 7.409079426E-12  Sum = 8.041799548E-07
                           Global mass = 1.018572076E+08
   Species  61,   CH3CCl3: Min = 8.968310172E-44, Max = 1.386825659E-12  Sum = 1.730735777E-07
                           Global mass = 3.040965483E+07
   Species  62,     CH3Cl: Min = 4.033603421E-14, Max = 5.550370163E-10  Sum = 6.966111961E-05
                           Global mass = 4.438640095E+09
   Species  63,      CH3I: Min = 0.000000000E+00, Max = 4.351087893E-11  Sum = 3.973626347E-08
                           Global mass = 5.548101785E+06
   Species  64,       CH4: Min = 1.740833682E-07, Max = 2.006127716E-06  Sum = 3.096205330E-01
                           Global mass = 5.129675290E+12
   Species  65,     CHBr3: Min = 0.000000000E+00, Max = 6.460939856E-12  Sum = 7.598281456E-08
                           Global mass = 2.413945161E+07
   Species  66,     CHCl3: Min = 1.663056879E-17, Max = 1.221320094E-11  Sum = 1.064108824E-06
                           Global mass = 1.604738193E+08
   Species  67,        Cl: Min = 0.000000000E+00, Max = 2.796462506E-10  Sum = 2.314219912E-06
                           Global mass = 2.464208251E+05
   Species  68,       Cl2: Min = 8.086281325E-25, Max = 7.170175564E-10  Sum = 7.444264652E-07
                           Global mass = 6.008967642E+06
   Species  69,     Cl2O2: Min = 0.000000000E+00, Max = 8.134429796E-10  Sum = 2.936393739E-06
                           Global mass = 3.757510669E+07
   Species  70,     ClNO2: Min = 0.000000000E+00, Max = 2.074312805E-10  Sum = 1.795373738E-08
                           Global mass = 1.603020873E+06
   Species  71,     ClNO3: Min = 6.527528507E-41, Max = 1.874447264E-09  Sum = 2.908461984E-05
                           Global mass = 6.259079165E+08
   Species  72,       ClO: Min = 4.389751245E-23, Max = 1.005864170E-09  Sum = 1.196005081E-05
                           Global mass = 4.133370377E+07
   Species  73,      ClOO: Min = 0.000000000E+00, Max = 2.030969353E-14  Sum = 6.026301118E-11
                           Global mass = 4.204623049E+02
   Species  74,     CLOCK: Min = 1.207360916E+02, Max = 4.827917312E+09  Sum = 4.818741820E+14
                           Global mass = 6.343819288E+25
   Species  75,        CO: Min = 1.012862860E-08, Max = 8.708859696E-07  Sum = 9.770190948E-03
                           Global mass = 2.797786158E+11
   Species  76,       CSL: Min = 0.000000000E+00, Max = 1.615482227E-11  Sum = 3.660365383E-09
                           Global mass = 3.739395044E+05
   Species  77,       DMS: Min = 0.000000000E+00, Max = 1.066406297E-09  Sum = 5.443609021E-06
                           Global mass = 2.410910175E+08
   Species  78,   DSTbin1: Min = 6.782809291E-29, Max = 7.455107087E-10  Sum = 1.020053913E-06
                           Global mass = 4.311324372E+07
   Species  79,   DSTbin2: Min = 3.282273807E-32, Max = 3.538006776E-09  Sum = 4.665637823E-06
                           Global mass = 1.990279678E+08
   Species  80,   DSTbin3: Min = 6.178611251E-35, Max = 2.635803931E-08  Sum = 3.293207981E-05
                           Global mass = 1.421304435E+09
   Species  81,   DSTbin4: Min = 2.009742258E-40, Max = 7.420204895E-08  Sum = 8.083879562E-05
                           Global mass = 3.556606831E+09
   Species  82,   DSTbin5: Min = 6.926874747E-39, Max = 2.541502795E-07  Sum = 1.628429757E-04
                           Global mass = 7.434836192E+09
   Species  83,   DSTbin6: Min = 7.581024692E-43, Max = 4.779681149E-07  Sum = 1.979546633E-04
                           Global mass = 8.699701893E+09
   Species  84,   DSTbin7: Min = 2.256090528E-43, Max = 9.092105415E-07  Sum = 2.449810478E-04
                           Global mass = 1.017913087E+10
   Species  85,       EBZ: Min = 0.000000000E+00, Max = 2.924790799E-25  Sum = 3.460027835E-21
                           Global mass = 6.212919924E-10
   Species  86,       EOH: Min = 1.638848708E-27, Max = 3.793636960E-09  Sum = 2.638766029E-06
                           Global mass = 1.429814062E+08
   Species  87,     ETHLN: Min = 0.000000000E+00, Max = 1.563090629E-11  Sum = 6.429168840E-09
                           Global mass = 7.259071344E+05
   Species  88,      ETHN: Min = 1.730390924E-25, Max = 1.687529283E-11  Sum = 2.119734922E-08
                           Global mass = 2.725782746E+06
   Species  89,      ETHP: Min = 2.322951774E-26, Max = 4.514043861E-10  Sum = 4.976951608E-07
                           Global mass = 4.547003708E+07
   Species  90,     ETNO3: Min = 1.118646993E-29, Max = 1.309324350E-11  Sum = 2.429510410E-07
                           Global mass = 2.724758138E+07
   Species  91,       ETP: Min = 1.178185194E-21, Max = 1.594872706E-10  Sum = 6.816999465E-07
                           Global mass = 5.540342873E+07
   Species  92,      FURA: Min = 0.000000000E+00, Max = 1.477564404E-09  Sum = 6.063364449E-08
                           Global mass = 3.473817306E+06
   Species  93,      GLYC: Min = 0.000000000E+00, Max = 8.060979106E-10  Sum = 1.277574265E-06
                           Global mass = 8.374542835E+07
   Species  94,      GLYX: Min = 0.000000000E+00, Max = 1.295740515E-09  Sum = 1.467640871E-07
                           Global mass = 9.913893110E+06
   Species  95,     HACTA: Min = 9.277510380E-27, Max = 1.074060701E-10  Sum = 2.470673651E-07
                           Global mass = 2.569590268E+07
   Species  96,     H1211: Min = 2.929960946E-40, Max = 3.240008522E-12  Sum = 3.925356806E-07
                           Global mass = 8.722062190E+07
   Species  97,     H1301: Min = 3.185461421E-30, Max = 3.330003591E-12  Sum = 4.340331928E-07
                           Global mass = 8.296662017E+07
   Species  98,     H2402: Min = 0.000000000E+00, Max = 3.900009384E-13  Sum = 4.745439201E-08
                           Global mass = 1.652382778E+07
   Species  99,       H2O: Min = 2.730127562E-06, Max = 3.586289287E-02  Sum = 6.021772163E+02
                           Global mass = 1.411367292E+16
   Species 100,      H2O2: Min = 7.439503928E-14, Max = 4.527648922E-09  Sum = 5.438747122E-05
                           Global mass = 2.720085876E+09
   Species 101,       HAC: Min = 0.000000000E+00, Max = 1.166429620E-09  Sum = 1.775018898E-06
                           Global mass = 1.628127965E+08
   Species 102,       HBr: Min = 5.956751616E-40, Max = 9.968107069E-12  Sum = 1.295073352E-07
                           Global mass = 7.327463317E+06
   Species 103,      HC5A: Min = 0.000000000E+00, Max = 8.041828314E-11  Sum = 3.922607521E-08
                           Global mass = 4.306417419E+06
   Species 104,   HCFC123: Min = 6.025583397E-44, Max = 2.848730365E-37  Sum = 1.964386050E-32
                           Global mass = 3.026866914E-18
   Species 105,  HCFC141b: Min = 9.530106877E-27, Max = 2.587012896E-11  Sum = 3.407705465E-06
                           Global mass = 5.045099512E+08
   Species 106,  HCFC142b: Min = 2.260008587E-12, Max = 2.270005885E-11  Sum = 3.978401324E-06
                           Global mass = 3.936926314E+08
   Species 107,    HCFC22: Min = 6.387885360E-11, Max = 2.490709583E-10  Sum = 4.511348004E-05
                           Global mass = 3.708656853E+09
   Species 108,       HCl: Min = 3.777307855E-37, Max = 4.225054084E-09  Sum = 2.667165010E-04
                           Global mass = 9.015734749E+08
   Species 109,     HCOOH: Min = 9.720810458E-19, Max = 3.711253971E-09  Sum = 6.915131822E-06
                           Global mass = 4.382683530E+08
   Species 110,        HI: Min = 0.000000000E+00, Max = 5.172193511E-13  Sum = 2.465687725E-09
                           Global mass = 2.524332141E+05
   Species 111,      HMHP: Min = 0.000000000E+00, Max = 1.017069318E-09  Sum = 6.149114445E-07
                           Global mass = 4.177537550E+07
   Species 112,      HMML: Min = 0.000000000E+00, Max = 9.241749033E-11  Sum = 1.231599176E-07
                           Global mass = 1.480753284E+07
   Species 113,       HMS: Min = 9.598676461E-15, Max = 8.347922908E-10  Sum = 6.792915808E-07
                           Global mass = 7.616708948E+07
   Species 114,      HNO2: Min = 1.584808570E-17, Max = 1.976146052E-10  Sum = 2.623557394E-07
                           Global mass = 4.401543375E+06
   Species 115,      HNO3: Min = 0.000000000E+00, Max = 1.504996661E-08  Sum = 2.799601923E-04
                           Global mass = 6.099337271E+09
   Species 116,      HNO4: Min = 4.119322153E-23, Max = 3.160131601E-10  Sum = 5.730439848E-06
                           Global mass = 2.067679629E+08
   Species 117,      HOBr: Min = 1.734522721E-28, Max = 1.436338461E-11  Sum = 2.040334518E-07
                           Global mass = 1.159895499E+07
   Species 118,      HOCl: Min = 5.166870138E-32, Max = 1.605920619E-09  Sum = 6.083307086E-06
                           Global mass = 3.997430630E+07
   Species 119,       HOI: Min = 1.351707833E-17, Max = 4.713305093E-11  Sum = 1.399531633E-07
                           Global mass = 9.360882279E+06
   Species 120,     HONIT: Min = 1.573378027E-22, Max = 1.293367496E-10  Sum = 1.423415385E-07
                           Global mass = 7.413130197E+06
   Species 121,    HPALD1: Min = 0.000000000E+00, Max = 8.977630445E-11  Sum = 1.947788754E-08
                           Global mass = 2.658538271E+06
   Species 122,    HPALD2: Min = 0.000000000E+00, Max = 1.888533774E-10  Sum = 5.804104583E-08
                           Global mass = 7.683695953E+06
   Species 123,    HPALD3: Min = 0.000000000E+00, Max = 7.548427855E-11  Sum = 1.809223905E-08
                           Global mass = 2.448382687E+06
   Species 124,    HPALD4: Min = 0.000000000E+00, Max = 1.557995538E-10  Sum = 4.465566907E-08
                           Global mass = 5.900124558E+06
   Species 125,   HPETHNL: Min = 0.000000000E+00, Max = 1.668023913E-10  Sum = 4.943474654E-08
                           Global mass = 4.208509959E+06
   Species 126,         I: Min = 0.000000000E+00, Max = 1.564125565E-11  Sum = 2.224546408E-07
                           Global mass = 1.155875312E+06
   Species 127,        I2: Min = 0.000000000E+00, Max = 1.058525143E-11  Sum = 1.221931370E-07
                           Global mass = 9.210638585E+04
   Species 128,      I2O2: Min = 0.000000000E+00, Max = 9.959038802E-13  Sum = 1.214193285E-09
                           Global mass = 3.644975766E+04
   Species 129,      I2O3: Min = 6.764642780E-38, Max = 2.072234962E-12  Sum = 4.356184409E-09
                           Global mass = 1.290324062E+05
   Species 130,      I2O4: Min = 0.000000000E+00, Max = 3.216161061E-14  Sum = 5.346743699E-11
                           Global mass = 9.174244757E+03
   Species 131,       IBr: Min = 0.000000000E+00, Max = 4.871182125E-13  Sum = 3.786834249E-10
                           Global mass = 9.421132762E+04
   Species 132,      ICHE: Min = 0.000000000E+00, Max = 1.283955581E-10  Sum = 1.065603289E-07
                           Global mass = 1.388210966E+07
   Species 133,       ICl: Min = 2.164665959E-35, Max = 7.717060498E-12  Sum = 2.109997833E-08
                           Global mass = 9.460387362E+05
   Species 134,       ICN: Min = 0.000000000E+00, Max = 2.362909590E-10  Sum = 4.398669046E-08
                           Global mass = 6.953825678E+06
   Species 135,     ICPDH: Min = 0.000000000E+00, Max = 2.690652562E-11  Sum = 2.408600334E-08
                           Global mass = 4.271689659E+06
   Species 136,       IDC: Min = 0.000000000E+00, Max = 9.328283285E-11  Sum = 5.065811948E-08
                           Global mass = 5.625875172E+06
   Species 137,     IDCHP: Min = 0.000000000E+00, Max = 2.700899400E-11  Sum = 1.548966959E-08
                           Global mass = 2.540830561E+06
   Species 138,     IDHDP: Min = 0.000000000E+00, Max = 4.334810288E-11  Sum = 4.522769304E-08
                           Global mass = 9.338754442E+06
   Species 139,     IDHPE: Min = 0.000000000E+00, Max = 2.651012188E-10  Sum = 2.344593860E-07
                           Global mass = 3.965459438E+07
   Species 140,       IDN: Min = 0.000000000E+00, Max = 2.493649731E-11  Sum = 4.448765879E-09
                           Global mass = 9.345135084E+05
   Species 141,    IEPOXA: Min = 0.000000000E+00, Max = 9.155412539E-10  Sum = 7.723137603E-07
                           Global mass = 9.258957371E+07
   Species 142,    IEPOXB: Min = 0.000000000E+00, Max = 5.207770881E-10  Sum = 4.397854196E-07
                           Global mass = 5.345010235E+07
   Species 143,    IEPOXD: Min = 0.000000000E+00, Max = 5.153313887E-11  Sum = 3.967806381E-08
                           Global mass = 4.744493078E+06
   Species 144,      IHN1: Min = 0.000000000E+00, Max = 1.866419345E-11  Sum = 7.171953212E-09
                           Global mass = 1.117871596E+06
   Species 145,      IHN2: Min = 0.000000000E+00, Max = 3.612610558E-11  Sum = 1.370417208E-08
                           Global mass = 2.087453699E+06
   Species 146,      IHN3: Min = 0.000000000E+00, Max = 2.361052673E-11  Sum = 1.472959923E-08
                           Global mass = 2.196565099E+06
   Species 147,      IHN4: Min = 0.000000000E+00, Max = 3.559200894E-12  Sum = 2.065387300E-09
                           Global mass = 3.164042812E+05
   Species 148,    INDIOL: Min = 1.252942147E-14, Max = 3.237450974E-09  Sum = 4.429872327E-06
                           Global mass = 4.831537068E+08
   Species 149,       INO: Min = 5.822047178E-23, Max = 1.048686352E-13  Sum = 1.863613284E-11
                           Global mass = 3.305835926E+03
   Species 150,      INPB: Min = 0.000000000E+00, Max = 2.777613382E-11  Sum = 1.384625996E-08
                           Global mass = 2.413339758E+06
   Species 151,      INPD: Min = 0.000000000E+00, Max = 4.196491418E-11  Sum = 1.710555343E-08
                           Global mass = 3.001778320E+06
   Species 152,        IO: Min = 0.000000000E+00, Max = 1.398952048E-11  Sum = 9.467198670E-08
                           Global mass = 2.404169611E+06
   Species 153,    IONITA: Min = 0.000000000E+00, Max = 8.324688161E-11  Sum = 2.333842104E-08
                           Global mass = 3.281608629E+05
   Species 154,      IONO: Min = 0.000000000E+00, Max = 3.438465604E-13  Sum = 1.836941669E-09
                           Global mass = 2.961458917E+05
   Species 155,     IONO2: Min = 0.000000000E+00, Max = 2.796363661E-11  Sum = 3.714551377E-08
                           Global mass = 3.927451594E+06
   Species 156,    IPRNO3: Min = 1.047935133E-23, Max = 1.003643418E-10  Sum = 2.606854114E-07
                           Global mass = 3.543724771E+07
   Species 157,     ISALA: Min = 2.057691679E-17, Max = 2.188082181E-12  Sum = 6.381666568E-09
                           Global mass = 9.088630227E+05
   Species 158,     ISALC: Min = 5.476506765E-21, Max = 1.266347595E-12  Sum = 1.975638826E-09
                           Global mass = 3.121391584E+05
   Species 159,      ISOP: Min = 0.000000000E+00, Max = 2.012922096E-08  Sum = 2.296130109E-06
                           Global mass = 1.787001353E+08
   Species 160,      ITCN: Min = 0.000000000E+00, Max = 3.170820551E-11  Sum = 1.618666389E-08
                           Global mass = 3.305544354E+06
   Species 161,      ITHN: Min = 0.000000000E+00, Max = 4.163598979E-11  Sum = 3.400291608E-08
                           Global mass = 7.997544711E+06
   Species 162,     LIMAL: Min = 0.000000000E+00, Max = 5.806249578E-11  Sum = 2.091176074E-08
                           Global mass = 3.102570247E+06
   Species 163,     LIMKB: Min = 0.000000000E+00, Max = 4.889842437E-12  Sum = 6.986771944E-09
                           Global mass = 8.781703421E+05
   Species 164,    LIMKET: Min = 0.000000000E+00, Max = 1.444199361E-11  Sum = 2.871790533E-09
                           Global mass = 4.076855759E+05
   Species 165,      LIMN: Min = 0.000000000E+00, Max = 4.396693079E-12  Sum = 2.031129219E-09
                           Global mass = 2.647419857E+05
   Species 166,     LIMNB: Min = 0.000000000E+00, Max = 2.099567742E-11  Sum = 2.043942297E-08
                           Global mass = 2.566935683E+06
   Species 167,      LIMO: Min = 0.000000000E+00, Max = 3.361271539E-10  Sum = 2.476899152E-06
                           Global mass = 1.956780876E+06
   Species 168,    LIMO2H: Min = 5.473776375E-29, Max = 2.249280102E-11  Sum = 4.689107209E-09
                           Global mass = 8.892346241E+05
   Species 169,    LIMO3H: Min = 7.460383151E-27, Max = 4.742193097E-11  Sum = 4.378641797E-08
                           Global mass = 7.929542761E+06
   Species 170,    LIMPAN: Min = 3.133316388E-22, Max = 1.035474970E-10  Sum = 1.542878395E-07
                           Global mass = 2.360698489E+07
   Species 171,      LVOC: Min = 0.000000000E+00, Max = 1.680910511E-12  Sum = 2.415264855E-10
                           Global mass = 4.744581938E+04
   Species 172,    LVOCOA: Min = 2.016851357E-16, Max = 3.918842681E-11  Sum = 9.363807700E-08
                           Global mass = 1.537460883E+07
   Species 173,      MACR: Min = 0.000000000E+00, Max = 1.781212067E-09  Sum = 1.023439360E-06
                           Global mass = 7.931256444E+07
   Species 174,  MACR1OOH: Min = 0.000000000E+00, Max = 6.246873852E-11  Sum = 4.898189071E-08
                           Global mass = 6.096358050E+06
   Species 175,       MAP: Min = 1.709315043E-22, Max = 9.874828732E-10  Sum = 5.583623852E-06
                           Global mass = 6.380947767E+08
   Species 176,     MCRDH: Min = 0.000000000E+00, Max = 9.508933224E-11  Sum = 8.296452764E-08
                           Global mass = 9.890619860E+06
   Species 177,   MCRENOL: Min = 0.000000000E+00, Max = 3.385972752E-11  Sum = 1.596413350E-08
                           Global mass = 1.510697044E+06
   Species 178,     MCRHN: Min = 0.000000000E+00, Max = 3.968795778E-12  Sum = 2.682680155E-09
                           Global mass = 4.170572663E+05
   Species 179,    MCRHNB: Min = 0.000000000E+00, Max = 2.616424265E-11  Sum = 5.066945985E-09
                           Global mass = 7.714335451E+05
   Species 180,     MCRHP: Min = 0.000000000E+00, Max = 6.987063011E-11  Sum = 6.827595526E-08
                           Global mass = 9.064281560E+06
   Species 181,       MCT: Min = 0.000000000E+00, Max = 2.049334140E-11  Sum = 7.975748394E-09
                           Global mass = 8.448880914E+05
   Species 182,       MEK: Min = 3.891362177E-23, Max = 2.681462608E-09  Sum = 3.055808730E-06
                           Global mass = 2.494130878E+08
   Species 183,     MEKPN: Min = 1.307471469E-26, Max = 1.905242283E-11  Sum = 1.043141590E-08
                           Global mass = 1.765200314E+06
   Species 184,     MENO3: Min = 2.124647809E-14, Max = 2.443748502E-11  Sum = 6.026721454E-07
                           Global mass = 6.863448008E+07
   Species 185,      MGLY: Min = 1.817220376E-24, Max = 1.042006592E-09  Sum = 5.252119785E-07
                           Global mass = 4.258825210E+07
   Species 186,       MOH: Min = 2.314278055E-13, Max = 1.305813946E-08  Sum = 4.998664391E-05
                           Global mass = 2.148909381E+09
   Species 187,    MONITA: Min = 0.000000000E+00, Max = 1.632400881E-10  Sum = 8.655783529E-09
                           Global mass = 1.277967846E+05
   Species 188,    MONITS: Min = 1.621241216E-23, Max = 1.151099077E-10  Sum = 8.377676551E-08
                           Global mass = 6.660744315E+06
   Species 189,    MONITU: Min = 0.000000000E+00, Max = 2.229355242E-11  Sum = 7.409985789E-09
                           Global mass = 6.330734541E+05
   Species 190,        MP: Min = 5.300530929E-14, Max = 2.815725431E-09  Sum = 3.266426307E-05
                           Global mass = 2.236483425E+09
   Species 191,      MPAN: Min = 0.000000000E+00, Max = 7.646036582E-11  Sum = 6.518125587E-08
                           Global mass = 1.025583897E+07
   Species 192,       MPN: Min = 8.070827086E-19, Max = 2.053685000E-10  Sum = 5.195777488E-06
                           Global mass = 2.702811194E+08
   Species 193,       MSA: Min = 1.092164282E-14, Max = 1.505889718E-10  Sum = 6.303409831E-07
                           Global mass = 4.250689306E+07
   Species 194,      MTPA: Min = 0.000000000E+00, Max = 2.387744669E-09  Sum = 2.177268718E-07
                           Global mass = 3.204906467E+07
   Species 195,      MTPO: Min = 0.000000000E+00, Max = 5.428517635E-09  Sum = 5.038274295E-05
                           Global mass = 1.238337824E+07
   Species 196,       MVK: Min = 0.000000000E+00, Max = 2.223936812E-09  Sum = 2.061842861E-06
                           Global mass = 1.564978004E+08
   Species 197,     MVKDH: Min = 0.000000000E+00, Max = 4.343471971E-10  Sum = 4.036561507E-07
                           Global mass = 4.994321608E+07
   Species 198,     MVKHC: Min = 0.000000000E+00, Max = 1.119641879E-10  Sum = 1.212603358E-07
                           Global mass = 1.377099681E+07
   Species 199,    MVKHCB: Min = 0.000000000E+00, Max = 1.131319413E-10  Sum = 1.145001717E-07
                           Global mass = 1.333129715E+07
   Species 200,     MVKHP: Min = 0.000000000E+00, Max = 1.384595216E-10  Sum = 1.367527303E-07
                           Global mass = 1.815077768E+07
   Species 201,      MVKN: Min = 0.000000000E+00, Max = 2.442773414E-11  Sum = 2.070640874E-08
                           Global mass = 3.298147360E+06
   Species 202,     MVKPC: Min = 0.000000000E+00, Max = 5.082560414E-11  Sum = 4.278363027E-08
                           Global mass = 5.555244434E+06
   Species 203,     MYRCO: Min = 0.000000000E+00, Max = 7.248438655E-11  Sum = 1.824165516E-08
                           Global mass = 1.356578917E+06
   Species 204,       N2O: Min = 3.374517332E-10, Max = 3.302703249E-07  Sum = 4.724770798E-02
                           Global mass = 2.477500256E+12
   Species 205,      N2O5: Min = 0.000000000E+00, Max = 3.461563924E-09  Sum = 3.100613204E-05
                           Global mass = 5.208068562E+08
   Species 206,       NH3: Min = 4.764414779E-44, Max = 2.371005614E-08  Sum = 3.509440214E-05
                           Global mass = 2.060044471E+08
   Species 207,       NH4: Min = 2.193236386E-15, Max = 1.696193763E-08  Sum = 2.282522949E-05
                           Global mass = 4.226869198E+08
   Species 208,       NIT: Min = 0.000000000E+00, Max = 1.324352628E-08  Sum = 1.458310721E-05
                           Global mass = 3.333009426E+08
   Species 209,      NITs: Min = 1.429310421E-40, Max = 1.243768311E-09  Sum = 4.146424111E-07
                           Global mass = 3.122181494E+07
   Species 210,        NO: Min = 0.000000000E+00, Max = 2.004654398E-08  Sum = 4.844114062E-04
                           Global mass = 6.242786851E+08
   Species 211,       NO2: Min = 6.435467813E-17, Max = 2.066509452E-08  Sum = 3.914432593E-04
                           Global mass = 1.883548676E+09
   Species 212,       NO3: Min = 0.000000000E+00, Max = 4.230680528E-10  Sum = 2.429031526E-06
                           Global mass = 2.128206422E+07
   Species 213,     NPHEN: Min = 1.187278262E-37, Max = 2.059142440E-11  Sum = 4.861649687E-09
                           Global mass = 9.582880762E+05
   Species 214,    NPRNO3: Min = 2.819233272E-24, Max = 2.400922863E-11  Sum = 5.427715565E-08
                           Global mass = 7.097074098E+06
   Species 215,        O3: Min = 3.430668638E-09, Max = 1.008469553E-05  Sum = 4.033656772E-01
                           Global mass = 3.229996585E+12
   Species 216,      OClO: Min = 3.700197314E-32, Max = 1.112786391E-10  Sum = 8.933880701E-07
                           Global mass = 7.033109096E+06
   Species 217,      OCPI: Min = 1.711459038E-14, Max = 5.234443634E-08  Sum = 3.713416719E-05
                           Global mass = 3.825288845E+08
   Species 218,      OCPO: Min = 0.000000000E+00, Max = 2.306602553E-08  Sum = 3.906677968E-06
                           Global mass = 4.190618413E+07
   Species 219,       OCS: Min = 8.181049095E-33, Max = 5.000013736E-10  Sum = 6.479973217E-05
                           Global mass = 5.006881565E+09
   Species 220,       OIO: Min = 1.220349620E-27, Max = 7.452331287E-12  Sum = 2.972331969E-08
                           Global mass = 5.421228499E+05
   Species 221,       PAN: Min = 2.026351346E-24, Max = 2.513548036E-09  Sum = 8.840739000E-06
                           Global mass = 1.722124067E+09
   Species 222,       pFe: Min = 1.020361117E-17, Max = 2.231391287E-11  Sum = 1.593551650E-08
                           Global mass = 9.900880296E+05
   Species 223,      PHAN: Min = 1.135601789E-26, Max = 3.140914195E-10  Sum = 3.756401728E-07
                           Global mass = 6.770794065E+07
   Species 224,      PHEN: Min = 8.400784294E-42, Max = 1.608669586E-10  Sum = 1.860315300E-08
                           Global mass = 1.354468386E+06
   Species 225,       PIN: Min = 0.000000000E+00, Max = 7.356457457E-12  Sum = 1.440451839E-09
                           Global mass = 2.143409802E+04
   Species 226,     PINAL: Min = 0.000000000E+00, Max = 8.202287183E-10  Sum = 2.466433892E-07
                           Global mass = 4.675407786E+07
   Species 227,   PINONIC: Min = 1.306528485E-28, Max = 1.977419790E-11  Sum = 8.503832078E-09
                           Global mass = 1.710786936E+06
   Species 228,    PINO3H: Min = 1.411914958E-26, Max = 7.004977154E-11  Sum = 7.435191061E-08
                           Global mass = 1.515586930E+07
   Species 229,    PINPAN: Min = 1.466730596E-22, Max = 1.467965610E-10  Sum = 2.494780127E-07
                           Global mass = 6.251170196E+07
   Species 230,       PIP: Min = 0.000000000E+00, Max = 7.294147057E-12  Sum = 1.608781016E-09
                           Global mass = 1.117280130E+05
   Species 231,        PP: Min = 0.000000000E+00, Max = 2.530181897E-10  Sum = 3.092963972E-07
                           Global mass = 3.265662513E+07
   Species 232,       PPN: Min = 1.009077659E-23, Max = 1.116119752E-09  Sum = 5.813158241E-07
                           Global mass = 1.040431988E+08
   Species 233,    PROPNN: Min = 0.000000000E+00, Max = 1.827982765E-10  Sum = 6.182091548E-08
                           Global mass = 8.494019802E+06
   Species 234,      PRPE: Min = 0.000000000E+00, Max = 2.887832418E-09  Sum = 1.086069694E-06
                           Global mass = 4.704649155E+07
   Species 235,      PRPN: Min = 0.000000000E+00, Max = 2.327920634E-10  Sum = 1.412571570E-08
                           Global mass = 2.106522776E+06
   Species 236,      PYAC: Min = 0.000000000E+00, Max = 4.990233574E-11  Sum = 3.486653086E-08
                           Global mass = 3.317405041E+06
   Species 237,      R4N2: Min = 4.437716808E-25, Max = 9.992606048E-11  Sum = 7.118597056E-08
                           Global mass = 1.418229751E+07
   Species 238,       R4P: Min = 7.636329363E-25, Max = 7.868795893E-11  Sum = 1.643444225E-07
                           Global mass = 1.868448607E+07
   Species 239,      R7N2: Min = 0.000000000E+00, Max = 2.700620005E-10  Sum = 2.621974675E-07
                           Global mass = 5.814019470E+07
   Species 240,       R7P: Min = 0.000000000E+00, Max = 2.255400380E-11  Sum = 4.188771318E-08
                           Global mass = 7.257209787E+06
   Species 241,      RA3P: Min = 1.063519716E-25, Max = 2.465676448E-11  Sum = 1.102208689E-07
                           Global mass = 1.061139483E+07
   Species 242,      RB3P: Min = 3.794726145E-25, Max = 7.946213826E-11  Sum = 2.864786489E-07
                           Global mass = 2.688430406E+07
   Species 243,      RCHO: Min = 3.501531731E-23, Max = 4.670564380E-09  Sum = 8.748107566E-07
                           Global mass = 5.243983163E+07
   Species 244,     RCOOH: Min = 4.115226230E-24, Max = 2.528596499E-10  Sum = 4.457709811E-07
                           Global mass = 4.698368307E+07
   Species 245,      RIPA: Min = 0.000000000E+00, Max = 1.951014683E-09  Sum = 6.746559215E-07
                           Global mass = 8.802564504E+07
   Species 246,      RIPB: Min = 0.000000000E+00, Max = 3.884029209E-10  Sum = 1.283438422E-07
                           Global mass = 1.680151440E+07
   Species 247,      RIPC: Min = 0.000000000E+00, Max = 8.185659789E-11  Sum = 2.077402853E-08
                           Global mass = 2.748118201E+06
   Species 248,      RIPD: Min = 0.000000000E+00, Max = 2.687025255E-11  Sum = 8.160143863E-09
                           Global mass = 1.069655628E+06
   Species 249,      RNO3: Min = 0.000000000E+00, Max = 3.064879622E-13  Sum = 3.295002809E-11
                           Global mass = 4.970348228E+03
   Species 250,        RP: Min = 2.111961884E-24, Max = 9.054652861E-11  Sum = 4.026302350E-07
                           Global mass = 5.335357652E+07
   Species 251,      SALA: Min = 3.203785241E-33, Max = 4.096802453E-09  Sum = 1.312087542E-05
                           Global mass = 3.557213031E+08
   Species 252,    SALAAL: Min = 0.000000000E+00, Max = 8.574180810E-10  Sum = 1.153768545E-05
                           Global mass = 2.017247594E+07
   Species 253,    SALACL: Min = 0.000000000E+00, Max = 1.867024757E-09  Sum = 3.595614711E-06
                           Global mass = 8.299787096E+07
   Species 254,      SALC: Min = 1.907853846E-40, Max = 6.069456759E-08  Sum = 9.119626606E-05
                           Global mass = 3.189051377E+09
   Species 255,    SALCAL: Min = 0.000000000E+00, Max = 8.184154865E-08  Sum = 1.025695388E-03
                           Global mass = 9.003445878E+08
   Species 256,    SALCCL: Min = 0.000000000E+00, Max = 2.962165446E-08  Sum = 4.292404609E-05
                           Global mass = 1.683562953E+09
   Species 257,       SO2: Min = 0.000000000E+00, Max = 1.941378436E-08  Sum = 9.196821589E-06
                           Global mass = 2.774597524E+08
   Species 258,       SO4: Min = 2.742283901E-19, Max = 8.295947929E-09  Sum = 3.136330164E-05
                           Global mass = 1.638357417E+09
   Species 259,      SO4s: Min = 0.000000000E+00, Max = 1.697444442E-11  Sum = 1.335922629E-08
                           Global mass = 1.554127095E+06
   Species 260,     SOAGX: Min = 1.510856480E-15, Max = 9.639479215E-10  Sum = 8.336276113E-07
                           Global mass = 5.089516566E+07
   Species 261,     SOAIE: Min = 4.707572799E-15, Max = 1.649264725E-09  Sum = 1.806157383E-06
                           Global mass = 2.211081720E+08
   Species 262,      SOAP: Min = 0.000000000E+00, Max = 2.717448044E-09  Sum = 7.942343534E-07
                           Global mass = 1.348265026E+08
   Species 263,      SOAS: Min = 4.475137641E-14, Max = 3.369415635E-09  Sum = 6.903517385E-06
                           Global mass = 9.693584304E+08
   Species 264,      STYR: Min = 0.000000000E+00, Max = 2.077077572E-11  Sum = 1.480049319E-09
                           Global mass = 9.153924400E+04
   Species 265,   TLFUONE: Min = 0.000000000E+00, Max = 1.861362193E-12  Sum = 3.171548974E-10
                           Global mass = 3.244636085E+04
   Species 266,       TMB: Min = 0.000000000E+00, Max = 9.426535247E-11  Sum = 1.065054257E-08
                           Global mass = 1.153358183E+06
   Species 267,      TOLU: Min = 0.000000000E+00, Max = 1.042346098E-09  Sum = 3.111364206E-07
                           Global mass = 2.863256066E+07
   Species 268,      XYLE: Min = 0.000000000E+00, Max = 9.366555309E-10  Sum = 1.136874652E-07
                           Global mass = 1.194271123E+07
   Species 269,       CO2: Min = 2.770736755E-04, Max = 2.770742867E-04  Sum = 6.607210006E+01
                           Global mass = 2.153015903E+15
   Species 270,    LBRO2H: Min = 0.000000000E+00, Max = 3.596934491E-13  Sum = 6.681085196E-10
                           Global mass = 1.310586603E+05
   Species 271,    LBRO2N: Min = 0.000000000E+00, Max = 2.192714760E-12  Sum = 8.022035325E-10
                           Global mass = 1.451273386E+05
   Species 272,      BRO2: Min = 0.000000000E+00, Max = 3.031452856E-13  Sum = 2.637028554E-10
                           Global mass = 5.195109883E+04
   Species 273,   LISOPOH: Min = 0.000000000E+00, Max = 2.052998743E-10  Sum = 8.167267067E-08
                           Global mass = 5.282319173E+06
   Species 274,  LISOPNO3: Min = 0.000000000E+00, Max = 3.657699837E-11  Sum = 6.276304593E-09
                           Global mass = 4.945533279E+05
   Species 275,    LNRO2H: Min = 0.000000000E+00, Max = 0.000000000E+00  Sum = 0.000000000E+00
                           Global mass = 0.000000000E+00
   Species 276,    LNRO2N: Min = 0.000000000E+00, Max = 0.000000000E+00  Sum = 0.000000000E+00
                           Global mass = 0.000000000E+00
   Species 277,      NRO2: Min = 0.000000000E+00, Max = 1.000000003E-30  Sum = 4.305600014E-26
                           Global mass = 2.244119103E-14
   Species 278,       NAP: Min = 0.000000000E+00, Max = 1.000000003E-30  Sum = 4.305600014E-26
                           Global mass = 1.807194739E-14
   Species 279,    LTRO2H: Min = 0.000000000E+00, Max = 5.570696899E-13  Sum = 4.828283201E-10
                           Global mass = 8.618237659E+04
   Species 280,    LTRO2N: Min = 0.000000000E+00, Max = 1.556587671E-11  Sum = 1.398201960E-09
                           Global mass = 2.492178314E+05
   Species 281,      TRO2: Min = 0.000000000E+00, Max = 5.862325599E-13  Sum = 2.462478976E-10
                           Global mass = 4.543922848E+04
   Species 282,    LXRO2H: Min = 0.000000000E+00, Max = 1.213522338E-12  Sum = 4.122569337E-10
                           Global mass = 7.791811563E+04
   Species 283,    LXRO2N: Min = 0.000000000E+00, Max = 4.288144492E-11  Sum = 2.449674725E-09
                           Global mass = 4.741053282E+05
   Species 284,      XRO2: Min = 0.000000000E+00, Max = 3.798605311E-13  Sum = 2.061457841E-10
                           Global mass = 3.923030673E+04
   Species 285,    PH2SO4: Min = 0.000000000E+00, Max = 5.075658643E-11  Sum = 4.962072323E-09
                           Global mass = 5.385332460E+05
   Species 286,    PSO4AQ: Min = 0.000000000E+00, Max = 6.292416675E-12  Sum = 4.217430711E-10
                           Global mass = 3.616412068E+04
   Species 287,       POx: Min = 1.000000003E-30, Max = 4.031282117E-07  Sum = 2.541670894E-03
                           Global mass = 3.970035542E+09
   Species 288,       LOx: Min = 1.000000003E-30, Max = 4.140366912E-07  Sum = 2.537469224E-03
                           Global mass = 3.956599087E+09
   Species 289,       PCO: Min = 1.000000003E-30, Max = 4.859581071E-10  Sum = 2.428924256E-06
                           Global mass = 5.281938525E+07
   Species 290,       LCO: Min = 1.000000003E-30, Max = 4.249885999E-10  Sum = 3.143231496E-06
                           Global mass = 8.727620546E+07
   Species 291,      PSO4: Min = 1.000000003E-30, Max = 1.512895365E-10  Sum = 3.296879590E-08
                           Global mass = 3.534238645E+06
   Species 292,      LCH4: Min = 1.000000003E-30, Max = 1.702667868E-10  Sum = 2.031921936E-06
                           Global mass = 2.372708785E+07
   Species 293,     PH2O2: Min = 1.000000003E-30, Max = 1.438493769E-10  Sum = 6.652393564E-07
                           Global mass = 3.181554397E+07
   Species 294,         N: Min = 0.000000000E+00, Max = 1.597644136E-13  Sum = 2.896010633E-10
                           Global mass = 1.070211220E+02
   Species 295,       ETO: Min = 1.075883190E-38, Max = 5.430582376E-19  Sum = 1.670709550E-16
                           Global mass = 1.105958885E-02
   Species 296,    TLFUO2: Min = 0.000000000E+00, Max = 1.170550490E-14  Sum = 2.550628393E-12
                           Global mass = 4.005827778E+02
   Species 297,     ACRO2: Min = 0.000000000E+00, Max = 5.523853944E-13  Sum = 3.672690426E-11
                           Global mass = 3.808129916E+03
   Species 298,  HPALD1OO: Min = 0.000000000E+00, Max = 2.096777071E-13  Sum = 2.659773172E-11
                           Global mass = 4.593583057E+03
   Species 299,  HPALD2OO: Min = 0.000000000E+00, Max = 4.199156756E-13  Sum = 8.193315596E-11
                           Global mass = 1.374105922E+04
   Species 300,       INA: Min = 0.000000000E+00, Max = 2.497991423E-20  Sum = 5.989532397E-18
                           Global mass = 1.099754469E-03
   Species 301,      R7N1: Min = 0.000000000E+00, Max = 2.026319786E-13  Sum = 3.067897360E-10
                           Global mass = 7.452921620E+04
   Species 302,    C4HVP1: Min = 0.000000000E+00, Max = 4.385049927E-14  Sum = 8.772986514E-12
                           Global mass = 8.801076591E+02
   Species 303,    C4HVP2: Min = 0.000000000E+00, Max = 1.071560375E-13  Sum = 2.526892646E-11
                           Global mass = 2.400912094E+03
   Species 304,      R7O2: Min = 0.000000000E+00, Max = 6.299112273E-12  Sum = 1.969391681E-09
                           Global mass = 2.951470149E+05
   Species 305,     IDNOO: Min = 0.000000000E+00, Max = 7.344451585E-15  Sum = 2.026010408E-12
                           Global mass = 5.324052844E+02
   Species 306,     ICNOO: Min = 0.000000000E+00, Max = 4.706018561E-13  Sum = 1.730836865E-10
                           Global mass = 3.575977476E+04
   Species 307,       ROH: Min = 1.000000003E-30, Max = 1.541324568E-10  Sum = 6.844728564E-08
                           Global mass = 3.891764666E+06
   Species 308,      ZRO2: Min = 0.000000000E+00, Max = 3.564186909E-14  Sum = 4.707047983E-12
                           Global mass = 7.006815547E+02
   Species 309,  ISOPNOO2: Min = 0.000000000E+00, Max = 2.127712713E-14  Sum = 1.360488519E-11
                           Global mass = 2.709614564E+03
   Species 310,      ACO3: Min = 0.000000000E+00, Max = 8.590961872E-14  Sum = 3.012814919E-11
                           Global mass = 2.214029825E+03
   Species 311,     BENZO: Min = 6.513301628E-37, Max = 1.229488516E-13  Sum = 5.951346431E-11
                           Global mass = 7.822456548E+03
   Species 312,  ISOPNOO1: Min = 0.000000000E+00, Max = 4.049899318E-14  Sum = 1.343321300E-11
                           Global mass = 3.081092431E+03
   Species 313,  IDHNDOO1: Min = 0.000000000E+00, Max = 1.524208345E-14  Sum = 7.203548759E-12
                           Global mass = 1.477797389E+03
   Species 314,  IDHNDOO2: Min = 0.000000000E+00, Max = 5.679481696E-15  Sum = 5.322640209E-12
                           Global mass = 1.015583260E+03
   Species 315,     BUTO2: Min = 0.000000000E+00, Max = 2.837170332E-13  Sum = 2.372455619E-11
                           Global mass = 1.981524214E+03
   Species 316,      GCO3: Min = 1.000000003E-30, Max = 4.761346482E-13  Sum = 9.747332499E-10
                           Global mass = 9.646276267E+04
   Species 317,         H: Min = 1.000000003E-30, Max = 1.126816349E-11  Sum = 2.110421733E-08
                           Global mass = 2.946081029E+02
   Species 318,    IHPOO1: Min = 0.000000000E+00, Max = 6.118709868E-14  Sum = 4.719926228E-11
                           Global mass = 7.341892898E+03
   Species 319,    IHPOO2: Min = 0.000000000E+00, Max = 1.062344487E-14  Sum = 1.022552048E-11
                           Global mass = 1.672854888E+03
   Species 320,   IHPNDOO: Min = 0.000000000E+00, Max = 3.373339206E-14  Sum = 1.859860295E-11
                           Global mass = 4.449912500E+03
   Species 321,    IHPOO3: Min = 0.000000000E+00, Max = 9.022345588E-14  Sum = 6.990228650E-11
                           Global mass = 1.110789746E+04
   Species 322,      ETOO: Min = 1.000000003E-30, Max = 4.224049062E-12  Sum = 3.767642565E-09
                           Global mass = 3.029762789E+05
   Species 323,     BZCO3: Min = 0.000000000E+00, Max = 1.726384606E-14  Sum = 9.996377029E-12
                           Global mass = 1.549545799E+03
   Species 324,    BENZO2: Min = 6.465880432E-36, Max = 6.760064513E-13  Sum = 1.402923467E-09
                           Global mass = 2.356510017E+05
   Species 325,   AROMCO3: Min = 0.000000000E+00, Max = 1.802541804E-15  Sum = 2.605217063E-12
                           Global mass = 4.562751401E+02
   Species 326,   CH3CHOO: Min = 0.000000000E+00, Max = 7.843040695E-16  Sum = 2.431846433E-13
                           Global mass = 1.276129464E+01
   Species 327,     ICHOO: Min = 0.000000000E+00, Max = 4.578431191E-15  Sum = 3.735729513E-12
                           Global mass = 5.543847197E+02
   Species 328,    MEKCO3: Min = 0.000000000E+00, Max = 3.213196582E-13  Sum = 4.526267512E-11
                           Global mass = 4.479239436E+03
   Species 329,    ALK4N1: Min = 1.000000003E-30, Max = 1.125805466E-14  Sum = 2.329316532E-11
                           Global mass = 5.055010550E+03
   Species 330,      PRN1: Min = 0.000000000E+00, Max = 5.969676142E-11  Sum = 2.700204536E-09
                           Global mass = 3.879263586E+05
   Species 331,   MCROHOO: Min = 0.000000000E+00, Max = 5.255685278E-14  Sum = 2.805729589E-11
                           Global mass = 4.346672929E+03
   Species 332,   MVKOHOO: Min = 0.000000000E+00, Max = 5.755636853E-12  Sum = 4.916453378E-09
                           Global mass = 5.546032121E+05
   Species 333,     PINO3: Min = 1.000000003E-30, Max = 1.298558266E-12  Sum = 5.958737862E-10
                           Global mass = 1.087804512E+05
   Species 334,   MACR1OO: Min = 0.000000000E+00, Max = 7.233370261E-13  Sum = 4.769096057E-10
                           Global mass = 5.198706819E+04
   Species 335,       PO2: Min = 0.000000000E+00, Max = 7.681535096E-12  Sum = 2.810097908E-09
                           Global mass = 2.644136134E+05
   Species 336,   AROMRO2: Min = 1.000000003E-30, Max = 5.286238114E-11  Sum = 1.097897208E-08
                           Global mass = 3.388011112E+05
   Species 337,   IHPNBOO: Min = 0.000000000E+00, Max = 8.840179633E-15  Sum = 4.192618387E-12
                           Global mass = 9.891722514E+02
   Species 338,    LIMKO2: Min = 0.000000000E+00, Max = 1.286610358E-12  Sum = 1.114601121E-10
                           Global mass = 7.105625090E+03
   Species 339,   BPINOO2: Min = 0.000000000E+00, Max = 5.444119114E-12  Sum = 1.005800638E-09
                           Global mass = 2.040482465E+05
   Species 340,     LIMO3: Min = 1.000000003E-30, Max = 3.263752116E-12  Sum = 4.235705731E-10
                           Global mass = 5.400320673E+04
   Species 341,    BPINO2: Min = 0.000000000E+00, Max = 2.809903785E-12  Sum = 3.987196842E-10
                           Global mass = 4.698929529E+04
   Species 342,    APINO2: Min = 0.000000000E+00, Max = 1.791418056E-11  Sum = 2.831092235E-09
                           Global mass = 5.931429604E+05
   Species 343,     C96O2: Min = 1.000000003E-30, Max = 1.515280631E-12  Sum = 7.831196617E-10
                           Global mass = 1.468219589E+05
   Species 344,      OLNN: Min = 0.000000000E+00, Max = 1.482967568E-11  Sum = 4.647718009E-09
                           Global mass = 1.336134721E+05
   Species 345,     LIMO2: Min = 0.000000000E+00, Max = 9.258914815E-12  Sum = 6.971920558E-10
                           Global mass = 2.824060725E+04
   Species 346,  IEPOXBOO: Min = 0.000000000E+00, Max = 1.026451551E-14  Sum = 7.480488755E-12
                           Global mass = 1.307102710E+03
   Species 347,  IEPOXAOO: Min = 0.000000000E+00, Max = 2.554914796E-14  Sum = 1.866520834E-11
                           Global mass = 3.272873478E+03
   Species 348,      OLND: Min = 0.000000000E+00, Max = 5.220207253E-11  Sum = 1.001168039E-08
                           Global mass = 8.188782506E+05
   Species 349,      PIO2: Min = 0.000000000E+00, Max = 9.268726411E-12  Sum = 5.089870415E-10
                           Global mass = 3.540424351E+03
   Species 350,   IDHNBOO: Min = 0.000000000E+00, Max = 1.108384825E-11  Sum = 3.963314688E-09
                           Global mass = 9.231590668E+05
   Species 351,      ETO2: Min = 1.000000003E-30, Max = 7.758619593E-13  Sum = 3.304383619E-09
                           Global mass = 2.414099815E+05
   Species 352,    ALK4O2: Min = 0.000000000E+00, Max = 4.720886876E-12  Sum = 1.648729592E-09
                           Global mass = 1.366643030E+05
   Species 353,     IHOO4: Min = 0.000000000E+00, Max = 2.977628127E-12  Sum = 1.454830138E-09
                           Global mass = 1.734864146E+05
   Species 354,     IHOO1: Min = 0.000000000E+00, Max = 2.086121380E-11  Sum = 5.957329579E-09
                           Global mass = 7.393235607E+05
   Species 355,   MACRNO2: Min = 0.000000000E+00, Max = 2.763928223E-15  Sum = 2.316144090E-12
                           Global mass = 4.401090520E+02
   Species 356,     INO2B: Min = 0.000000000E+00, Max = 7.074672445E-12  Sum = 2.847792417E-09
                           Global mass = 5.861158116E+05
   Species 357,     INO2D: Min = 0.000000000E+00, Max = 6.342530667E-12  Sum = 2.424805552E-09
                           Global mass = 5.026855270E+05
   Species 358,     CH2OO: Min = 0.000000000E+00, Max = 1.751267750E-16  Sum = 9.673784874E-14
                           Global mass = 4.797754634E+00
   Species 359,      ATO2: Min = 1.000000003E-30, Max = 5.978855648E-13  Sum = 3.955460853E-09
                           Global mass = 5.208563599E+05
   Species 360,    OTHRO2: Min = 1.000000003E-30, Max = 4.393777876E-12  Sum = 4.914073775E-09
                           Global mass = 3.496276591E+05
   Species 361,      R4N1: Min = 1.000000003E-30, Max = 1.815393842E-11  Sum = 8.856022593E-10
                           Global mass = 2.080985488E+05
   Species 362,      R4O2: Min = 1.000000003E-30, Max = 4.156192751E-12  Sum = 2.958918981E-09
                           Global mass = 2.830597525E+05
   Species 363,       KO2: Min = 1.000000003E-30, Max = 3.050571254E-11  Sum = 5.960511471E-09
                           Global mass = 1.889090777E+05
   Species 364,      A3O2: Min = 1.000000003E-30, Max = 5.944109137E-13  Sum = 8.968558666E-10
                           Global mass = 7.300585223E+04
   Species 365,      RCO3: Min = 1.000000003E-30, Max = 1.755363975E-12  Sum = 1.710347288E-09
                           Global mass = 1.795573627E+05
   Species 366,      B3O2: Min = 1.000000003E-30, Max = 2.352461108E-12  Sum = 3.532182410E-09
                           Global mass = 2.898326984E+05
   Species 367,      MCO3: Min = 1.000000003E-30, Max = 5.190777929E-12  Sum = 1.346091606E-08
                           Global mass = 1.289087311E+06
   Species 368,       MO2: Min = 1.000000003E-30, Max = 2.870844014E-11  Sum = 4.653707624E-07
                           Global mass = 2.656274054E+07
   Species 369,       O1D: Min = 0.000000000E+00, Max = 1.832920683E-14  Sum = 7.147685356E-11
                           Global mass = 2.538849787E+01
   Species 370,       HO2: Min = 1.000000003E-30, Max = 3.426940676E-10  Sum = 3.605302728E-06
                           Global mass = 3.144639401E+07
   Species 371,         O: Min = 0.000000000E+00, Max = 1.789265411E-07  Sum = 5.356462710E-04
                           Global mass = 1.474564433E+08
   Species 372,        OH: Min = 1.000000003E-30, Max = 7.234799426E-10  Sum = 4.367536690E-06
                           Global mass = 2.320345836E+06
   Species 373,        H2: Min = 1.000000003E-30, Max = 5.262848504E-07  Sum = 9.772240843E-02
                           Global mass = 1.782088830E+11
   Species 374,        N2: Min = 1.000000003E-30, Max = 8.232958317E-01  Sum = 1.526253159E+05
                           Global mass = 3.860227244E+18
   Species 375,        O2: Min = 1.000000003E-30, Max = 2.209022641E-01  Sum = 4.095159350E+04
                           Global mass = 1.182875263E+18
Chem_KPPHvalue       : Min = 0.000000000E+00  Max = 1.200000000E+03  Sum = 1.989154109E+08
Chem_WetDepNitrogen  : Min = ***************  Max = 2.583200043E-10  Sum = 1.418655544E-08
Chem_DryDepNitrogen  : Min = 1.319048100E+07  Max = 4.593130537E+11  Sum = 2.857613531E+13
Chem_H2O2AfterChem   : Min = 0.000000000E+00  Max = 4.529472797E-09  Sum = 5.280705164E-05
Chem_SO2AfterChem    : Min = 5.968152694E-33  Max = 1.929614690E-08  Sum = 6.603860567E-06
Chem_AeroH2OSNA      : Min = 0.000000000E+00  Max = 1.042489748E-04  Sum = 1.882307986E-01
Chem_StatePSC        : Min = 0.000000000E+00  Max = 3.000000000E+00  Sum = 3.708300000E+04
Chem_JOH             : Min = 0.000000000E+00  Max = 6.450181245E-04  Sum = 4.406222358E-01
Chem_JNO2            : Min = 0.000000000E+00  Max = 1.226556022E-02  Sum = 8.224472205E+00
===============================================================================
  Initializing Cloud-J
  Solar/Cloud-J  ver-8.0 initialization parameters
 params RAD ZZHT 6.37500E+08 5.00000E+05
 params CLDCOR  0.3300
 params NWBIN LNRG CLDFLAG   18    6    3
params ATAU0=  0.0050  ATAU=  1.0500   option(ATM0)=  1
params W_= 18  S_= 18  W_r=  0
params use_H2O_UV_abs=T
NJSUB=
  1  1  1  1  1  1  1  1  1  1  1  1  1  1  1  1  1  1  0  0  0  0  0  0  0  0  0
FJX_spec.dat for Solar/Cloud-J v8
   18 photo-chem wl bins    27 solar heating bins 
  w-eff  wavelength (nm) notes: wtd by SPhot for 1:18, by SWatt for 19:27 
 w-bins   wavel(microns) notes: edges of bins w<291nm is mixed by opac dist fn 
  SPhot    solar #/cm2/s notes: SUSIM average 11Nov94(low) + 29Mar92(med-high) 
  SWatt   solarheat W/m2 notes: v75a+ (17:18 @ 485nm) scaled to 1360.8 W/m2 
 total Solar flux=   1360.7990000000002     
  Y-PAR photosyn act rad notes: Mccree 1972ab PAR spectrum 
 X-Rayl Rayleigh Scatter notes: flux weighted (SPhot for 1:18, SWATT for 19:21) mean X-sect (cm^2) 
 SJbins SJ bin fractions notes: sub-bin breakdown of SJ bins 18-27  Not used is S_=18 
       0.971280  0.024620  0.002530  0.001350  0.000230
       0.000000  0.000000  0.000000  0.000000  0.000000
       0.000000  0.000000  0.000000  0.000000  0.000000
       0.302620  0.274180  0.118090  0.101750  0.082990
       0.062400  0.042340  0.004600  0.006820  0.004210
       0.000000  0.000000  0.000000  0.000000  0.000000
       0.941660  0.058340  0.000000  0.000000  0.000000
       0.000000  0.000000  0.000000  0.000000  0.000000
       0.000000  0.000000  0.000000  0.000000  0.000000
       0.147440  0.148060  0.142760  0.131860  0.118970
       0.103480  0.084540  0.063640  0.047940  0.011330
       0.000000  0.000000  0.000000  0.000000  0.000000
       0.167920  0.160660  0.147290  0.132890  0.110040
       0.094190  0.076390  0.057530  0.043060  0.010030
       0.000000  0.000000  0.000000  0.000000  0.000000
       0.143810  0.146380  0.141370  0.132600  0.224870
       0.150850  0.055780  0.004340  0.000000  0.000000
       0.000000  0.000000  0.000000  0.000000  0.000000
       0.165980  0.152300  0.140200  0.128990  0.215000
       0.142480  0.051350  0.003700  0.000000  0.000000
       0.000000  0.000000  0.000000  0.000000  0.000000
       0.152410  0.148420  0.143780  0.130650  0.116150
       0.186110  0.063480  0.047720  0.003880  0.005330
       0.001450  0.000620  0.000000  0.000000  0.000000
       0.301510  0.266550  0.222250  0.148970  0.056210
       0.004510  0.000000  0.000000  0.000000  0.000000
       0.000000  0.000000  0.000000  0.000000  0.000000
       0.103090  0.166040  0.153310  0.138870  0.212750
       0.144420  0.064740  0.009880  0.003470  0.002390
       0.000910  0.000130  0.000000  0.000000  0.000000
 H2O    H2O UV absorpt    notes: Pei++ 2019   (2023-01-17 MJP)                                                                                          
     O2                  notes: J10X; corr.bin8  
     O3                  notes: J10x +IUPAC 2/2013  
 O3(1D)                  notes: J10x; 3/2013  
     NO                  notes: J10x0.6  
  H2SO4                  notes: Mills  
  H2COa                  notes: J10  
  H2COa                  notes: J10  
  H2COb                  notes: J10  
  H2COb                  notes: J10  
   H2O2                  notes: J10  
   H2O2                  notes: J10  
 CH3OOH                  notes: J10  
    NO2                  notes: J10  
    NO2                  notes: J10  
    NO3                  notes: J10X; 190b: NO3b=>NO+O2; 190c: NO3a=>NO2+O  
    NO3                  notes: J10X; use Jb/Jtot=0.118  
   N2O5                  notes: J10  
   N2O5                  notes: J10  
   HNO2                  notes: J10  
   HNO3                  notes: J10  
   HNO3                  notes: J10  
   HNO4                  notes: J10  
 ClNO3a                  notes: J10  
 ClNO3a                  notes: J10  
 ClNO3b                  notes: J10  
 ClNO3b                  notes: J10  
  ClNO2                  notes: J15  
  ClNO2                  notes: J15  
    Br2                  notes: J10  
  BrNO2                  notes: J10  
    Cl2                  notes: J10  
    Cl2                  notes: J10  
   HOCl                  notes: J10  
   OClO                  notes: J10  
   ClOO                  notes: J15  
  Cl2O2                  notes: J15  
    ClO                  notes: J10  
    BrO                  notes: J10  
  BrNO3                  notes: J10  
  BrNO3                  notes: J10  
   HOBr                  notes: J10  
   BrCl                  notes: J10  
   BrCl                  notes: J10  
    N2O                  notes: J10  
    N2O                  notes: J10  
  CFCl3                  notes: J10  
  CFCl3                  notes: J10  
 CF2Cl2                  notes: J10  
 CF2Cl2                  notes: J10  
   F113                  notes: J10  
   F113                  notes: J10  
   F114                  notes: J10  
   F114                  notes: J10  
   F115                  notes: J10  
   CCl4                  notes: J10  
   CCl4                  notes: J10  
  CH3Cl                  notes: J10  
  CH3Cl                  notes: J10  
 MeCCl3                  notes: J10  
 MeCCl3                  notes: J10  
 CH2Cl2                  notes: J10  
 CH2Cl2                  notes: J10  
 CHF2Cl                  notes: J10  
 CHF2Cl                  notes: J10  
   F123                  notes: J10  
   F123                  notes: J10  
  F141b                  notes: J10  
  F141b                  notes: J10  
  F142b                  notes: J10  
  F142b                  notes: J10  
  CH3Br                  notes: J10  
  CH3Br                  notes: J10  
  H1211                  notes: J10  
  H1211                  notes: J10  
  H1301                  notes: J10  
  H1301                  notes: J10  
  H2402                  notes: J10  
  H2402                  notes: J10  
 CH2Br2                  notes: J10  
 CH2Br2                  notes: J10  
  CHBr3                  notes: J15  
  CHBr3                  notes: J15  
   CF3I                  notes: J10  
   CF3I                  notes: J10  
    OCS                  notes: J10  
    OCS                  notes: J10  
    HAC                  notes: J10  
    PAN                  notes: J10  
    PAN                  notes: J10  
    PPN                  notes: J10  
    PPN                  notes: J10  
 CH3NO3                  notes: J10  
 CH3NO3                  notes: J10  
 ActAld                  notes: CH3CO IUPAC 2014 sheet P2; 298K & q2=0.88 (CH3+HCO)  
 ActAld                  notes: q3=0.12 (H+CH3CO); q1=0.00 (CH4+CO); q's based on 1 bar 
 ActAld                  notes: wave > 300 nm   
   MeVK                  notes: J10  
   MeVK                  notes: J10  
   MeVK                  notes: J10  
  MeAcr                  notes: J10  
 GlyAld                  notes: J10  
 MEKeto                  notes: X67  
 MEKeto                  notes: X67  
  PrAld                  notes: J10  
 MGlyxl                  notes: J10  
 MGlyxl                  notes: J10  
 MGlyxl                  notes: J10  
 Glyxla                  notes: J10  
 Glyxla                  notes: J10  
 Glyxlb                  notes: J10  
 Glyxlb                  notes: J10  
 Glyxlc                  notes: J10  
 Glyxlc                  notes: J10  
 Acet-a                  notes: J10c  
 Acet-a                  notes: J10c  
 Acet-a                  notes: J10c  
 Acet-b                  notes: J10c  
 Acet-b                  notes: J10c  
 Acet-b                  notes: J10c  
  ONIT1                  notes: 
    MPN                  notes: 
  ETHLN                  notes: 
 PROPNN                  notes: 
   MVKN                  notes: 
  MACRN                  notes: 
   NITP                  notes: J10  
 HPALD1                  notes: J10  
 HPALD2                  notes: J10  
 PrAldP                  notes: J10  
    ICN                  notes: J10  
 MACRNP                  notes: J10  
  MVKCN                  notes: J10  
   ENOL                  notes: 
  ONIT2                  notes: 
    HP2                  notes: J10  
   HMHP                  notes: J10  
   CH3I                  notes: J15  
   CH3I                  notes: J15  
  CH2I2                  notes: J15  
  CH2I2                  notes: J15  
 CH2ICl                  notes: J15  
 CH2ICl                  notes: J15  
 CH2IBr                  notes: J15  
 CH2IBr                  notes: J15  
     I2                  notes: J15  
    HOI                  notes: J15  
     IO                  notes: J15  
    OIO                  notes: J15  
    INO                  notes: J15  
   IONO                  notes: J15  
  IONO2                  notes: J15  
   I2O2                  notes: J15  
   I2O3                  notes: J15  
    ICl                  notes: J15  
    IBr                  notes: J15  
  MENO3                  notes: MPI/Mainz  
  MENO3                  notes: MPI/Mainz  
  ETNO3                  notes: MPI/Mainz  
  ETNO3                  notes: MPI/Mainz  
 IPRNO3                  notes: MPI/Mainz  
 IPRNO3                  notes: MPI/Mainz  
 NPRNO3                  notes: MPI/Mainz  
   BALD                  notes: 
 endofJ                  notes: 
 X-sects    1      O2                       3   180.0 260.0 300.0
 X-sects    2      O3                       3   218.0 258.0 298.0
 X-sects    3  O3(1D)                       3   200.0 260.0 320.0
 X-sects    4      NO                    x  1   298.0
 X-sects    5   H2SO4                    x  1   298.0
 X-sects    6   H2COa                       2   223.0 298.0
 X-sects    7   H2COb                       2   223.0 298.0
 X-sects    8    H2O2                       2   200.0 300.0
 X-sects    9  CH3OOH                       1   298.0
 X-sects   10     NO2                       2   200.0 294.0
 X-sects   11     NO3                       2   190.0 298.0
 X-sects   12    N2O5                       2   233.0 300.0
 X-sects   13    HNO2                       1   300.0
 X-sects   14    HNO3                       2   200.0 300.0
 X-sects   15    HNO4                       1   300.0
 X-sects   16  ClNO3a                       2   200.0 300.0
 X-sects   17  ClNO3b                       2   200.0 300.0
 X-sects   18   ClNO2                       2   210.0 296.0
 X-sects   19     Br2                       1   298.0
 X-sects   20   BrNO2                       1   298.0
 X-sects   21     Cl2                       2   200.0 300.0
 X-sects   22    HOCl                       1   300.0
 X-sects   23    OClO                       1   204.0
 X-sects   24    ClOO                       1   298.0
 X-sects   25   Cl2O2                       1   250.0
 X-sects   26     ClO                       1   300.0
 X-sects   27     BrO                       1   300.0
 X-sects   28   BrNO3                       2   200.0 300.0
 X-sects   29    HOBr                       1   300.0
 X-sects   30    BrCl                       2   200.0 300.0
 X-sects   31     N2O                    x  2   200.0 300.0
 X-sects   32   CFCl3                    x  2   220.0 298.0
 X-sects   33  CF2Cl2                    x  2   220.0 300.0
 X-sects   34    F113                    x  2   210.0 300.0
 X-sects   35    F114                    x  2   210.0 300.0
 X-sects   36    F115                    x  1   300.0
 X-sects   37    CCl4                    x  2   200.0 300.0
 X-sects   38   CH3Cl                    x  2   200.0 300.0
 X-sects   39  MeCCl3                    x  2   200.0 300.0
 X-sects   40  CH2Cl2                    x  2   200.0 300.0
 X-sects   41  CHF2Cl                    x  2   200.0 300.0
 X-sects   42    F123                    x  2   210.0 295.0
 X-sects   43   F141b                    x  2   200.0 300.0
 X-sects   44   F142b                    x  2   210.0 298.0
 X-sects   45   CH3Br                    x  2   200.0 300.0
 X-sects   46   H1211                    x  2   200.0 300.0
 X-sects   47   H1301                    x  2   200.0 300.0
 X-sects   48   H2402                    x  2   200.0 300.0
 X-sects   49  CH2Br2                       2   200.0 300.0
 X-sects   50   CHBr3                       2   260.0 296.0
 X-sects   51    CF3I                       2   243.0 300.0
 X-sects   52     OCS                       2   200.0 300.0
 X-sects   53     HAC                       1   298.0
 X-sects   54     PAN                       2   250.0 298.0
 X-sects   55     PPN                       2   250.0 298.0
 X-sects   56  CH3NO3                       2   200.0 300.0
 X-sects   57  ActAld                    p  3   177.0 566.0 999.0
 X-sects   58    MeVK                    p  3   177.0 566.0 999.0
 X-sects   59   MeAcr                       1   298.0
 X-sects   60  GlyAld                       1   298.0
 X-sects   61  MEKeto                    p  2   177.0 999.0
 X-sects   62   PrAld                       1   298.0
 X-sects   63  MGlyxl                    p  3   177.0 566.0 999.0
 X-sects   64  Glyxla                    p  2   177.0 999.0
 X-sects   65  Glyxlb                    p  2   177.0 999.0
 X-sects   66  Glyxlc                    p  2   177.0 999.0
 X-sects   67  Acet-a                    p  3   177.0 566.0 999.0
 X-sects   68  Acet-b                       3   235.0 260.0 298.0
 X-sects   69   ONIT1                       1   298.0
 X-sects   70     MPN                       1   298.0
 X-sects   71   ETHLN                       1   298.0
 X-sects   72  PROPNN                       1   298.0
 X-sects   73    MVKN                       1   298.0
 X-sects   74   MACRN                       1   298.0
 X-sects   75    NITP                       1   298.0
 X-sects   76  HPALD1                       1   298.0
 X-sects   77  HPALD2                       1   298.0
 X-sects   78  PrAldP                       1   298.0
 X-sects   79     ICN                       1   298.0
 X-sects   80  MACRNP                       1   298.0
 X-sects   81   MVKCN                       1   298.0
 X-sects   82    ENOL                       1   298.0
 X-sects   83   ONIT2                       1   298.0
 X-sects   84     HP2                       1   298.0
 X-sects   85    HMHP                       1   298.0
 X-sects   86    CH3I                       2   210.0 298.0
 X-sects   87   CH2I2                       2   273.0 298.0
 X-sects   88  CH2ICl                       2   223.0 298.0
 X-sects   89  CH2IBr                       2   273.0 298.0
 X-sects   90      I2                       1   295.0
 X-sects   91     HOI                       1   298.0
 X-sects   92      IO                       1   298.0
 X-sects   93     OIO                       1   298.0
 X-sects   94     INO                       1   298.0
 X-sects   95    IONO                       1   298.0
 X-sects   96   IONO2                       1   298.0
 X-sects   97    I2O2                       1   298.0
 X-sects   98    I2O3                       1   298.0
 X-sects   99     ICl                       1   298.0
 X-sects  100     IBr                       1   298.0
 X-sects  101   MENO3                       2   240.0 298.0
 X-sects  102   ETNO3                       2   240.0 298.0
 X-sects  103  IPRNO3                       2   240.0 298.0
 X-sects  104  NPRNO3                       1   298.0
 X-sects  105    BALD                       1   298.0
KR/KDOKR(KR)/LDOKR(KR)    1    1    1
KR/KDOKR(KR)/LDOKR(KR)    2    2    1
KR/KDOKR(KR)/LDOKR(KR)    3    3    1
KR/KDOKR(KR)/LDOKR(KR)    4    4    1
KR/KDOKR(KR)/LDOKR(KR)    5    5    1
KR/KDOKR(KR)/LDOKR(KR)    6    6    1
KR/KDOKR(KR)/LDOKR(KR)    7    7    1
KR/KDOKR(KR)/LDOKR(KR)    8    8    1
KR/KDOKR(KR)/LDOKR(KR)    9    9    1
KR/KDOKR(KR)/LDOKR(KR)   10   10    1
KR/KDOKR(KR)/LDOKR(KR)   11   11    1
KR/KDOKR(KR)/LDOKR(KR)   12   12    1
KR/KDOKR(KR)/LDOKR(KR)   13   13    1
KR/KDOKR(KR)/LDOKR(KR)   14   14    1
KR/KDOKR(KR)/LDOKR(KR)   15   15    1
KR/KDOKR(KR)/LDOKR(KR)   16   16    1
KR/KDOKR(KR)/LDOKR(KR)   17   17    1
KR/KDOKR(KR)/LDOKR(KR)   18   18    1
Cloud-J v7.5A NEW cloud scattering and absorption:  17:18 bin edge now 485 nm, 1
     3     6    27 types of clouds & #Reff
Cloud#   1 Liquid Water 1.00000
Cloud#   2 Ice-Irrg/wrm 0.91700
Cloud#   3 Ice-Hexg/cld 0.91700
 ATAU/ATAU0  1.05000  0.00500
FJX_scat-ssa.dat v7.5A    S=27 RRTMG & 17:18 edge = 485nm (05/2019)
    18 types of strat sulf aerosols
   1 Bkgd220K50      0.1308    1.4572   220.0    50.0
   2 Bkgd250K50      0.1308    1.4308   250.0    50.0
   3 Bkgd280K50      0.1308    1.4056   280.0    50.0
   4 Bkgd220K70      0.1308    1.6885   220.0    70.0
   5 Bkgd250K70      0.1308    1.6566   250.0    70.0
   6 Bkgd280K70      0.1308    1.6268   280.0    70.0
   7 Bkgd220K90      0.1308    1.8948   220.0    90.0
   8 Bkgd250K90      0.1308    1.8615   250.0    90.0
   9 Bkgd280K90      0.1308    1.8306   280.0    90.0
  10 Volc220K50      0.4218    1.4572   220.0    50.0
  11 Volc250K50      0.4218    1.4308   250.0    50.0
  12 Volc280K50      0.4218    1.4056   280.0    50.0
  13 Volc220K70      0.4218    1.6885   220.0    70.0
  14 Volc250K70      0.4218    1.6566   250.0    70.0
  15 Volc280K70      0.4218    1.6268   280.0    70.0
  16 Volc220K90      0.4218    1.8948   220.0    90.0
  17 Volc250K90      0.4218    1.8615   250.0    90.0
  18 Volc280K90      0.4218    1.8306   280.0    90.0
    8/projects/b56h/ExtData//CHEM_INPUTS/CLOUD_J/v2025-01//FJX_scat-aer.dat
(FJX_scat-aer.dat) Aerosol scatter phase fns (v 7.3+, new format, old data)
    1        RAYLE     0.001    1.000  123.500  123.500   39.100    7.700    1.000  Rayleigh phase
    2        ISOTR     0.001    1.000    1.000    1.000    1.000    1.000    1.000  isotropic
    3        ABSRB     0.039    1.000    1.000    1.000    1.000    1.000    1.000  fully absorbing 'soot', wavelength indep.
    4        S_Bkg     0.221    1.700    2.754    2.754    2.402    1.645    0.745  backgrnd stratospheric sulfate (n=1.46, log-norm: r=.09um/sigma=.6)
    5        S_Vol     0.386    1.000    2.644    2.644    2.560    2.222    1.532  volcanic stratospheric sulfate (n=1.46, log-norm: r=.08um/sigma=.8)
    6        W_H01     0.250    1.000    2.844    2.844    2.350    1.404    0.503  water haze (H1/Deirm.) (n=1.335, gamma:  r-mode=0.1um / alpha=2)
    7        W_H04     1.000    1.000    2.300    2.300    2.474    2.672    2.957  water haze (H1/Deirm.) (n=1.335, gamma:  r-mode=0.4um / alpha=2)
    8        W_C02     3.000    1.000    2.141    2.141    2.178    2.229    2.307  water cloud (C1/Deirm.) (n=1.335, gamma:  r-mode=2.0um / alpha=6)
    9        W_C04     6.000    1.000    2.083    2.083    2.106    2.135    2.192  water cloud (C1/Deirm.) (n=1.335, gamma:  r-mode=4.0um / alpha=6)
   10        W_C08    12.000    1.000    2.054    2.054    2.064    2.088    2.124  water cloud (C1/Deirm.) (n=1.335, gamma:  r-mode=8.0um / alpha=6)
   11        W_C13    20.000    1.000    2.044    2.044    2.053    2.072    2.098  water cloud (C1/Deirm.) (n=1.335, gamma:  r-mode=13.3um / alpha=6)
   12        W_L06    10.000    1.000    2.062    2.062    2.075    2.100    2.142  water cloud (Lacis) (n=1.335, r-mode=5.5um / alpha=11/3)
   13        Ice-H    67.000    1.000    2.000    2.000    2.000    2.000    2.000  hexagonal ice cloud (Mishchenko)
   14        Ice-I    50.000    1.000    2.000    2.000    2.000    2.000    2.000  irregular ice cloud (Mishchenko)
   15   Mdust 0.15     0.151    2.500    3.330    3.704    2.739    1.074    0.202  mineral dust (R.V.Martin and I.Singh, log-norm: r_g=0.5 um, sigma_g=2.2)
   16   Mdust 0.25     0.251    2.500    2.385    3.015    3.815    2.944    0.965  mineral dust (R.V.Martin and I.Singh, log-norm: r_g=0.5 um, sigma_g=2.2)
   17    Mdust 0.4     0.424    2.500    2.374    2.388    2.624    3.599    2.769  mineral dust (R.V.Martin and I.Singh, log-norm: r_g=0.09 um, sigma_g=2.2)
   18    Mdust 0.8     0.805    2.500    2.224    2.291    2.383    2.348    2.799  mineral dust (R.V.Martin and I.Singh, log-norm: r_g=0.5 um, sigma_g=2.2)
   19    Mdust 1.5     1.497    2.650    2.148    2.195    2.239    2.324    2.380  mineral dust (R.V.Martin and I.Singh, log-norm: r_g=4.0 um, sigma_g=2.2)
   20    Mdust 2.5     2.489    2.650    2.098    2.144    2.174    2.267    2.322  mineral dust (R.V.Martin and I.Singh, log-norm: r_g=4.0 um, sigma_g=2.2)
   21    Mdust 4.0     3.721    2.650    2.083    2.110    2.130    2.175    2.243  mineral dust (R.V.Martin and I.Singh, log-norm: r_g=0.09 um, sigma_g=2.2)
   22     S00(dar)     0.121    1.700    2.333    2.333    1.612    0.748    0.211  Trop sulphate, RH=00 (n@550=1.53-0.01i log-norm: r=.07um/sigma=1.6)
   23     S50(dar)     0.149    1.700    2.417    2.417    1.710    0.835    0.249  Trop sulphate, RH=50 (n@550=1.44 0.00i log-norm: r=.09um/sigma=1.6)
   24     S70(dar)     0.162    1.700    2.485    2.485    1.795    0.896    0.275  Trop sulphate, RH=70 (n@550=1.41 0.00i log-norm: r=.09um/sigma=1.6)
   25     S80(dar)     0.174    1.700    2.557    2.557    1.880    0.965    0.304  Trop sulphate, RH=80 (n@550=1.40 0.00i log-norm: r=.10um/sigma=1.6)
   26     S90(dar)     0.198    1.700    2.697    2.697    2.059    1.117    0.373  Trop sulphate, RH=90 (n@550=1.38 0.00i log-norm: r=.11um/sigma=1.6)
   27     S95(dar)     0.227    1.700    2.836    2.836    2.283    1.321    0.472  Trop sulphate, RH=95 (n@550=1.36 0.00i log-norm: r=.13um/sigma=1.6)
   28     S99(dar)     0.304    1.700    2.998    2.998    2.733    1.867    0.799  Trop sulphate, RH=99 (n@550=1.34 0.00i log-norm: r=.18um/sigma=1.6)
   29    BC00(rvm)     0.035    1.800    0.954    0.954    0.623    0.328    0.169  Black C, RH=00 (n@550=1.75-.44i log-norm: r_g=.02um/sigma=1.6)
   30    BC50(rvm)     0.035    1.800    0.954    0.954    0.623    0.328    0.169  Black C, RH=50 (n@550=1.75-.44i log-norm: r_g=.02um/sigma=1.6)
   31    BC70(rvm)     0.035    1.800    0.954    0.954    0.623    0.328    0.169  Black C, RH=70 (n@550=1.75-.44i log-norm: r_g=.02um/sigma=1.6)
   32    BC80(rvm)     0.042    1.800    0.814    0.814    0.527    0.274    0.140  Black C, RH=80 (n@550=1.57-.25i log-norm: r_g=.02um/sigma=1.6)
   33    BC90(rvm)     0.049    1.800    0.728    0.728    0.461    0.232    0.114  Black C, RH=90 (n@550=1.48-.16i log-norm: r_g=.02um/sigma=1.6)
   34    BC95(rvm)     0.052    1.800    0.705    0.705    0.440    0.217    0.103  Black C, RH=95 (n@550=1.45-.13i log-norm: r_g=.02um/sigma=1.6)
   35    BC99(rvm)     0.066    1.800    0.703    0.703    0.418    0.188    0.078  Black C, RH=99 (n@550=1.39-.06i log-norm: r_g=.02um/sigma=1.6)
   36    OC00(rvm)     0.127    1.300    2.457    2.457    1.746    0.840    0.240  Organic C, RH=00 (n@550=1.53-.006i log-norm: r_g=.07um/sigma=1.6)
   37    OC50(rvm)     0.139    1.300    2.366    2.366    1.654    0.790    0.230  Organic C, RH=50 (n@550=1.46-.004i log-norm: r_g=.08um/sigma=1.6)
   38    OC70(rvm)     0.144    1.300    2.362    2.362    1.650    0.792    0.232  Organic C, RH=70 (n@550=1.44-.003i log-norm: r_g=.08um/sigma=1.6)
   39    OC80(rvm)     0.149    1.300    2.369    2.369    1.659    0.800    0.236  Organic C, RH=80 (n@550=1.43-.003i log-norm: r_g=.09um/sigma=1.6)
   40    OC90(rvm)     0.159    1.300    2.406    2.406    1.700    0.833    0.251  Organic C, RH=90 (n@550=1.41-.002i log-norm: r_g=.09um/sigma=1.6)
   41    OC95(rvm)     0.171    1.300    2.473    2.473    1.776    0.890    0.275  Organic C, RH=95 (n@550=1.39-.002i log-norm: r_g=.10um/sigma=1.6)
   42    OC99(rvm)     0.203    1.300    2.673    2.673    2.028    1.092    0.363  Organic C, RH=99 (n@550=1.36-.001i log-norm: r_g=.12um/sigma=1.6)
   43   SSa00(rvm)     0.129    2.200    2.541    2.541    1.677    0.707    0.157  Sea Salt (accum), RH=00 (n@550=1.50 log-norm: r=.09um/sigma=1.5)
   44   SSa50(rvm)     0.207    2.200    2.930    2.930    2.234    1.166    0.355  Sea Salt (accum), RH=50 (n@550=1.37 log-norm: r=.14um/sigma=1.5)
   45   SSa70(rvm)     0.233    2.200    3.040    3.040    2.446    1.370    0.451  Sea Salt (accum), RH=70 (n@550=1.36 log-norm: r=.15um/sigma=1.5)
   46   SSa80(rvm)     0.256    2.200    3.103    3.103    2.619    1.556    0.548  Sea Salt (accum), RH=80 (n@550=1.35 log-norm: r=.17um/sigma=1.5)
   47   SSa90(rvm)     0.306    2.200    3.132    3.132    2.907    1.950    0.782 Sea Salt (accum), RH=90 (n@550=1.34 log-norm: r=.20um/sigma=1.5)
   48   SSa95(rvm)     0.372    2.200    3.016    3.016    3.094    2.407    1.124  Sea Salt (accum), RH=95 (n@550=1.34 log-norm: r=.25um/sigma=1.5)
   49   SSa99(rvm)     0.613    2.200    2.496    2.496    2.818    3.100    2.291  Sea Salt (accum), RH=99 (n@550=1.33 log-norm: r=.41um/sigma=1.5)
   50   SSc00(rvm)     0.952    2.200    2.344    2.344    2.449    2.677    2.900  Sea Salt (coarse), RH=00 (n@550=1.50 log-norm: r=0.4um/sigma=1.8)
   51   SSc50(rvm)     1.534    2.200    2.249    2.249    2.318    2.484    2.768  Sea Salt (coarse), RH=50 (n@550=1.37 log-norm: r=0.6um/sigma=1.8)
   52   SSc70(rvm)     1.725    2.200    2.229    2.229    2.290    2.434    2.719  Sea Salt (coarse), RH=70 (n@550=1.36 log-norm: r=0.7um/sigma=1.8)
   53   SSc80(rvm)     1.899    2.200    2.214    2.214    2.268    2.396    2.672  Sea Salt (coarse), RH=80 (n@550=1.35 log-norm: r=0.8um/sigma=1.8)
   54   SSc90(rvm)     2.274    2.200    2.189    2.189    2.234    2.333    2.577  Sea Salt (coarse), RH=90 (n@550=1.34 log-norm: r=1.0um/sigma=1.8)
   55   SSc95(rvm)     2.780    2.200    2.164    2.164    2.202    2.278    2.470  Sea Salt (coarse), RH=95 (n@550=1.34 log-norm: r=1.2um/sigma=1.8)
   56   SSc99(rvm)     4.669    2.200    2.115    2.115    2.140    2.187    2.279  Sea Salt (coarse), RH=99 (n@550=1.33 log-norm: r=2.0um/sigma=1.8)
<--J-value data from chemistry code: id#, reaction,       factor/fastJX/code(a6)                                        
 Photochemistry Scheme with 177 J-values
    1 O2        PHOTON    O         O                    1.000 mapped to FJX:   1 O2    
    2 O3        PHOTON    O2        O                    1.000 mapped to FJX:   2 O3    
    3 O3        PHOTON    O2        O(1D)                1.000 mapped to FJX:   3 O3(1D)
    4 H2O       PHOTON    OH        H                    0.000 no mapping onto fast-JX H2O   
    5 HO2       PHOTON    OH        O                    0.000 no mapping onto fast-JX HO2   
    6 NO        PHOTON    N         O                    1.000 mapped to FJX:   4 NO    
    7 CH2O      PHOTON    H         HO2      CO          1.000 mapped to FJX:   6 H2COa 
    8 CH2O      PHOTON    CO        H2                   1.000 mapped to FJX:   7 H2COb 
    9 H2O2      PHOTON    OH        OH                   1.000 mapped to FJX:   8 H2O2  
   10 MP        PHOTON    CH2O      HO2      OH          1.000 mapped to FJX:   9 CH3OOH
   11 NO2       PHOTON    NO        O                    1.000 mapped to FJX:  10 NO2   
   12 NO3       PHOTON    NO2       O                    0.886 mapped to FJX:  11 NO3   
   13 NO3       PHOTON    NO        O2                   0.114 mapped to FJX:  11 NO3   
   14 N2O5      PHOTON    NO2       NO3                  1.000 mapped to FJX:  12 N2O5  
   15 HNO2      PHOTON    NO        OH                   1.000 mapped to FJX:  13 HNO2  
   16 HNO3      PHOTON    NO2       OH                   1.000 mapped to FJX:  14 HNO3  
   17 HNO4      PHOTON    OH        NO3                  0.050 mapped to FJX:  15 HNO4  
   18 HNO4      PHOTON    NO2       HO2                  0.950 mapped to FJX:  15 HNO4  
   19 ClNO3     PHOTON    Cl        NO3                  1.000 mapped to FJX:  16 ClNO3a
   20 ClNO3     PHOTON    ClO       NO2                  1.000 mapped to FJX:  17 ClNO3b
   21 ClNO2     PHOTON    Cl        NO2                  1.000 mapped to FJX:  18 ClNO2 
   22 Cl2       PHOTON    Cl        Cl                   1.000 mapped to FJX:  21 Cl2   
   23 Br2       PHOTON    Br        Br                   1.000 mapped to FJX:  19 Br2   
   24 HOCl      PHOTON    Cl        OH                   1.000 mapped to FJX:  22 HOCl  
   25 OClO      PHOTON    ClO       O                    1.000 mapped to FJX:  23 OClO  
   26 Cl2O2     PHOTON    Cl        Cl        O2         1.000 mapped to FJX:  25 Cl2O2 
   27 ClO       PHOTON    Cl        O                    1.000 mapped to FJX:  26 ClO   
   28 BrO       PHOTON    Br        O                    1.000 mapped to FJX:  27 BrO   
   29 BrNO3     PHOTON    Br        NO3                  0.850 mapped to FJX:  28 BrNO3 
   30 BrNO3     PHOTON    BrO       NO2                  0.150 mapped to FJX:  28 BrNO3 
   31 BrNO2     PHOTON    Br        NO2                  1.000 mapped to FJX:  20 BrNO2 
   32 HOBr      PHOTON    Br        OH                   1.000 mapped to FJX:  29 HOBr  
   33 BrCl      PHOTON    Br        Cl                   1.000 mapped to FJX:  30 BrCl  
   34 OCS       PHOTON    SO2       CO                   1.000 mapped to FJX:  52 OCS   
   35 SO2       PHOTON    SO        O                    1.000 no mapping onto fast-JX SO2   
   36 N2O       PHOTON    N2        O                    1.000 mapped to FJX:  31 N2O   
   37 CFC11     PHOTON    Cl        PRODUCTS             1.000 mapped to FJX:  32 CFCl3 
   38 CFC12     PHOTON    Cl        PRODUCTS             1.000 mapped to FJX:  33 CF2Cl2
   39 CFC113    PHOTON    Cl        PRODUCTS             1.000 mapped to FJX:  34 F113  
   40 CFC114    PHOTON    Cl        PRODUCTS             1.000 mapped to FJX:  35 F114  
   41 CFC115    PHOTON    Cl        PRODUCTS             1.000 mapped to FJX:  36 F115  
   42 CCl4      PHOTON    Cl        PRODUCTS             1.000 mapped to FJX:  37 CCl4  
   43 CH3Cl     PHOTON    Cl        PRODUCTS             1.000 mapped to FJX:  38 CH3Cl 
   44 CH3CCl3   PHOTON    Cl        PRODUCTS             1.000 mapped to FJX:  39 MeCCl3
   45 CH2Cl2    PHOTON    Cl        PRODUCTS             1.000 mapped to FJX:  40 CH2Cl2
   46 HCFC22    PHOTON    Cl        PRODUCTS             1.000 mapped to FJX:  41 CHF2Cl
   47 HCFC123   PHOTON    Cl        PRODUCTS             1.000 mapped to FJX:  42 F123  
   48 HCFC141b  PHOTON    Cl        PRODUCTS             1.000 mapped to FJX:  43 F141b 
   49 HCFC142b  PHOTON    Cl        PRODUCTS             1.000 mapped to FJX:  44 F142b 
   50 CH3Br     PHOTON    Br        PRODUCTS             1.000 mapped to FJX:  45 CH3Br 
   51 H1211     PHOTON    Br        PRODUCTS             1.000 mapped to FJX:  46 H1211 
   52 H12O2     PHOTON    Br        PRODUCTS             1.000 mapped to FJX:  46 H1211 
   53 H1301     PHOTON    Br        PRODUCTS             1.000 mapped to FJX:  47 H1301 
   54 H2402     PHOTON    Br        PRODUCTS             1.000 mapped to FJX:  48 H2402 
   55 CH2Br2    PHOTON    Br        PRODUCTS             1.000 mapped to FJX:  49 CH2Br2
   56 CHBr3     PHOTON    Br        PRODUCTS             1.000 mapped to FJX:  50 CHBr3 
   58 CF3I      PHOTON    I         PRODUCTS             1.000 mapped to FJX:  51 CF3I  
   59 PAN       PHOTON    CH3C(O)O2 NO2                  1.000 mapped to FJX:  54 PAN   
   60 R4N2      PHOTON    CH3O      NO2                  1.000 mapped to FJX:  56 CH3NO3
   61 ALD2      PHOTON    CH3       HCO                  1.000 mapped to FJX:  57 ActAld
   62 ALD2      PHOTON    CH4       CO                   1.000 no mapping onto fast-JX ActAlx
   63 MVK       PHOTON    PRPE      CO                   0.600 mapped to FJX:  58 MeVK  
   64 MVK       PHOTON    MCO3      CH2O      CO     HO2 0.200 mapped to FJX:  58 MeVK  
   65 MVK       PHOTON    MO2       RCO3                 0.200 mapped to FJX:  58 MeVK  
   66 MACR      PHOTON    CO        HO2       CH2O   MCO 1.000 mapped to FJX:  59 MeAcr 
   67 MACR      PHOTON    IMAO3  OH HO2 MCO3 MRO2 CO     0.000 mapped to FJX:  59 MeAcr 
   68 GLYC      PHOTON    CH2O   HO2   OH  CO  MOH       1.000 mapped to FJX:  60 GlyAld
   69 MEK       PHOTON    MCO3      EtO2      MO2    RCO 1.000 mapped to FJX:  61 MEKeto
   70 RCHO      PHOTON    EtO2      HO2       CO         1.000 mapped to FJX:  62 PrAld 
   71 MGLY      PHOTON    MCO3      CO        HO2        1.000 mapped to FJX:  63 MGlyxl
   72 GLYX      PHOTON    HO2 HO2 CO CO                  1.000 mapped to FJX:  64 Glyxla
   73 GLYX      PHOTON    H2        CO        CO         1.000 mapped to FJX:  65 Glyxlb
   74 GLYX      PHOTON    CH2O      CO                   1.000 mapped to FJX:  66 Glyxlc
   75 HAC       PHOTON    MeCO3     HCHO      HO2        0.600 mapped to FJX:  53 HAC   
   76 ACET      PHOTON    MCO3      MO2                  1.000 mapped to FJX:  67 Acet-a
   77 ACET      PHOTON    MO2       MO2       CO         1.000 mapped to FJX:  68 Acet-b
   78 IDN       PHOTON    MVK MACR CH2O NO2 GLYC ICN...  1.000 mapped to FJX:  83 ONIT2 
   79 PRPN      PHOTON    OH        HO2       RCHO   NO2 1.000 mapped to FJX:   9 CH3OOH
   80 ETP       PHOTON    OH        HO2       ALD2       0.500 mapped to FJX:   9 CH3OOH
   81 RA3P      PHOTON    OH        HO2       RCHO       1.000 mapped to FJX:   9 CH3OOH
   82 RB3P      PHOTON    OH        HO2       ACET       1.000 mapped to FJX:   9 CH3OOH
   83 R4P       PHOTON    OH        HO2       RCHO       1.000 mapped to FJX:   9 CH3OOH
   84 PP        PHOTON    OH        HO2       ALD2   CH2 1.000 mapped to FJX:   9 CH3OOH
   85 RP        PHOTON    OH        HO2       ALD2       1.000 mapped to FJX:   9 CH3OOH
   86 HMHP      PHOTON    OH OH CH2O                     1.000 mapped to FJX:  85 HMHP  
   87 HPETHNL   PHOTON    OH CO HO2 CH2O                 1.000 mapped to FJX:  78 PrAldP
   88 PYAC      PHOTON    MCO3 CO2 HO2                   1.000 mapped to FJX:  63 MGlyxl
   89 PROPNN    PHOTON    NO2 CH2O MCO3                  1.000 mapped to FJX:  72 PROPNN
   90 MVKHC     PHOTON    CO HO2 CH2O MCO3               1.000 mapped to FJX:  63 MGlyxl
   91 MVKHCB    PHOTON    GLYX HO2 MCO3 CO MGLY          1.000 mapped to FJX:  62 PrAld 
   92 MVKHP     PHOTON    MCO3 GLYC OH HO2 CH2O MGLY     1.000 mapped to FJX:   9 CH3OOH
   93 MVKPC     PHOTON    OH CO MGLY HO2 GLYX MCO3       1.000 mapped to FJX:  78 PrAldP
   94 MCRENOL   PHOTON    CO PYAC OH                     1.000 mapped to FJX:  82 ENOL  
   95 MCRHP     PHOTON    OH CO HO2 HAC CH2O MGLY        1.000 mapped to FJX:  78 PrAldP
   96 MACR1OOH  PHOTON    OH CO2 MO2 CH2O MCO3 MACR1OOH  1.000 mapped to FJX:  78 PrAldP
   97 ATOOH     PHOTON    OH HO2 RCHO                    1.000 mapped to FJX:   9 CH3OOH
   98 R4N2      PHOTON    NO2 ACET MEK MO2 HO2 ALD2...   1.000 mapped to FJX:  56 CH3NO3
   99 MAP       PHOTON    OH        MO2                  1.000 mapped to FJX:   9 CH3OOH
  100 SO4       PHOTON    SO2       OH        OH         1.000 mapped to FJX:   5 H2SO4 
  101 ClOO      PHOTON    Cl        O2                   1.000 mapped to FJX:  24 ClOO  
  102 O3        PHOTON    O2        O(1D)                1.000 mapped to FJX:   3 O3(1D)
  103 MPN       PHOTON    HO2       NO3       HCHO       0.050 mapped to FJX:  70 MPN   
  104 MPN       PHOTON    MO2       NO2                  0.950 mapped to FJX:  70 MPN   
  105 PIP       PHOTON    RCHO OH HO2                    1.000 mapped to FJX:   8 H2O2  
  106 ICN       PHOTON    NO2 CO OH HO2 IDC MVKPC...     1.000 mapped to FJX:  79 ICN   
  107 ETHLN     PHOTON    NO2 CH2O CO HO2                1.000 mapped to FJX:  71 ETHLN 
  108 MVKN      PHOTON    MCO3 GLYC NO2 ETHLN HO2 OH     1.000 mapped to FJX:  73 MVKN  
  109 MCRHN     PHOTON    HAC CO HO2 NO2                 1.000 mapped to FJX:  74 MACRN 
  110 MCRHNB    PHOTON    PROPNN OH CO HO2               1.000 mapped to FJX:  80 MACRNP
  111 MONITS    PHOTON    MEK  NO2                       1.000 mapped to FJX:  69 ONIT1 
  112 MONITU    PHOTON    RCHO NO2                       1.000 mapped to FJX:  69 ONIT1 
  113 HONIT     PHOTON    HAC  NO2                       1.000 mapped to FJX:  69 ONIT1 
  114 I2        PHOTON    I         I                    1.000 mapped to FJX:  90 I2    
  115 HOI       PHOTON    I         OH                   1.000 mapped to FJX:  91 HOI   
  116 IO        PHOTON    I         O                    1.000 mapped to FJX:  92 IO    
  117 OIO       PHOTON    I         O2                   1.000 mapped to FJX:  93 OIO   
  118 INO       PHOTON    I         NO                   1.000 mapped to FJX:  94 INO   
  119 IONO      PHOTON    I         NO2                  1.000 mapped to FJX:  95 IONO  
  120 IONO2     PHOTON    I         NO3                  1.000 mapped to FJX:  96 IONO2 
  121 I2O2      PHOTON    I         OIO                  1.000 mapped to FJX:  97 I2O2  
  122 CH3I      PHOTON    I         PRODUCTS             1.000 mapped to FJX:  86 CH3I  
  123 CH2I2     PHOTON    I         I         PRODUCTS   1.000 mapped to FJX:  87 CH2I2 
  124 CH2ICl    PHOTON    I         Cl        PRODUCTS   1.000 mapped to FJX:  88 CH2ICl
  125 CH2IBr    PHOTON    I         Br        PRODUCTS   1.000 mapped to FJX:  89 CH2IBr
  126 I2O4      PHOTON    OIO       OIO                  1.000 mapped to FJX:  97 I2O2  
  127 I2O3      PHOTON    OIO       IO                   1.000 mapped to FJX:  98 I2O3  
  128 IBr       PHOTON    I         Br                   1.000 mapped to FJX: 100 IBr   
  129 ICl       PHOTON    I         Cl                   1.000 mapped to FJX:  99 ICl   
  130 NITs      PHOTON    HNO2                           1.000 no mapping onto fast-JX       
  131 NITs      PHOTON    NO2                            1.000 no mapping onto fast-JX       
  132 NIT       PHOTON    HNO2                           1.000 no mapping onto fast-JX       
  133 NIT       PHOTON    NO2                            1.000 no mapping onto fast-JX       
  134 MENO3     PHOTON    NO2       HO2       HCHO       1.000 mapped to FJX: 101 MENO3 
  135 ETNO3     PHOTON    NO2       HO2       ALD2       1.000 mapped to FJX: 102 ETNO3 
  136 IPRNO3    PHOTON    NO2       HO2       ACET       1.000 mapped to FJX: 103 IPRNO3
  137 NPRNO3    PHOTON    NO2       HO2       RCHO       1.000 mapped to FJX: 104 NPRNO3
  138 RIPA      PHOTON    MVK CH2O OH HO2                1.000 mapped to FJX:   9 CH3OOH
  139 RIPB      PHOTON    MACR CH2O OH HO2               1.000 mapped to FJX:   9 CH3OOH
  140 RIPC      PHOTON    OH HO2 HC5A                    1.000 mapped to FJX:   9 CH3OOH
  141 RIPD      PHOTON    OH HO2 HC5A                    1.000 mapped to FJX:   9 CH3OOH
  142 HPALD1    PHOTON    CO OH HO2 IDC MVKPC MCRENOL... 1.000 mapped to FJX:  76 HPALD1
  143 HPALD2    PHOTON    CO OH HO2 IDC MVKPC MCRENOL... 1.000 mapped to FJX:  77 HPALD2
  144 HPALD3    PHOTON    CO OH HO2 MVK                  1.000 mapped to FJX:  78 PrAldP
  145 HPALD4    PHOTON    CO OH HO2 MACR                 1.000 mapped to FJX:  78 PrAldP
  146 IHN1      PHOTON    NO2 HC5A HO2 MVKHP CO OH       1.000 mapped to FJX:  69 ONIT1 
  147 IHN2      PHOTON    NO2 MVK HO2 CH2O               1.000 mapped to FJX:  69 ONIT1 
  148 IHN3      PHOTON    NO2 MACR HO2 CH2O              1.000 mapped to FJX:  69 ONIT1 
  149 IHN4      PHOTON    NO2 HC5A HO2 MCRHP CO OH       1.000 mapped to FJX:  69 ONIT1 
  150 INPB      PHOTON    NO2 CH2O MVK MACR OH HO2       1.000 mapped to FJX:  75 NITP  
  151 INPD      PHOTON    OH HO2 ICN INA                 1.000 mapped to FJX:   9 CH3OOH
  152 INPD      PHOTON    NO2 IHOO1 IHOO4                1.000 mapped to FJX:  69 ONIT1 
  153 ICPDH     PHOTON    CO HO2 OH MCRHP MVKDH MCRDH    1.000 mapped to FJX:  62 PrAld 
  154 ICPDH     PHOTON    OH HO2 CH2O MVKHCB HAC GLYX... 1.000 mapped to FJX:   9 CH3OOH
  155 IDHDP     PHOTON    OH GLYC HAC ICPDH HO2          1.000 mapped to FJX:  84 HP2   
  156 IDHPE     PHOTON    OH HO2 MGLY GLYC GLYX HAC      1.000 mapped to FJX:   9 CH3OOH
  157 IDCHP     PHOTON    OH HO2 CO MVKHC MVKHCB MVKPC   1.000 mapped to FJX:  78 PrAldP
  158 ITHN      PHOTON    OH HO2 CH2O MCRHN GLYC HAC...  1.000 mapped to FJX:   9 CH3OOH
  159 ITHN      PHOTON    NO2 HAC HO2 HPETHNL OH GLYC... 1.000 mapped to FJX:  69 ONIT1 
  160 ITCN      PHOTON    MGLY OH NO2 GLYC               1.000 mapped to FJX:  80 MACRNP
  161 ITCN      PHOTON    MVKHP MCRHP CO NO2 HO2         1.000 mapped to FJX:  62 PrAld 
  162 ETHP      PHOTON    ETO OH                         1.000 mapped to FJX:   9 CH3OOH
  163 BALD      PHOTON    BENZO2 HO2 CO                  0.060 mapped to FJX: 105 BALD  
  164 BZCO3H    PHOTON    BENZO2 OH CO2                  1.000 mapped to FJX:   9 CH3OOH
  165 BENZP     PHOTON    BENZO                          1.000 mapped to FJX:   9 CH3OOH
  166 NPHEN     PHOTON    HNO2 CO CO2 AROMP4 HO2         1.000 mapped to FJX:  72 PROPNN
  167 PPN       PHOTON    RCO3 NO2 NO3                   1.000 mapped to FJX:  55 PPN   
  168 APINP     PHOTON    PINAL OH HO2                   1.000 mapped to FJX:   9 CH3OOH
  169 PINAL     PHOTON    CO HO2 C96O2                   1.000 mapped to FJX:  57 ActAld
  170 PINO3H    PHOTON    CO HO2 C96O2                   1.000 mapped to FJX:   9 CH3OOH
  171 PINONIC   PHOTON    CO HO2 C96O2                   1.000 mapped to FJX:  63 MGlyxl
  172 C96O2H    PHOTON    OH AROMRO2 ACET CH2O RCO3 MEK  1.000 mapped to FJX:   9 CH3OOH
  173 BPINP     PHOTON    OH CH2O HO2 BPINO              1.000 mapped to FJX:   9 CH3OOH
  174 BPINOOH   PHOTON    OH HO2 LIMO3 ACET RCHO R4O2    1.000 mapped to FJX:   9 CH3OOH
  175 LIMO3H    PHOTON    OH CO2 MCO3 RCHO CH2O R4O2     1.000 mapped to FJX:   9 CH3OOH
  176 LIMO2H    PHOTON    OH CO2 MCO3 RCHO CH2O R4O2     1.000 mapped to FJX:  63 MGlyxl
  177 LIMAL     PHOTON    CO HO2 LIMO3                   1.000 mapped to FJX:  57 ActAld
  end of Solar/Cloud-J initialization
PHOTOLYSIS (RD_PROF_NC): Opening /projects/b56h/ExtData/CHEM_INPUTS//FastJ_201204/fastj.jv_atms_dat.nc
%%%%%%%%%%%%%%%%%%%%%%%%%%%%%%%%%%%%%%%%%%%%%%%%%%%%%%%%%%%%%%%%%%%%%%%%%%%%%%%
%% Opening file  : fastj.jv_atms_dat.nc
%%  in directory : /projects/b56h/ExtData/CHEM_INPUTS//FastJ_201204/
%%
%% Successfully read T [K]
%% Successfully read O3 [ppm]
%% Successfully closed file!
%%%%%%%%%%%%%%%%%%%%%%%%%%%%%%%%%%%%%%%%%%%%%%%%%%%%%%%%%%%%%%%%%%%%%%%%%%%%%%%
Using Aerosol type:   3        ABSRB
Using Aerosol type:  10        W_C08
Using Aerosol type:  14        Ice-I
Using Aerosol type:  15   Mdust 0.15
Using Aerosol type:  16   Mdust 0.25
Using Aerosol type:  17    Mdust 0.4
Using Aerosol type:  18    Mdust 0.8
Using Aerosol type:  19    Mdust 1.5
Using Aerosol type:  20    Mdust 2.5
Using Aerosol type:  21    Mdust 4.0
Using Aerosol type:  22     S00(dar)
Using Aerosol type:  23     S50(dar)
Using Aerosol type:  24     S70(dar)
Using Aerosol type:  25     S80(dar)
Using Aerosol type:  26     S90(dar)
Using Aerosol type:  29    BC00(rvm)
Using Aerosol type:  30    BC50(rvm)
Using Aerosol type:  31    BC70(rvm)
Using Aerosol type:  32    BC80(rvm)
Using Aerosol type:  33    BC90(rvm)
Using Aerosol type:  36    OC00(rvm)
Using Aerosol type:  37    OC50(rvm)
Using Aerosol type:  38    OC70(rvm)
Using Aerosol type:  39    OC80(rvm)
Using Aerosol type:  40    OC90(rvm)
Using Aerosol type:  43   SSa00(rvm)
Using Aerosol type:  44   SSa50(rvm)
Using Aerosol type:  45   SSa70(rvm)
Using Aerosol type:  46   SSa80(rvm)
Using Aerosol type:  47   SSa90(rvm)
Using Aerosol type:  50   SSc00(rvm)
Using Aerosol type:  51   SSc50(rvm)
Using Aerosol type:  52   SSc70(rvm)
Using Aerosol type:  53   SSc80(rvm)
Using Aerosol type:  54   SSc90(rvm)
Using Aerosol type:   1        RAYLE
Using Aerosol type:  14        Ice-I
===============================================================================
Photo rxn flags saved for use in PHOTRATE_ADJ:

RXN_O2     [ O2   + hv -> O + O         ]  =      1
RXN_O3_1   [ O3   + hv -> O2 + O        ]  =      2
RXN_O3_2a  [ O3   + hv -> O2 + O(1D) #1 ]  =    102
RXN_JNITSa [ NITS + hv -> HNO2          ]  =    130
RXN_JNITSb [ NITS + hv -> NO2           ]  =    131
RXN_JNITa  [ NIT  + hv -> HNO2          ]  =    132
RXN_JNITb  [ NIT  + hv -> NO2           ]  =    133
RXN_H2SO4  [ SO4  + hv -> SO2 + OH + OH ]  =    100
RXN_NO2    [ NO2  + hv -> NO + O        ]  =     11
===============================================================================
O2        :      1      150   1.0000
O3        :      2      152   1.0000
O3        :      3      124   1.0000
HO2       :      5      149   0.0000
NO        :      6      119   1.0000
CH2O      :      7       27   1.0000
CH2O      :      8       27   1.0000
H2O2      :      9       48   1.0000
MP        :     10      107   1.0000
NO2       :     11      120   1.0000
NO3       :     12      121   0.8860
NO3       :     13      121   0.1140
N2O5      :     14      116   1.0000
HNO2      :     15       55   1.0000
HNO3      :     16       56   1.0000
HNO4      :     17       57   0.0500
HNO4      :     18       57   0.9500
ClNO3     :     19       36   1.0000
ClNO3     :     20       36   1.0000
ClNO2     :     21       35   1.0000
Cl2       :     22       33   1.0000
Br2       :     23        9   1.0000
HOCl      :     24       59   1.0000
OClO      :     25      125   1.0000
Cl2O2     :     26       34   1.0000
ClO       :     27       37   1.0000
BrO       :     28       13   1.0000
BrNO3     :     29       12   0.8500
BrNO3     :     30       12   0.1500
BrNO2     :     31       11   1.0000
HOBr      :     32       58   1.0000
BrCl      :     33       10   1.0000
OCS       :     34      126   1.0000
N2O       :     36      115   1.0000
CFC11     :     37       17   1.0000
CFC12     :     38       21   1.0000
CFC113    :     39       18   1.0000
CFC114    :     40       19   1.0000
CFC115    :     41       20   1.0000
CCl4      :     42       16   1.0000
CH3Cl     :     43       30   1.0000
CH3CCl3   :     44       29   1.0000
CH2Cl2    :     45       23   1.0000
HCFC22    :     46       53   1.0000
HCFC123   :     47       50   1.0000
HCFC141b  :     48       51   1.0000
HCFC142b  :     49       52   1.0000
CH3Br     :     50       28   1.0000
H1211     :     51       45   1.0000
H1301     :     53       46   1.0000
H2402     :     54       47   1.0000
CH2Br2    :     55       22   1.0000
CHBr3     :     56       32   1.0000
PAN       :     59      128   1.0000
R4N2      :     60      138   1.0000
ALD2      :     61        2   1.0000
ALD2      :     62        2   1.0000
MVK       :     63      109   0.6000
MVK       :     64      109   0.2000
MVK       :     65      109   0.2000
MACR      :     66       95   1.0000
MACR      :     67       95   0.0000
GLYC      :     68       43   1.0000
MEK       :     69      102   1.0000
RCHO      :     70      142   1.0000
MGLY      :     71      104   1.0000
GLYX      :     72       44   1.0000
GLYX      :     73       44   1.0000
GLYX      :     74       44   1.0000
HAC       :     75       49   0.6000
ACET      :     76        1   1.0000
ACET      :     77        1   1.0000
IDN       :     78       78   1.0000
PRPN      :     79      136   1.0000
ETP       :     80       42   0.5000
RA3P      :     81      140   1.0000
RB3P      :     82      141   1.0000
R4P       :     83      139   1.0000
PP        :     84      133   1.0000
RP        :     85      147   1.0000
HMHP      :     86       54   1.0000
HPETHNL   :     87       66   1.0000
PYAC      :     88      137   1.0000
PROPNN    :     89      135   1.0000
MVKHC     :     90      110   1.0000
MVKHCB    :     91      111   1.0000
MVKHP     :     92      112   1.0000
MVKPC     :     93      114   1.0000
MCRENOL   :     94       98   1.0000
MCRHP     :     95      101   1.0000
MACR1OOH  :     96       96   1.0000
ATOOH     :     97        4   1.0000
R4N2      :     98      138   1.0000
MAP       :     99       97   1.0000
SO4       :    100      148   1.0000
ClOO      :    101       38   1.0000
O3        :    102      151   1.0000
MPN       :    103      108   0.0500
MPN       :    104      108   0.9500
PIP       :    105      132   1.0000
ICN       :    106       73   1.0000
ETHLN     :    107       39   1.0000
MVKN      :    108      113   1.0000
MCRHN     :    109       99   1.0000
MCRHNB    :    110      100   1.0000
MONITS    :    111      105   1.0000
MONITU    :    112      106   1.0000
HONIT     :    113       61   1.0000
I2        :    114       67   1.0000
HOI       :    115       60   1.0000
IO        :    116       86   1.0000
OIO       :    117      127   1.0000
INO       :    118       83   1.0000
IONO      :    119       87   1.0000
IONO2     :    120       88   1.0000
I2O2      :    121       68   1.0000
CH3I      :    122       31   1.0000
CH2I2     :    123       24   1.0000
CH2ICl    :    124       26   1.0000
CH2IBr    :    125       25   1.0000
I2O4      :    126       70   1.0000
I2O3      :    127       69   1.0000
IBr       :    128       71   1.0000
ICl       :    129       72   1.0000
NITs      :    130      118   1.0000
NITs      :    131      118   1.0000
NIT       :    132      117   1.0000
NIT       :    133      117   1.0000
MENO3     :    134      103   1.0000
ETNO3     :    135       41   1.0000
IPRNO3    :    136       89   1.0000
NPRNO3    :    137      123   1.0000
RIPA      :    138      143   1.0000
RIPB      :    139      144   1.0000
RIPC      :    140      145   1.0000
RIPD      :    141      146   1.0000
HPALD1    :    142       62   1.0000
HPALD2    :    143       63   1.0000
HPALD3    :    144       64   1.0000
HPALD4    :    145       65   1.0000
IHN1      :    146       79   1.0000
IHN2      :    147       80   1.0000
IHN3      :    148       81   1.0000
IHN4      :    149       82   1.0000
INPB      :    150       84   1.0000
INPD      :    151       85   1.0000
INPD      :    152       85   1.0000
ICPDH     :    153       74   1.0000
ICPDH     :    154       74   1.0000
IDHDP     :    155       76   1.0000
IDHPE     :    156       77   1.0000
IDCHP     :    157       75   1.0000
ITHN      :    158       91   1.0000
ITHN      :    159       91   1.0000
ITCN      :    160       90   1.0000
ITCN      :    161       90   1.0000
ETHP      :    162       40   1.0000
BALD      :    163        5   0.0600
BZCO3H    :    164       14   1.0000
BENZP     :    165        6   1.0000
NPHEN     :    166      122   1.0000
PPN       :    167      134   1.0000
APINP     :    168        3   1.0000
PINAL     :    169      129   1.0000
PINO3H    :    170      131   1.0000
PINONIC   :    171      130   1.0000
C96O2H    :    172       15   1.0000
BPINP     :    173        7   1.0000
BPINOOH   :    174        8   1.0000
LIMO3H    :    175       94   1.0000
LIMO2H    :    176       93   1.0000
LIMAL     :    177       92   1.0000
UCX (SFCMR_READ): Opening /projects/b56h/ExtData/CHEM_INPUTS/UCX_201403/NoonTime/Grid4x5/InitCFC_O_01.dat
UCX (SFCMR_READ): Opening /projects/b56h/ExtData/CHEM_INPUTS/UCX_201403/NoonTime/Grid4x5/InitCFC_O1D_01.dat
UCX (SFCMR_READ): Opening /projects/b56h/ExtData/CHEM_INPUTS/UCX_201403/NoonTime/Grid4x5/InitCFC_JNO_01.dat
UCX (SFCMR_READ): Opening /projects/b56h/ExtData/CHEM_INPUTS/UCX_201403/NoonTime/Grid4x5/InitCFC_JNO2_01.dat
UCX (SFCMR_READ): Opening /projects/b56h/ExtData/CHEM_INPUTS/UCX_201403/NoonTime/Grid4x5/InitCFC_JNO3_01.dat
UCX (SFCMR_READ): Opening /projects/b56h/ExtData/CHEM_INPUTS/UCX_201403/NoonTime/Grid4x5/InitCFC_JN2O_01.dat
UCX (SFCMR_READ): Opening /projects/b56h/ExtData/CHEM_INPUTS/UCX_201403/NoonTime/Grid4x5/InitCFC_O_02.dat
UCX (SFCMR_READ): Opening /projects/b56h/ExtData/CHEM_INPUTS/UCX_201403/NoonTime/Grid4x5/InitCFC_O1D_02.dat
UCX (SFCMR_READ): Opening /projects/b56h/ExtData/CHEM_INPUTS/UCX_201403/NoonTime/Grid4x5/InitCFC_JNO_02.dat
UCX (SFCMR_READ): Opening /projects/b56h/ExtData/CHEM_INPUTS/UCX_201403/NoonTime/Grid4x5/InitCFC_JNO2_02.dat
UCX (SFCMR_READ): Opening /projects/b56h/ExtData/CHEM_INPUTS/UCX_201403/NoonTime/Grid4x5/InitCFC_JNO3_02.dat
UCX (SFCMR_READ): Opening /projects/b56h/ExtData/CHEM_INPUTS/UCX_201403/NoonTime/Grid4x5/InitCFC_JN2O_02.dat
UCX (SFCMR_READ): Opening /projects/b56h/ExtData/CHEM_INPUTS/UCX_201403/NoonTime/Grid4x5/InitCFC_O_03.dat
UCX (SFCMR_READ): Opening /projects/b56h/ExtData/CHEM_INPUTS/UCX_201403/NoonTime/Grid4x5/InitCFC_O1D_03.dat
UCX (SFCMR_READ): Opening /projects/b56h/ExtData/CHEM_INPUTS/UCX_201403/NoonTime/Grid4x5/InitCFC_JNO_03.dat
UCX (SFCMR_READ): Opening /projects/b56h/ExtData/CHEM_INPUTS/UCX_201403/NoonTime/Grid4x5/InitCFC_JNO2_03.dat
UCX (SFCMR_READ): Opening /projects/b56h/ExtData/CHEM_INPUTS/UCX_201403/NoonTime/Grid4x5/InitCFC_JNO3_03.dat
UCX (SFCMR_READ): Opening /projects/b56h/ExtData/CHEM_INPUTS/UCX_201403/NoonTime/Grid4x5/InitCFC_JN2O_03.dat
UCX (SFCMR_READ): Opening /projects/b56h/ExtData/CHEM_INPUTS/UCX_201403/NoonTime/Grid4x5/InitCFC_O_04.dat
UCX (SFCMR_READ): Opening /projects/b56h/ExtData/CHEM_INPUTS/UCX_201403/NoonTime/Grid4x5/InitCFC_O1D_04.dat
UCX (SFCMR_READ): Opening /projects/b56h/ExtData/CHEM_INPUTS/UCX_201403/NoonTime/Grid4x5/InitCFC_JNO_04.dat
UCX (SFCMR_READ): Opening /projects/b56h/ExtData/CHEM_INPUTS/UCX_201403/NoonTime/Grid4x5/InitCFC_JNO2_04.dat
UCX (SFCMR_READ): Opening /projects/b56h/ExtData/CHEM_INPUTS/UCX_201403/NoonTime/Grid4x5/InitCFC_JNO3_04.dat
UCX (SFCMR_READ): Opening /projects/b56h/ExtData/CHEM_INPUTS/UCX_201403/NoonTime/Grid4x5/InitCFC_JN2O_04.dat
UCX (SFCMR_READ): Opening /projects/b56h/ExtData/CHEM_INPUTS/UCX_201403/NoonTime/Grid4x5/InitCFC_O_05.dat
UCX (SFCMR_READ): Opening /projects/b56h/ExtData/CHEM_INPUTS/UCX_201403/NoonTime/Grid4x5/InitCFC_O1D_05.dat
UCX (SFCMR_READ): Opening /projects/b56h/ExtData/CHEM_INPUTS/UCX_201403/NoonTime/Grid4x5/InitCFC_JNO_05.dat
UCX (SFCMR_READ): Opening /projects/b56h/ExtData/CHEM_INPUTS/UCX_201403/NoonTime/Grid4x5/InitCFC_JNO2_05.dat
UCX (SFCMR_READ): Opening /projects/b56h/ExtData/CHEM_INPUTS/UCX_201403/NoonTime/Grid4x5/InitCFC_JNO3_05.dat
UCX (SFCMR_READ): Opening /projects/b56h/ExtData/CHEM_INPUTS/UCX_201403/NoonTime/Grid4x5/InitCFC_JN2O_05.dat
UCX (SFCMR_READ): Opening /projects/b56h/ExtData/CHEM_INPUTS/UCX_201403/NoonTime/Grid4x5/InitCFC_O_06.dat
UCX (SFCMR_READ): Opening /projects/b56h/ExtData/CHEM_INPUTS/UCX_201403/NoonTime/Grid4x5/InitCFC_O1D_06.dat
UCX (SFCMR_READ): Opening /projects/b56h/ExtData/CHEM_INPUTS/UCX_201403/NoonTime/Grid4x5/InitCFC_JNO_06.dat
UCX (SFCMR_READ): Opening /projects/b56h/ExtData/CHEM_INPUTS/UCX_201403/NoonTime/Grid4x5/InitCFC_JNO2_06.dat
UCX (SFCMR_READ): Opening /projects/b56h/ExtData/CHEM_INPUTS/UCX_201403/NoonTime/Grid4x5/InitCFC_JNO3_06.dat
UCX (SFCMR_READ): Opening /projects/b56h/ExtData/CHEM_INPUTS/UCX_201403/NoonTime/Grid4x5/InitCFC_JN2O_06.dat
UCX (SFCMR_READ): Opening /projects/b56h/ExtData/CHEM_INPUTS/UCX_201403/NoonTime/Grid4x5/InitCFC_O_07.dat
UCX (SFCMR_READ): Opening /projects/b56h/ExtData/CHEM_INPUTS/UCX_201403/NoonTime/Grid4x5/InitCFC_O1D_07.dat
UCX (SFCMR_READ): Opening /projects/b56h/ExtData/CHEM_INPUTS/UCX_201403/NoonTime/Grid4x5/InitCFC_JNO_07.dat
UCX (SFCMR_READ): Opening /projects/b56h/ExtData/CHEM_INPUTS/UCX_201403/NoonTime/Grid4x5/InitCFC_JNO2_07.dat
UCX (SFCMR_READ): Opening /projects/b56h/ExtData/CHEM_INPUTS/UCX_201403/NoonTime/Grid4x5/InitCFC_JNO3_07.dat
UCX (SFCMR_READ): Opening /projects/b56h/ExtData/CHEM_INPUTS/UCX_201403/NoonTime/Grid4x5/InitCFC_JN2O_07.dat
UCX (SFCMR_READ): Opening /projects/b56h/ExtData/CHEM_INPUTS/UCX_201403/NoonTime/Grid4x5/InitCFC_O_08.dat
UCX (SFCMR_READ): Opening /projects/b56h/ExtData/CHEM_INPUTS/UCX_201403/NoonTime/Grid4x5/InitCFC_O1D_08.dat
UCX (SFCMR_READ): Opening /projects/b56h/ExtData/CHEM_INPUTS/UCX_201403/NoonTime/Grid4x5/InitCFC_JNO_08.dat
UCX (SFCMR_READ): Opening /projects/b56h/ExtData/CHEM_INPUTS/UCX_201403/NoonTime/Grid4x5/InitCFC_JNO2_08.dat
UCX (SFCMR_READ): Opening /projects/b56h/ExtData/CHEM_INPUTS/UCX_201403/NoonTime/Grid4x5/InitCFC_JNO3_08.dat
UCX (SFCMR_READ): Opening /projects/b56h/ExtData/CHEM_INPUTS/UCX_201403/NoonTime/Grid4x5/InitCFC_JN2O_08.dat
UCX (SFCMR_READ): Opening /projects/b56h/ExtData/CHEM_INPUTS/UCX_201403/NoonTime/Grid4x5/InitCFC_O_09.dat
UCX (SFCMR_READ): Opening /projects/b56h/ExtData/CHEM_INPUTS/UCX_201403/NoonTime/Grid4x5/InitCFC_O1D_09.dat
UCX (SFCMR_READ): Opening /projects/b56h/ExtData/CHEM_INPUTS/UCX_201403/NoonTime/Grid4x5/InitCFC_JNO_09.dat
UCX (SFCMR_READ): Opening /projects/b56h/ExtData/CHEM_INPUTS/UCX_201403/NoonTime/Grid4x5/InitCFC_JNO2_09.dat
UCX (SFCMR_READ): Opening /projects/b56h/ExtData/CHEM_INPUTS/UCX_201403/NoonTime/Grid4x5/InitCFC_JNO3_09.dat
UCX (SFCMR_READ): Opening /projects/b56h/ExtData/CHEM_INPUTS/UCX_201403/NoonTime/Grid4x5/InitCFC_JN2O_09.dat
UCX (SFCMR_READ): Opening /projects/b56h/ExtData/CHEM_INPUTS/UCX_201403/NoonTime/Grid4x5/InitCFC_O_10.dat
UCX (SFCMR_READ): Opening /projects/b56h/ExtData/CHEM_INPUTS/UCX_201403/NoonTime/Grid4x5/InitCFC_O1D_10.dat
UCX (SFCMR_READ): Opening /projects/b56h/ExtData/CHEM_INPUTS/UCX_201403/NoonTime/Grid4x5/InitCFC_JNO_10.dat
UCX (SFCMR_READ): Opening /projects/b56h/ExtData/CHEM_INPUTS/UCX_201403/NoonTime/Grid4x5/InitCFC_JNO2_10.dat
UCX (SFCMR_READ): Opening /projects/b56h/ExtData/CHEM_INPUTS/UCX_201403/NoonTime/Grid4x5/InitCFC_JNO3_10.dat
UCX (SFCMR_READ): Opening /projects/b56h/ExtData/CHEM_INPUTS/UCX_201403/NoonTime/Grid4x5/InitCFC_JN2O_10.dat
UCX (SFCMR_READ): Opening /projects/b56h/ExtData/CHEM_INPUTS/UCX_201403/NoonTime/Grid4x5/InitCFC_O_11.dat
UCX (SFCMR_READ): Opening /projects/b56h/ExtData/CHEM_INPUTS/UCX_201403/NoonTime/Grid4x5/InitCFC_O1D_11.dat
UCX (SFCMR_READ): Opening /projects/b56h/ExtData/CHEM_INPUTS/UCX_201403/NoonTime/Grid4x5/InitCFC_JNO_11.dat
UCX (SFCMR_READ): Opening /projects/b56h/ExtData/CHEM_INPUTS/UCX_201403/NoonTime/Grid4x5/InitCFC_JNO2_11.dat
UCX (SFCMR_READ): Opening /projects/b56h/ExtData/CHEM_INPUTS/UCX_201403/NoonTime/Grid4x5/InitCFC_JNO3_11.dat
UCX (SFCMR_READ): Opening /projects/b56h/ExtData/CHEM_INPUTS/UCX_201403/NoonTime/Grid4x5/InitCFC_JN2O_11.dat
UCX (SFCMR_READ): Opening /projects/b56h/ExtData/CHEM_INPUTS/UCX_201403/NoonTime/Grid4x5/InitCFC_O_12.dat
UCX (SFCMR_READ): Opening /projects/b56h/ExtData/CHEM_INPUTS/UCX_201403/NoonTime/Grid4x5/InitCFC_O1D_12.dat
UCX (SFCMR_READ): Opening /projects/b56h/ExtData/CHEM_INPUTS/UCX_201403/NoonTime/Grid4x5/InitCFC_JNO_12.dat
UCX (SFCMR_READ): Opening /projects/b56h/ExtData/CHEM_INPUTS/UCX_201403/NoonTime/Grid4x5/InitCFC_JNO2_12.dat
UCX (SFCMR_READ): Opening /projects/b56h/ExtData/CHEM_INPUTS/UCX_201403/NoonTime/Grid4x5/InitCFC_JNO3_12.dat
UCX (SFCMR_READ): Opening /projects/b56h/ExtData/CHEM_INPUTS/UCX_201403/NoonTime/Grid4x5/InitCFC_JN2O_12.dat

********************************************
* B e g i n   T i m e   S t e p p i n g !! *
********************************************

---> DATE: 2019/07/01  UTC: 00:00
 HEMCO already called for this timestep. Returning.
HEMCO (VOLCANO): Opening /projects/b56h/ExtData//HEMCO/VOLCANO/v2024-04/2019/07/so2_volcanic_emissions_Carns.20190701.rc
 Getting CH4 boundary conditions in GEOS-Chem from :NOAA_GMD_CH4
---> DATE: 2019/07/01  UTC: 00:10
---> DATE: 2019/07/01  UTC: 00:20
---> DATE: 2019/07/01  UTC: 00:30
---> DATE: 2019/07/01  UTC: 00:40
---> DATE: 2019/07/01  UTC: 00:50
---> DATE: 2019/07/01  UTC: 01:00
     - Found all A1     met fields for 2019/07/01 01:30
---> DATE: 2019/07/01  UTC: 01:10
---> DATE: 2019/07/01  UTC: 01:20
---> DATE: 2019/07/01  UTC: 01:30
---> DATE: 2019/07/01  UTC: 01:40
---> DATE: 2019/07/01  UTC: 01:50
---> DATE: 2019/07/01  UTC: 02:00
     - Found all A1     met fields for 2019/07/01 02:30
---> DATE: 2019/07/01  UTC: 02:10
---> DATE: 2019/07/01  UTC: 02:20
---> DATE: 2019/07/01  UTC: 02:30
---> DATE: 2019/07/01  UTC: 02:40
---> DATE: 2019/07/01  UTC: 02:50
---> DATE: 2019/07/01  UTC: 03:00
HEMCO: Opening /projects/b56h/ExtData//HEMCO/OFFLINE_LIGHTNING/v2020-03/MERRA2/2019/FLASH_CTH_MERRA2_0.5x0.625_2019_07.nc4
     - Found all A1     met fields for 2019/07/01 03:30
     - Found all A3cld  met fields for 2019/07/01 04:30
     - Found all A3dyn  met fields for 2019/07/01 04:30
     - Found all A3mstC met fields for 2019/07/01 04:30
     - Found all A3mstE met fields for 2019/07/01 04:30
     - Found all I3     met fields for 2019/07/01 06:00
---> DATE: 2019/07/01  UTC: 03:10
---> DATE: 2019/07/01  UTC: 03:20
---> DATE: 2019/07/01  UTC: 03:30
---> DATE: 2019/07/01  UTC: 03:40
---> DATE: 2019/07/01  UTC: 03:50
---> DATE: 2019/07/01  UTC: 04:00
     - Found all A1     met fields for 2019/07/01 04:30
---> DATE: 2019/07/01  UTC: 04:10
---> DATE: 2019/07/01  UTC: 04:20
---> DATE: 2019/07/01  UTC: 04:30
---> DATE: 2019/07/01  UTC: 04:40
---> DATE: 2019/07/01  UTC: 04:50
---> DATE: 2019/07/01  UTC: 05:00
     - Found all A1     met fields for 2019/07/01 05:30
---> DATE: 2019/07/01  UTC: 05:10
---> DATE: 2019/07/01  UTC: 05:20
---> DATE: 2019/07/01  UTC: 05:30
---> DATE: 2019/07/01  UTC: 05:40
---> DATE: 2019/07/01  UTC: 05:50
---> DATE: 2019/07/01  UTC: 06:00
HEMCO: Opening /projects/b56h/ExtData//HEMCO/OFFLINE_LIGHTNING/v2020-03/MERRA2/2019/FLASH_CTH_MERRA2_0.5x0.625_2019_07.nc4
     - Found all A1     met fields for 2019/07/01 06:30
     - Found all A3cld  met fields for 2019/07/01 07:30
     - Found all A3dyn  met fields for 2019/07/01 07:30
     - Found all A3mstC met fields for 2019/07/01 07:30
     - Found all A3mstE met fields for 2019/07/01 07:30
     - Found all I3     met fields for 2019/07/01 09:00
---> DATE: 2019/07/01  UTC: 06:10
---> DATE: 2019/07/01  UTC: 06:20
---> DATE: 2019/07/01  UTC: 06:30
---> DATE: 2019/07/01  UTC: 06:40
---> DATE: 2019/07/01  UTC: 06:50
---> DATE: 2019/07/01  UTC: 07:00
     - Found all A1     met fields for 2019/07/01 07:30
---> DATE: 2019/07/01  UTC: 07:10
---> DATE: 2019/07/01  UTC: 07:20
---> DATE: 2019/07/01  UTC: 07:30
---> DATE: 2019/07/01  UTC: 07:40
---> DATE: 2019/07/01  UTC: 07:50
---> DATE: 2019/07/01  UTC: 08:00
     - Found all A1     met fields for 2019/07/01 08:30
---> DATE: 2019/07/01  UTC: 08:10
---> DATE: 2019/07/01  UTC: 08:20
---> DATE: 2019/07/01  UTC: 08:30
---> DATE: 2019/07/01  UTC: 08:40
---> DATE: 2019/07/01  UTC: 08:50
---> DATE: 2019/07/01  UTC: 09:00
HEMCO: Opening /projects/b56h/ExtData//HEMCO/OFFLINE_LIGHTNING/v2020-03/MERRA2/2019/FLASH_CTH_MERRA2_0.5x0.625_2019_07.nc4
     - Found all A1     met fields for 2019/07/01 09:30
     - Found all A3cld  met fields for 2019/07/01 10:30
     - Found all A3dyn  met fields for 2019/07/01 10:30
     - Found all A3mstC met fields for 2019/07/01 10:30
     - Found all A3mstE met fields for 2019/07/01 10:30
     - Found all I3     met fields for 2019/07/01 12:00
---> DATE: 2019/07/01  UTC: 09:10
---> DATE: 2019/07/01  UTC: 09:20
---> DATE: 2019/07/01  UTC: 09:30
---> DATE: 2019/07/01  UTC: 09:40
---> DATE: 2019/07/01  UTC: 09:50
---> DATE: 2019/07/01  UTC: 10:00
     - Found all A1     met fields for 2019/07/01 10:30
---> DATE: 2019/07/01  UTC: 10:10
---> DATE: 2019/07/01  UTC: 10:20
---> DATE: 2019/07/01  UTC: 10:30
---> DATE: 2019/07/01  UTC: 10:40
---> DATE: 2019/07/01  UTC: 10:50
---> DATE: 2019/07/01  UTC: 11:00
     - Found all A1     met fields for 2019/07/01 11:30
---> DATE: 2019/07/01  UTC: 11:10
---> DATE: 2019/07/01  UTC: 11:20
---> DATE: 2019/07/01  UTC: 11:30
---> DATE: 2019/07/01  UTC: 11:40
---> DATE: 2019/07/01  UTC: 11:50
---> DATE: 2019/07/01  UTC: 12:00
HEMCO: Opening /projects/b56h/ExtData//HEMCO/OFFLINE_LIGHTNING/v2020-03/MERRA2/2019/FLASH_CTH_MERRA2_0.5x0.625_2019_07.nc4
     - Found all A1     met fields for 2019/07/01 12:30
     - Found all A3cld  met fields for 2019/07/01 13:30
     - Found all A3dyn  met fields for 2019/07/01 13:30
     - Found all A3mstC met fields for 2019/07/01 13:30
     - Found all A3mstE met fields for 2019/07/01 13:30
     - Found all I3     met fields for 2019/07/01 15:00
---> DATE: 2019/07/01  UTC: 12:10
---> DATE: 2019/07/01  UTC: 12:20
---> DATE: 2019/07/01  UTC: 12:30
---> DATE: 2019/07/01  UTC: 12:40
---> DATE: 2019/07/01  UTC: 12:50
---> DATE: 2019/07/01  UTC: 13:00
     - Found all A1     met fields for 2019/07/01 13:30
---> DATE: 2019/07/01  UTC: 13:10
---> DATE: 2019/07/01  UTC: 13:20
---> DATE: 2019/07/01  UTC: 13:30
---> DATE: 2019/07/01  UTC: 13:40
---> DATE: 2019/07/01  UTC: 13:50
---> DATE: 2019/07/01  UTC: 14:00
     - Found all A1     met fields for 2019/07/01 14:30
---> DATE: 2019/07/01  UTC: 14:10
---> DATE: 2019/07/01  UTC: 14:20
---> DATE: 2019/07/01  UTC: 14:30
---> DATE: 2019/07/01  UTC: 14:40
---> DATE: 2019/07/01  UTC: 14:50
---> DATE: 2019/07/01  UTC: 15:00
HEMCO: Opening /projects/b56h/ExtData//HEMCO/OFFLINE_LIGHTNING/v2020-03/MERRA2/2019/FLASH_CTH_MERRA2_0.5x0.625_2019_07.nc4
     - Found all A1     met fields for 2019/07/01 15:30
     - Found all A3cld  met fields for 2019/07/01 16:30
     - Found all A3dyn  met fields for 2019/07/01 16:30
     - Found all A3mstC met fields for 2019/07/01 16:30
     - Found all A3mstE met fields for 2019/07/01 16:30
     - Found all I3     met fields for 2019/07/01 18:00
---> DATE: 2019/07/01  UTC: 15:10
---> DATE: 2019/07/01  UTC: 15:20
---> DATE: 2019/07/01  UTC: 15:30
---> DATE: 2019/07/01  UTC: 15:40
---> DATE: 2019/07/01  UTC: 15:50
---> DATE: 2019/07/01  UTC: 16:00
     - Found all A1     met fields for 2019/07/01 16:30
---> DATE: 2019/07/01  UTC: 16:10
---> DATE: 2019/07/01  UTC: 16:20
---> DATE: 2019/07/01  UTC: 16:30
---> DATE: 2019/07/01  UTC: 16:40
---> DATE: 2019/07/01  UTC: 16:50
---> DATE: 2019/07/01  UTC: 17:00
     - Found all A1     met fields for 2019/07/01 17:30
---> DATE: 2019/07/01  UTC: 17:10
---> DATE: 2019/07/01  UTC: 17:20
---> DATE: 2019/07/01  UTC: 17:30
---> DATE: 2019/07/01  UTC: 17:40
---> DATE: 2019/07/01  UTC: 17:50
---> DATE: 2019/07/01  UTC: 18:00
HEMCO: Opening /projects/b56h/ExtData//HEMCO/OFFLINE_LIGHTNING/v2020-03/MERRA2/2019/FLASH_CTH_MERRA2_0.5x0.625_2019_07.nc4
     - Found all A1     met fields for 2019/07/01 18:30
     - Found all A3cld  met fields for 2019/07/01 19:30
     - Found all A3dyn  met fields for 2019/07/01 19:30
     - Found all A3mstC met fields for 2019/07/01 19:30
     - Found all A3mstE met fields for 2019/07/01 19:30
     - Found all I3     met fields for 2019/07/01 21:00
---> DATE: 2019/07/01  UTC: 18:10
---> DATE: 2019/07/01  UTC: 18:20
---> DATE: 2019/07/01  UTC: 18:30
---> DATE: 2019/07/01  UTC: 18:40
---> DATE: 2019/07/01  UTC: 18:50
---> DATE: 2019/07/01  UTC: 19:00
     - Found all A1     met fields for 2019/07/01 19:30
---> DATE: 2019/07/01  UTC: 19:10
---> DATE: 2019/07/01  UTC: 19:20
---> DATE: 2019/07/01  UTC: 19:30
---> DATE: 2019/07/01  UTC: 19:40
---> DATE: 2019/07/01  UTC: 19:50
---> DATE: 2019/07/01  UTC: 20:00
     - Found all A1     met fields for 2019/07/01 20:30
---> DATE: 2019/07/01  UTC: 20:10
---> DATE: 2019/07/01  UTC: 20:20
---> DATE: 2019/07/01  UTC: 20:30
---> DATE: 2019/07/01  UTC: 20:40
---> DATE: 2019/07/01  UTC: 20:50
---> DATE: 2019/07/01  UTC: 21:00
HEMCO: Opening /projects/b56h/ExtData//HEMCO/OFFLINE_LIGHTNING/v2020-03/MERRA2/2019/FLASH_CTH_MERRA2_0.5x0.625_2019_07.nc4
     - Found all A1     met fields for 2019/07/01 21:30
     - Found all A3cld  met fields for 2019/07/01 22:30
     - Found all A3dyn  met fields for 2019/07/01 22:30
     - Found all A3mstC met fields for 2019/07/01 22:30
     - Found all A3mstE met fields for 2019/07/01 22:30
     - Found all I3     met fields for 2019/07/02 00:00
---> DATE: 2019/07/01  UTC: 21:10
---> DATE: 2019/07/01  UTC: 21:20
---> DATE: 2019/07/01  UTC: 21:30
---> DATE: 2019/07/01  UTC: 21:40
---> DATE: 2019/07/01  UTC: 21:50
---> DATE: 2019/07/01  UTC: 22:00
     - Found all A1     met fields for 2019/07/01 22:30
---> DATE: 2019/07/01  UTC: 22:10
---> DATE: 2019/07/01  UTC: 22:20
---> DATE: 2019/07/01  UTC: 22:30
---> DATE: 2019/07/01  UTC: 22:40
---> DATE: 2019/07/01  UTC: 22:50
---> DATE: 2019/07/01  UTC: 23:00
     - Found all A1     met fields for 2019/07/01 23:30
---> DATE: 2019/07/01  UTC: 23:10
---> DATE: 2019/07/01  UTC: 23:20
---> DATE: 2019/07/01  UTC: 23:30
---> DATE: 2019/07/01  UTC: 23:40
---> DATE: 2019/07/01  UTC: 23:50
---> DATE: 2019/07/02  UTC: 00:00
HEMCO: Opening /projects/b56h/ExtData//HEMCO/OFFLINE_DUST/v2025-03/0.5x0.625/MERRA2/2019/07/dust_emissions_05.MERRA2.20190702.nc
HEMCO: Opening /projects/b56h/ExtData//HEMCO/OFFLINE_BIOVOC/v2021-12/0.5x0.625/2019/07/biovoc_05.20190702.nc
HEMCO: Opening /projects/b56h/ExtData//HEMCO/OFFLINE_SEASALT/v2019-01/0.5x0.625/2019/07/seasalt_05.20190702.nc
HEMCO: Opening /projects/b56h/ExtData//HEMCO/OFFLINE_SOILNOX/v2021-12/0.5x0.625/2019/07/soilnox_05.20190702.nc
HEMCO: Opening /projects/b56h/ExtData//GEOS_4x5/MERRA2/2019/07/MERRA2.20190702.A1.4x5.nc4
HEMCO: Opening /projects/b56h/ExtData//GEOS_4x5/MERRA2/2019/07/MERRA2.20190702.A3cld.4x5.nc4
HEMCO: Opening /projects/b56h/ExtData//GEOS_4x5/MERRA2/2019/07/MERRA2.20190702.A3dyn.4x5.nc4
HEMCO: Opening /projects/b56h/ExtData//GEOS_4x5/MERRA2/2019/07/MERRA2.20190702.A3mstC.4x5.nc4
HEMCO: Opening /projects/b56h/ExtData//GEOS_4x5/MERRA2/2019/07/MERRA2.20190702.A3mstE.4x5.nc4
HEMCO: Opening /projects/b56h/ExtData//GEOS_4x5/MERRA2/2019/07/MERRA2.20190702.I3.4x5.nc4
HEMCO: Opening /projects/b56h/ExtData//GEOS_4x5/MERRA2/2019/07/MERRA2.20190703.I3.4x5.nc4
HEMCO: Opening /projects/b56h/ExtData//HEMCO/Yuan_XLAI/v2021-06/Yuan_proc_MODIS_XLAI.025x025.2019.nc
HEMCO: Opening /projects/b56h/ExtData//HEMCO/OFFLINE_LIGHTNING/v2020-03/MERRA2/2019/FLASH_CTH_MERRA2_0.5x0.625_2019_07.nc4
     - Found all A1     met fields for 2019/07/02 00:30
     - Found all A3cld  met fields for 2019/07/02 01:30
     - Found all A3dyn  met fields for 2019/07/02 01:30
     - Found all A3mstC met fields for 2019/07/02 01:30
     - Found all A3mstE met fields for 2019/07/02 01:30
     - Found all I3     met fields for 2019/07/02 03:00
HEMCO (VOLCANO): Opening /projects/b56h/ExtData//HEMCO/VOLCANO/v2024-04/2019/07/so2_volcanic_emissions_Carns.20190702.rc
---> DATE: 2019/07/02  UTC: 00:10
---> DATE: 2019/07/02  UTC: 00:20
---> DATE: 2019/07/02  UTC: 00:30
---> DATE: 2019/07/02  UTC: 00:40
---> DATE: 2019/07/02  UTC: 00:50
---> DATE: 2019/07/02  UTC: 01:00
     - Found all A1     met fields for 2019/07/02 01:30
---> DATE: 2019/07/02  UTC: 01:10
---> DATE: 2019/07/02  UTC: 01:20
---> DATE: 2019/07/02  UTC: 01:30
---> DATE: 2019/07/02  UTC: 01:40
---> DATE: 2019/07/02  UTC: 01:50
---> DATE: 2019/07/02  UTC: 02:00
     - Found all A1     met fields for 2019/07/02 02:30
---> DATE: 2019/07/02  UTC: 02:10
---> DATE: 2019/07/02  UTC: 02:20
---> DATE: 2019/07/02  UTC: 02:30
---> DATE: 2019/07/02  UTC: 02:40
---> DATE: 2019/07/02  UTC: 02:50
---> DATE: 2019/07/02  UTC: 03:00
HEMCO: Opening /projects/b56h/ExtData//HEMCO/OFFLINE_LIGHTNING/v2020-03/MERRA2/2019/FLASH_CTH_MERRA2_0.5x0.625_2019_07.nc4
     - Found all A1     met fields for 2019/07/02 03:30
     - Found all A3cld  met fields for 2019/07/02 04:30
     - Found all A3dyn  met fields for 2019/07/02 04:30
     - Found all A3mstC met fields for 2019/07/02 04:30
     - Found all A3mstE met fields for 2019/07/02 04:30
     - Found all I3     met fields for 2019/07/02 06:00
---> DATE: 2019/07/02  UTC: 03:10
---> DATE: 2019/07/02  UTC: 03:20
---> DATE: 2019/07/02  UTC: 03:30
---> DATE: 2019/07/02  UTC: 03:40
---> DATE: 2019/07/02  UTC: 03:50
---> DATE: 2019/07/02  UTC: 04:00
     - Found all A1     met fields for 2019/07/02 04:30
---> DATE: 2019/07/02  UTC: 04:10
---> DATE: 2019/07/02  UTC: 04:20
---> DATE: 2019/07/02  UTC: 04:30
---> DATE: 2019/07/02  UTC: 04:40
---> DATE: 2019/07/02  UTC: 04:50
---> DATE: 2019/07/02  UTC: 05:00
     - Found all A1     met fields for 2019/07/02 05:30
---> DATE: 2019/07/02  UTC: 05:10
---> DATE: 2019/07/02  UTC: 05:20
---> DATE: 2019/07/02  UTC: 05:30
---> DATE: 2019/07/02  UTC: 05:40
---> DATE: 2019/07/02  UTC: 05:50
---> DATE: 2019/07/02  UTC: 06:00
HEMCO: Opening /projects/b56h/ExtData//HEMCO/OFFLINE_LIGHTNING/v2020-03/MERRA2/2019/FLASH_CTH_MERRA2_0.5x0.625_2019_07.nc4
     - Found all A1     met fields for 2019/07/02 06:30
     - Found all A3cld  met fields for 2019/07/02 07:30
     - Found all A3dyn  met fields for 2019/07/02 07:30
     - Found all A3mstC met fields for 2019/07/02 07:30
     - Found all A3mstE met fields for 2019/07/02 07:30
     - Found all I3     met fields for 2019/07/02 09:00
---> DATE: 2019/07/02  UTC: 06:10
---> DATE: 2019/07/02  UTC: 06:20
---> DATE: 2019/07/02  UTC: 06:30
---> DATE: 2019/07/02  UTC: 06:40
---> DATE: 2019/07/02  UTC: 06:50
---> DATE: 2019/07/02  UTC: 07:00
     - Found all A1     met fields for 2019/07/02 07:30
---> DATE: 2019/07/02  UTC: 07:10
---> DATE: 2019/07/02  UTC: 07:20
---> DATE: 2019/07/02  UTC: 07:30
---> DATE: 2019/07/02  UTC: 07:40
---> DATE: 2019/07/02  UTC: 07:50
---> DATE: 2019/07/02  UTC: 08:00
     - Found all A1     met fields for 2019/07/02 08:30
---> DATE: 2019/07/02  UTC: 08:10
---> DATE: 2019/07/02  UTC: 08:20
---> DATE: 2019/07/02  UTC: 08:30
---> DATE: 2019/07/02  UTC: 08:40
---> DATE: 2019/07/02  UTC: 08:50
---> DATE: 2019/07/02  UTC: 09:00
HEMCO: Opening /projects/b56h/ExtData//HEMCO/OFFLINE_LIGHTNING/v2020-03/MERRA2/2019/FLASH_CTH_MERRA2_0.5x0.625_2019_07.nc4
     - Found all A1     met fields for 2019/07/02 09:30
     - Found all A3cld  met fields for 2019/07/02 10:30
     - Found all A3dyn  met fields for 2019/07/02 10:30
     - Found all A3mstC met fields for 2019/07/02 10:30
     - Found all A3mstE met fields for 2019/07/02 10:30
     - Found all I3     met fields for 2019/07/02 12:00
---> DATE: 2019/07/02  UTC: 09:10
---> DATE: 2019/07/02  UTC: 09:20
---> DATE: 2019/07/02  UTC: 09:30
---> DATE: 2019/07/02  UTC: 09:40
---> DATE: 2019/07/02  UTC: 09:50
---> DATE: 2019/07/02  UTC: 10:00
     - Found all A1     met fields for 2019/07/02 10:30
---> DATE: 2019/07/02  UTC: 10:10
---> DATE: 2019/07/02  UTC: 10:20
---> DATE: 2019/07/02  UTC: 10:30
---> DATE: 2019/07/02  UTC: 10:40
---> DATE: 2019/07/02  UTC: 10:50
---> DATE: 2019/07/02  UTC: 11:00
     - Found all A1     met fields for 2019/07/02 11:30
---> DATE: 2019/07/02  UTC: 11:10
---> DATE: 2019/07/02  UTC: 11:20
---> DATE: 2019/07/02  UTC: 11:30
---> DATE: 2019/07/02  UTC: 11:40
---> DATE: 2019/07/02  UTC: 11:50
---> DATE: 2019/07/02  UTC: 12:00
HEMCO: Opening /projects/b56h/ExtData//HEMCO/OFFLINE_LIGHTNING/v2020-03/MERRA2/2019/FLASH_CTH_MERRA2_0.5x0.625_2019_07.nc4
     - Found all A1     met fields for 2019/07/02 12:30
     - Found all A3cld  met fields for 2019/07/02 13:30
     - Found all A3dyn  met fields for 2019/07/02 13:30
     - Found all A3mstC met fields for 2019/07/02 13:30
     - Found all A3mstE met fields for 2019/07/02 13:30
     - Found all I3     met fields for 2019/07/02 15:00
---> DATE: 2019/07/02  UTC: 12:10
---> DATE: 2019/07/02  UTC: 12:20
---> DATE: 2019/07/02  UTC: 12:30
---> DATE: 2019/07/02  UTC: 12:40
---> DATE: 2019/07/02  UTC: 12:50
---> DATE: 2019/07/02  UTC: 13:00
     - Found all A1     met fields for 2019/07/02 13:30
---> DATE: 2019/07/02  UTC: 13:10
---> DATE: 2019/07/02  UTC: 13:20
---> DATE: 2019/07/02  UTC: 13:30
---> DATE: 2019/07/02  UTC: 13:40
---> DATE: 2019/07/02  UTC: 13:50
---> DATE: 2019/07/02  UTC: 14:00
     - Found all A1     met fields for 2019/07/02 14:30
---> DATE: 2019/07/02  UTC: 14:10
---> DATE: 2019/07/02  UTC: 14:20
---> DATE: 2019/07/02  UTC: 14:30
---> DATE: 2019/07/02  UTC: 14:40
---> DATE: 2019/07/02  UTC: 14:50
---> DATE: 2019/07/02  UTC: 15:00
HEMCO: Opening /projects/b56h/ExtData//HEMCO/OFFLINE_LIGHTNING/v2020-03/MERRA2/2019/FLASH_CTH_MERRA2_0.5x0.625_2019_07.nc4
     - Found all A1     met fields for 2019/07/02 15:30
     - Found all A3cld  met fields for 2019/07/02 16:30
     - Found all A3dyn  met fields for 2019/07/02 16:30
     - Found all A3mstC met fields for 2019/07/02 16:30
     - Found all A3mstE met fields for 2019/07/02 16:30
     - Found all I3     met fields for 2019/07/02 18:00
---> DATE: 2019/07/02  UTC: 15:10
---> DATE: 2019/07/02  UTC: 15:20
---> DATE: 2019/07/02  UTC: 15:30
---> DATE: 2019/07/02  UTC: 15:40
---> DATE: 2019/07/02  UTC: 15:50
---> DATE: 2019/07/02  UTC: 16:00
     - Found all A1     met fields for 2019/07/02 16:30
---> DATE: 2019/07/02  UTC: 16:10
---> DATE: 2019/07/02  UTC: 16:20
---> DATE: 2019/07/02  UTC: 16:30
---> DATE: 2019/07/02  UTC: 16:40
---> DATE: 2019/07/02  UTC: 16:50
---> DATE: 2019/07/02  UTC: 17:00
     - Found all A1     met fields for 2019/07/02 17:30
---> DATE: 2019/07/02  UTC: 17:10
---> DATE: 2019/07/02  UTC: 17:20
---> DATE: 2019/07/02  UTC: 17:30
---> DATE: 2019/07/02  UTC: 17:40
---> DATE: 2019/07/02  UTC: 17:50
---> DATE: 2019/07/02  UTC: 18:00
HEMCO: Opening /projects/b56h/ExtData//HEMCO/OFFLINE_LIGHTNING/v2020-03/MERRA2/2019/FLASH_CTH_MERRA2_0.5x0.625_2019_07.nc4
     - Found all A1     met fields for 2019/07/02 18:30
     - Found all A3cld  met fields for 2019/07/02 19:30
     - Found all A3dyn  met fields for 2019/07/02 19:30
     - Found all A3mstC met fields for 2019/07/02 19:30
     - Found all A3mstE met fields for 2019/07/02 19:30
     - Found all I3     met fields for 2019/07/02 21:00
---> DATE: 2019/07/02  UTC: 18:10
---> DATE: 2019/07/02  UTC: 18:20
---> DATE: 2019/07/02  UTC: 18:30
---> DATE: 2019/07/02  UTC: 18:40
---> DATE: 2019/07/02  UTC: 18:50
---> DATE: 2019/07/02  UTC: 19:00
     - Found all A1     met fields for 2019/07/02 19:30
---> DATE: 2019/07/02  UTC: 19:10
---> DATE: 2019/07/02  UTC: 19:20
---> DATE: 2019/07/02  UTC: 19:30
---> DATE: 2019/07/02  UTC: 19:40
---> DATE: 2019/07/02  UTC: 19:50
---> DATE: 2019/07/02  UTC: 20:00
     - Found all A1     met fields for 2019/07/02 20:30
---> DATE: 2019/07/02  UTC: 20:10
---> DATE: 2019/07/02  UTC: 20:20
---> DATE: 2019/07/02  UTC: 20:30
---> DATE: 2019/07/02  UTC: 20:40
---> DATE: 2019/07/02  UTC: 20:50
---> DATE: 2019/07/02  UTC: 21:00
HEMCO: Opening /projects/b56h/ExtData//HEMCO/OFFLINE_LIGHTNING/v2020-03/MERRA2/2019/FLASH_CTH_MERRA2_0.5x0.625_2019_07.nc4
     - Found all A1     met fields for 2019/07/02 21:30
     - Found all A3cld  met fields for 2019/07/02 22:30
     - Found all A3dyn  met fields for 2019/07/02 22:30
     - Found all A3mstC met fields for 2019/07/02 22:30
     - Found all A3mstE met fields for 2019/07/02 22:30
     - Found all I3     met fields for 2019/07/03 00:00
---> DATE: 2019/07/02  UTC: 21:10
---> DATE: 2019/07/02  UTC: 21:20
---> DATE: 2019/07/02  UTC: 21:30
---> DATE: 2019/07/02  UTC: 21:40
---> DATE: 2019/07/02  UTC: 21:50
---> DATE: 2019/07/02  UTC: 22:00
     - Found all A1     met fields for 2019/07/02 22:30
---> DATE: 2019/07/02  UTC: 22:10
---> DATE: 2019/07/02  UTC: 22:20
---> DATE: 2019/07/02  UTC: 22:30
---> DATE: 2019/07/02  UTC: 22:40
---> DATE: 2019/07/02  UTC: 22:50
---> DATE: 2019/07/02  UTC: 23:00
     - Found all A1     met fields for 2019/07/02 23:30
---> DATE: 2019/07/02  UTC: 23:10
---> DATE: 2019/07/02  UTC: 23:20
---> DATE: 2019/07/02  UTC: 23:30
---> DATE: 2019/07/02  UTC: 23:40
---> DATE: 2019/07/02  UTC: 23:50
---> DATE: 2019/07/03  UTC: 00:00
HEMCO: Opening /projects/b56h/ExtData//HEMCO/OFFLINE_DUST/v2025-03/0.5x0.625/MERRA2/2019/07/dust_emissions_05.MERRA2.20190703.nc
HEMCO: Opening /projects/b56h/ExtData//HEMCO/OFFLINE_BIOVOC/v2021-12/0.5x0.625/2019/07/biovoc_05.20190703.nc
HEMCO: Opening /projects/b56h/ExtData//HEMCO/OFFLINE_SEASALT/v2019-01/0.5x0.625/2019/07/seasalt_05.20190703.nc
HEMCO: Opening /projects/b56h/ExtData//HEMCO/OFFLINE_SOILNOX/v2021-12/0.5x0.625/2019/07/soilnox_05.20190703.nc
HEMCO: Opening /projects/b56h/ExtData//GEOS_4x5/MERRA2/2019/07/MERRA2.20190703.A1.4x5.nc4
HEMCO: Opening /projects/b56h/ExtData//GEOS_4x5/MERRA2/2019/07/MERRA2.20190703.A3cld.4x5.nc4
HEMCO: Opening /projects/b56h/ExtData//GEOS_4x5/MERRA2/2019/07/MERRA2.20190703.A3dyn.4x5.nc4
HEMCO: Opening /projects/b56h/ExtData//GEOS_4x5/MERRA2/2019/07/MERRA2.20190703.A3mstC.4x5.nc4
HEMCO: Opening /projects/b56h/ExtData//GEOS_4x5/MERRA2/2019/07/MERRA2.20190703.A3mstE.4x5.nc4
HEMCO: Opening /projects/b56h/ExtData//GEOS_4x5/MERRA2/2019/07/MERRA2.20190703.I3.4x5.nc4
HEMCO: Opening /projects/b56h/ExtData//GEOS_4x5/MERRA2/2019/07/MERRA2.20190704.I3.4x5.nc4
HEMCO: Opening /projects/b56h/ExtData//HEMCO/Yuan_XLAI/v2021-06/Yuan_proc_MODIS_XLAI.025x025.2019.nc
HEMCO: Opening /projects/b56h/ExtData//HEMCO/OFFLINE_LIGHTNING/v2020-03/MERRA2/2019/FLASH_CTH_MERRA2_0.5x0.625_2019_07.nc4
     - Found all A1     met fields for 2019/07/03 00:30
     - Found all A3cld  met fields for 2019/07/03 01:30
     - Found all A3dyn  met fields for 2019/07/03 01:30
     - Found all A3mstC met fields for 2019/07/03 01:30
     - Found all A3mstE met fields for 2019/07/03 01:30
     - Found all I3     met fields for 2019/07/03 03:00
HEMCO (VOLCANO): Opening /projects/b56h/ExtData//HEMCO/VOLCANO/v2024-04/2019/07/so2_volcanic_emissions_Carns.20190703.rc
---> DATE: 2019/07/03  UTC: 00:10
---> DATE: 2019/07/03  UTC: 00:20
---> DATE: 2019/07/03  UTC: 00:30
---> DATE: 2019/07/03  UTC: 00:40
---> DATE: 2019/07/03  UTC: 00:50
---> DATE: 2019/07/03  UTC: 01:00
     - Found all A1     met fields for 2019/07/03 01:30
---> DATE: 2019/07/03  UTC: 01:10
---> DATE: 2019/07/03  UTC: 01:20
---> DATE: 2019/07/03  UTC: 01:30
---> DATE: 2019/07/03  UTC: 01:40
---> DATE: 2019/07/03  UTC: 01:50
---> DATE: 2019/07/03  UTC: 02:00
     - Found all A1     met fields for 2019/07/03 02:30
---> DATE: 2019/07/03  UTC: 02:10
---> DATE: 2019/07/03  UTC: 02:20
---> DATE: 2019/07/03  UTC: 02:30
---> DATE: 2019/07/03  UTC: 02:40
---> DATE: 2019/07/03  UTC: 02:50
---> DATE: 2019/07/03  UTC: 03:00
HEMCO: Opening /projects/b56h/ExtData//HEMCO/OFFLINE_LIGHTNING/v2020-03/MERRA2/2019/FLASH_CTH_MERRA2_0.5x0.625_2019_07.nc4
     - Found all A1     met fields for 2019/07/03 03:30
     - Found all A3cld  met fields for 2019/07/03 04:30
     - Found all A3dyn  met fields for 2019/07/03 04:30
     - Found all A3mstC met fields for 2019/07/03 04:30
     - Found all A3mstE met fields for 2019/07/03 04:30
     - Found all I3     met fields for 2019/07/03 06:00
---> DATE: 2019/07/03  UTC: 03:10
---> DATE: 2019/07/03  UTC: 03:20
---> DATE: 2019/07/03  UTC: 03:30
---> DATE: 2019/07/03  UTC: 03:40
---> DATE: 2019/07/03  UTC: 03:50
---> DATE: 2019/07/03  UTC: 04:00
     - Found all A1     met fields for 2019/07/03 04:30
---> DATE: 2019/07/03  UTC: 04:10
---> DATE: 2019/07/03  UTC: 04:20
---> DATE: 2019/07/03  UTC: 04:30
---> DATE: 2019/07/03  UTC: 04:40
---> DATE: 2019/07/03  UTC: 04:50
---> DATE: 2019/07/03  UTC: 05:00
     - Found all A1     met fields for 2019/07/03 05:30
---> DATE: 2019/07/03  UTC: 05:10
---> DATE: 2019/07/03  UTC: 05:20
---> DATE: 2019/07/03  UTC: 05:30
---> DATE: 2019/07/03  UTC: 05:40
---> DATE: 2019/07/03  UTC: 05:50
---> DATE: 2019/07/03  UTC: 06:00
HEMCO: Opening /projects/b56h/ExtData//HEMCO/OFFLINE_LIGHTNING/v2020-03/MERRA2/2019/FLASH_CTH_MERRA2_0.5x0.625_2019_07.nc4
     - Found all A1     met fields for 2019/07/03 06:30
     - Found all A3cld  met fields for 2019/07/03 07:30
     - Found all A3dyn  met fields for 2019/07/03 07:30
     - Found all A3mstC met fields for 2019/07/03 07:30
     - Found all A3mstE met fields for 2019/07/03 07:30
     - Found all I3     met fields for 2019/07/03 09:00
---> DATE: 2019/07/03  UTC: 06:10
---> DATE: 2019/07/03  UTC: 06:20
---> DATE: 2019/07/03  UTC: 06:30
---> DATE: 2019/07/03  UTC: 06:40
---> DATE: 2019/07/03  UTC: 06:50
---> DATE: 2019/07/03  UTC: 07:00
     - Found all A1     met fields for 2019/07/03 07:30
---> DATE: 2019/07/03  UTC: 07:10
---> DATE: 2019/07/03  UTC: 07:20
---> DATE: 2019/07/03  UTC: 07:30
---> DATE: 2019/07/03  UTC: 07:40
---> DATE: 2019/07/03  UTC: 07:50
---> DATE: 2019/07/03  UTC: 08:00
     - Found all A1     met fields for 2019/07/03 08:30
---> DATE: 2019/07/03  UTC: 08:10
---> DATE: 2019/07/03  UTC: 08:20
---> DATE: 2019/07/03  UTC: 08:30
---> DATE: 2019/07/03  UTC: 08:40
---> DATE: 2019/07/03  UTC: 08:50
---> DATE: 2019/07/03  UTC: 09:00
HEMCO: Opening /projects/b56h/ExtData//HEMCO/OFFLINE_LIGHTNING/v2020-03/MERRA2/2019/FLASH_CTH_MERRA2_0.5x0.625_2019_07.nc4
     - Found all A1     met fields for 2019/07/03 09:30
     - Found all A3cld  met fields for 2019/07/03 10:30
     - Found all A3dyn  met fields for 2019/07/03 10:30
     - Found all A3mstC met fields for 2019/07/03 10:30
     - Found all A3mstE met fields for 2019/07/03 10:30
     - Found all I3     met fields for 2019/07/03 12:00
---> DATE: 2019/07/03  UTC: 09:10
---> DATE: 2019/07/03  UTC: 09:20
---> DATE: 2019/07/03  UTC: 09:30
---> DATE: 2019/07/03  UTC: 09:40
---> DATE: 2019/07/03  UTC: 09:50
---> DATE: 2019/07/03  UTC: 10:00
     - Found all A1     met fields for 2019/07/03 10:30
---> DATE: 2019/07/03  UTC: 10:10
---> DATE: 2019/07/03  UTC: 10:20
---> DATE: 2019/07/03  UTC: 10:30
---> DATE: 2019/07/03  UTC: 10:40
---> DATE: 2019/07/03  UTC: 10:50
---> DATE: 2019/07/03  UTC: 11:00
     - Found all A1     met fields for 2019/07/03 11:30
---> DATE: 2019/07/03  UTC: 11:10
---> DATE: 2019/07/03  UTC: 11:20
---> DATE: 2019/07/03  UTC: 11:30
---> DATE: 2019/07/03  UTC: 11:40
---> DATE: 2019/07/03  UTC: 11:50
---> DATE: 2019/07/03  UTC: 12:00
HEMCO: Opening /projects/b56h/ExtData//HEMCO/OFFLINE_LIGHTNING/v2020-03/MERRA2/2019/FLASH_CTH_MERRA2_0.5x0.625_2019_07.nc4
     - Found all A1     met fields for 2019/07/03 12:30
     - Found all A3cld  met fields for 2019/07/03 13:30
     - Found all A3dyn  met fields for 2019/07/03 13:30
     - Found all A3mstC met fields for 2019/07/03 13:30
     - Found all A3mstE met fields for 2019/07/03 13:30
     - Found all I3     met fields for 2019/07/03 15:00
---> DATE: 2019/07/03  UTC: 12:10
---> DATE: 2019/07/03  UTC: 12:20
---> DATE: 2019/07/03  UTC: 12:30
---> DATE: 2019/07/03  UTC: 12:40
---> DATE: 2019/07/03  UTC: 12:50
---> DATE: 2019/07/03  UTC: 13:00
     - Found all A1     met fields for 2019/07/03 13:30
---> DATE: 2019/07/03  UTC: 13:10
---> DATE: 2019/07/03  UTC: 13:20
---> DATE: 2019/07/03  UTC: 13:30
---> DATE: 2019/07/03  UTC: 13:40
---> DATE: 2019/07/03  UTC: 13:50
---> DATE: 2019/07/03  UTC: 14:00
     - Found all A1     met fields for 2019/07/03 14:30
---> DATE: 2019/07/03  UTC: 14:10
---> DATE: 2019/07/03  UTC: 14:20
---> DATE: 2019/07/03  UTC: 14:30
---> DATE: 2019/07/03  UTC: 14:40
---> DATE: 2019/07/03  UTC: 14:50
---> DATE: 2019/07/03  UTC: 15:00
HEMCO: Opening /projects/b56h/ExtData//HEMCO/OFFLINE_LIGHTNING/v2020-03/MERRA2/2019/FLASH_CTH_MERRA2_0.5x0.625_2019_07.nc4
     - Found all A1     met fields for 2019/07/03 15:30
     - Found all A3cld  met fields for 2019/07/03 16:30
     - Found all A3dyn  met fields for 2019/07/03 16:30
     - Found all A3mstC met fields for 2019/07/03 16:30
     - Found all A3mstE met fields for 2019/07/03 16:30
     - Found all I3     met fields for 2019/07/03 18:00
---> DATE: 2019/07/03  UTC: 15:10
---> DATE: 2019/07/03  UTC: 15:20
---> DATE: 2019/07/03  UTC: 15:30
---> DATE: 2019/07/03  UTC: 15:40
---> DATE: 2019/07/03  UTC: 15:50
---> DATE: 2019/07/03  UTC: 16:00
     - Found all A1     met fields for 2019/07/03 16:30
---> DATE: 2019/07/03  UTC: 16:10
---> DATE: 2019/07/03  UTC: 16:20
---> DATE: 2019/07/03  UTC: 16:30
---> DATE: 2019/07/03  UTC: 16:40
---> DATE: 2019/07/03  UTC: 16:50
---> DATE: 2019/07/03  UTC: 17:00
     - Found all A1     met fields for 2019/07/03 17:30
---> DATE: 2019/07/03  UTC: 17:10
---> DATE: 2019/07/03  UTC: 17:20
---> DATE: 2019/07/03  UTC: 17:30
---> DATE: 2019/07/03  UTC: 17:40
---> DATE: 2019/07/03  UTC: 17:50
---> DATE: 2019/07/03  UTC: 18:00
HEMCO: Opening /projects/b56h/ExtData//HEMCO/OFFLINE_LIGHTNING/v2020-03/MERRA2/2019/FLASH_CTH_MERRA2_0.5x0.625_2019_07.nc4
     - Found all A1     met fields for 2019/07/03 18:30
     - Found all A3cld  met fields for 2019/07/03 19:30
     - Found all A3dyn  met fields for 2019/07/03 19:30
     - Found all A3mstC met fields for 2019/07/03 19:30
     - Found all A3mstE met fields for 2019/07/03 19:30
     - Found all I3     met fields for 2019/07/03 21:00
---> DATE: 2019/07/03  UTC: 18:10
---> DATE: 2019/07/03  UTC: 18:20
---> DATE: 2019/07/03  UTC: 18:30
---> DATE: 2019/07/03  UTC: 18:40
---> DATE: 2019/07/03  UTC: 18:50
---> DATE: 2019/07/03  UTC: 19:00
     - Found all A1     met fields for 2019/07/03 19:30
---> DATE: 2019/07/03  UTC: 19:10
---> DATE: 2019/07/03  UTC: 19:20
---> DATE: 2019/07/03  UTC: 19:30
---> DATE: 2019/07/03  UTC: 19:40
---> DATE: 2019/07/03  UTC: 19:50
---> DATE: 2019/07/03  UTC: 20:00
     - Found all A1     met fields for 2019/07/03 20:30
---> DATE: 2019/07/03  UTC: 20:10
---> DATE: 2019/07/03  UTC: 20:20
---> DATE: 2019/07/03  UTC: 20:30
---> DATE: 2019/07/03  UTC: 20:40
---> DATE: 2019/07/03  UTC: 20:50
---> DATE: 2019/07/03  UTC: 21:00
HEMCO: Opening /projects/b56h/ExtData//HEMCO/OFFLINE_LIGHTNING/v2020-03/MERRA2/2019/FLASH_CTH_MERRA2_0.5x0.625_2019_07.nc4
     - Found all A1     met fields for 2019/07/03 21:30
     - Found all A3cld  met fields for 2019/07/03 22:30
     - Found all A3dyn  met fields for 2019/07/03 22:30
     - Found all A3mstC met fields for 2019/07/03 22:30
     - Found all A3mstE met fields for 2019/07/03 22:30
     - Found all I3     met fields for 2019/07/04 00:00
---> DATE: 2019/07/03  UTC: 21:10
---> DATE: 2019/07/03  UTC: 21:20
---> DATE: 2019/07/03  UTC: 21:30
---> DATE: 2019/07/03  UTC: 21:40
---> DATE: 2019/07/03  UTC: 21:50
---> DATE: 2019/07/03  UTC: 22:00
     - Found all A1     met fields for 2019/07/03 22:30
---> DATE: 2019/07/03  UTC: 22:10
---> DATE: 2019/07/03  UTC: 22:20
---> DATE: 2019/07/03  UTC: 22:30
---> DATE: 2019/07/03  UTC: 22:40
---> DATE: 2019/07/03  UTC: 22:50
---> DATE: 2019/07/03  UTC: 23:00
     - Found all A1     met fields for 2019/07/03 23:30
---> DATE: 2019/07/03  UTC: 23:10
---> DATE: 2019/07/03  UTC: 23:20
---> DATE: 2019/07/03  UTC: 23:30
---> DATE: 2019/07/03  UTC: 23:40
---> DATE: 2019/07/03  UTC: 23:50
---> DATE: 2019/07/04  UTC: 00:00
HEMCO: Opening /projects/b56h/ExtData//HEMCO/OFFLINE_DUST/v2025-03/0.5x0.625/MERRA2/2019/07/dust_emissions_05.MERRA2.20190704.nc
HEMCO: Opening /projects/b56h/ExtData//HEMCO/OFFLINE_BIOVOC/v2021-12/0.5x0.625/2019/07/biovoc_05.20190704.nc
HEMCO: Opening /projects/b56h/ExtData//HEMCO/OFFLINE_SEASALT/v2019-01/0.5x0.625/2019/07/seasalt_05.20190704.nc
HEMCO: Opening /projects/b56h/ExtData//HEMCO/OFFLINE_SOILNOX/v2021-12/0.5x0.625/2019/07/soilnox_05.20190704.nc
HEMCO: Opening /projects/b56h/ExtData//GEOS_4x5/MERRA2/2019/07/MERRA2.20190704.A1.4x5.nc4
HEMCO: Opening /projects/b56h/ExtData//GEOS_4x5/MERRA2/2019/07/MERRA2.20190704.A3cld.4x5.nc4
HEMCO: Opening /projects/b56h/ExtData//GEOS_4x5/MERRA2/2019/07/MERRA2.20190704.A3dyn.4x5.nc4
HEMCO: Opening /projects/b56h/ExtData//GEOS_4x5/MERRA2/2019/07/MERRA2.20190704.A3mstC.4x5.nc4
HEMCO: Opening /projects/b56h/ExtData//GEOS_4x5/MERRA2/2019/07/MERRA2.20190704.A3mstE.4x5.nc4
HEMCO: Opening /projects/b56h/ExtData//GEOS_4x5/MERRA2/2019/07/MERRA2.20190704.I3.4x5.nc4
HEMCO: Opening /projects/b56h/ExtData//GEOS_4x5/MERRA2/2019/07/MERRA2.20190705.I3.4x5.nc4
HEMCO: Opening /projects/b56h/ExtData//HEMCO/Yuan_XLAI/v2021-06/Yuan_proc_MODIS_XLAI.025x025.2019.nc
HEMCO: Opening /projects/b56h/ExtData//HEMCO/OFFLINE_LIGHTNING/v2020-03/MERRA2/2019/FLASH_CTH_MERRA2_0.5x0.625_2019_07.nc4
     - Found all A1     met fields for 2019/07/04 00:30
     - Found all A3cld  met fields for 2019/07/04 01:30
     - Found all A3dyn  met fields for 2019/07/04 01:30
     - Found all A3mstC met fields for 2019/07/04 01:30
     - Found all A3mstE met fields for 2019/07/04 01:30
     - Found all I3     met fields for 2019/07/04 03:00
HEMCO (VOLCANO): Opening /projects/b56h/ExtData//HEMCO/VOLCANO/v2024-04/2019/07/so2_volcanic_emissions_Carns.20190704.rc
---> DATE: 2019/07/04  UTC: 00:10
---> DATE: 2019/07/04  UTC: 00:20
---> DATE: 2019/07/04  UTC: 00:30
---> DATE: 2019/07/04  UTC: 00:40
---> DATE: 2019/07/04  UTC: 00:50
---> DATE: 2019/07/04  UTC: 01:00
     - Found all A1     met fields for 2019/07/04 01:30
---> DATE: 2019/07/04  UTC: 01:10
---> DATE: 2019/07/04  UTC: 01:20
---> DATE: 2019/07/04  UTC: 01:30
---> DATE: 2019/07/04  UTC: 01:40
---> DATE: 2019/07/04  UTC: 01:50
---> DATE: 2019/07/04  UTC: 02:00
     - Found all A1     met fields for 2019/07/04 02:30
---> DATE: 2019/07/04  UTC: 02:10
---> DATE: 2019/07/04  UTC: 02:20
---> DATE: 2019/07/04  UTC: 02:30
---> DATE: 2019/07/04  UTC: 02:40
---> DATE: 2019/07/04  UTC: 02:50
---> DATE: 2019/07/04  UTC: 03:00
HEMCO: Opening /projects/b56h/ExtData//HEMCO/OFFLINE_LIGHTNING/v2020-03/MERRA2/2019/FLASH_CTH_MERRA2_0.5x0.625_2019_07.nc4
     - Found all A1     met fields for 2019/07/04 03:30
     - Found all A3cld  met fields for 2019/07/04 04:30
     - Found all A3dyn  met fields for 2019/07/04 04:30
     - Found all A3mstC met fields for 2019/07/04 04:30
     - Found all A3mstE met fields for 2019/07/04 04:30
     - Found all I3     met fields for 2019/07/04 06:00
---> DATE: 2019/07/04  UTC: 03:10
---> DATE: 2019/07/04  UTC: 03:20
---> DATE: 2019/07/04  UTC: 03:30
---> DATE: 2019/07/04  UTC: 03:40
---> DATE: 2019/07/04  UTC: 03:50
---> DATE: 2019/07/04  UTC: 04:00
     - Found all A1     met fields for 2019/07/04 04:30
---> DATE: 2019/07/04  UTC: 04:10
---> DATE: 2019/07/04  UTC: 04:20
---> DATE: 2019/07/04  UTC: 04:30
---> DATE: 2019/07/04  UTC: 04:40
---> DATE: 2019/07/04  UTC: 04:50
---> DATE: 2019/07/04  UTC: 05:00
     - Found all A1     met fields for 2019/07/04 05:30
---> DATE: 2019/07/04  UTC: 05:10
---> DATE: 2019/07/04  UTC: 05:20
---> DATE: 2019/07/04  UTC: 05:30
---> DATE: 2019/07/04  UTC: 05:40
---> DATE: 2019/07/04  UTC: 05:50
---> DATE: 2019/07/04  UTC: 06:00
HEMCO: Opening /projects/b56h/ExtData//HEMCO/OFFLINE_LIGHTNING/v2020-03/MERRA2/2019/FLASH_CTH_MERRA2_0.5x0.625_2019_07.nc4
     - Found all A1     met fields for 2019/07/04 06:30
     - Found all A3cld  met fields for 2019/07/04 07:30
     - Found all A3dyn  met fields for 2019/07/04 07:30
     - Found all A3mstC met fields for 2019/07/04 07:30
     - Found all A3mstE met fields for 2019/07/04 07:30
     - Found all I3     met fields for 2019/07/04 09:00
---> DATE: 2019/07/04  UTC: 06:10
---> DATE: 2019/07/04  UTC: 06:20
---> DATE: 2019/07/04  UTC: 06:30
---> DATE: 2019/07/04  UTC: 06:40
---> DATE: 2019/07/04  UTC: 06:50
---> DATE: 2019/07/04  UTC: 07:00
     - Found all A1     met fields for 2019/07/04 07:30
---> DATE: 2019/07/04  UTC: 07:10
---> DATE: 2019/07/04  UTC: 07:20
---> DATE: 2019/07/04  UTC: 07:30
---> DATE: 2019/07/04  UTC: 07:40
---> DATE: 2019/07/04  UTC: 07:50
---> DATE: 2019/07/04  UTC: 08:00
     - Found all A1     met fields for 2019/07/04 08:30
---> DATE: 2019/07/04  UTC: 08:10
---> DATE: 2019/07/04  UTC: 08:20
---> DATE: 2019/07/04  UTC: 08:30
---> DATE: 2019/07/04  UTC: 08:40
---> DATE: 2019/07/04  UTC: 08:50
---> DATE: 2019/07/04  UTC: 09:00
HEMCO: Opening /projects/b56h/ExtData//HEMCO/OFFLINE_LIGHTNING/v2020-03/MERRA2/2019/FLASH_CTH_MERRA2_0.5x0.625_2019_07.nc4
     - Found all A1     met fields for 2019/07/04 09:30
     - Found all A3cld  met fields for 2019/07/04 10:30
     - Found all A3dyn  met fields for 2019/07/04 10:30
     - Found all A3mstC met fields for 2019/07/04 10:30
     - Found all A3mstE met fields for 2019/07/04 10:30
     - Found all I3     met fields for 2019/07/04 12:00
---> DATE: 2019/07/04  UTC: 09:10
---> DATE: 2019/07/04  UTC: 09:20
---> DATE: 2019/07/04  UTC: 09:30
---> DATE: 2019/07/04  UTC: 09:40
---> DATE: 2019/07/04  UTC: 09:50
---> DATE: 2019/07/04  UTC: 10:00
     - Found all A1     met fields for 2019/07/04 10:30
---> DATE: 2019/07/04  UTC: 10:10
---> DATE: 2019/07/04  UTC: 10:20
---> DATE: 2019/07/04  UTC: 10:30
---> DATE: 2019/07/04  UTC: 10:40
---> DATE: 2019/07/04  UTC: 10:50
---> DATE: 2019/07/04  UTC: 11:00
     - Found all A1     met fields for 2019/07/04 11:30
---> DATE: 2019/07/04  UTC: 11:10
---> DATE: 2019/07/04  UTC: 11:20
---> DATE: 2019/07/04  UTC: 11:30
---> DATE: 2019/07/04  UTC: 11:40
---> DATE: 2019/07/04  UTC: 11:50
---> DATE: 2019/07/04  UTC: 12:00
HEMCO: Opening /projects/b56h/ExtData//HEMCO/OFFLINE_LIGHTNING/v2020-03/MERRA2/2019/FLASH_CTH_MERRA2_0.5x0.625_2019_07.nc4
     - Found all A1     met fields for 2019/07/04 12:30
     - Found all A3cld  met fields for 2019/07/04 13:30
     - Found all A3dyn  met fields for 2019/07/04 13:30
     - Found all A3mstC met fields for 2019/07/04 13:30
     - Found all A3mstE met fields for 2019/07/04 13:30
     - Found all I3     met fields for 2019/07/04 15:00
---> DATE: 2019/07/04  UTC: 12:10
---> DATE: 2019/07/04  UTC: 12:20
---> DATE: 2019/07/04  UTC: 12:30
---> DATE: 2019/07/04  UTC: 12:40
---> DATE: 2019/07/04  UTC: 12:50
---> DATE: 2019/07/04  UTC: 13:00
     - Found all A1     met fields for 2019/07/04 13:30
---> DATE: 2019/07/04  UTC: 13:10
---> DATE: 2019/07/04  UTC: 13:20
---> DATE: 2019/07/04  UTC: 13:30
---> DATE: 2019/07/04  UTC: 13:40
---> DATE: 2019/07/04  UTC: 13:50
---> DATE: 2019/07/04  UTC: 14:00
     - Found all A1     met fields for 2019/07/04 14:30
---> DATE: 2019/07/04  UTC: 14:10
---> DATE: 2019/07/04  UTC: 14:20
---> DATE: 2019/07/04  UTC: 14:30
---> DATE: 2019/07/04  UTC: 14:40
---> DATE: 2019/07/04  UTC: 14:50
---> DATE: 2019/07/04  UTC: 15:00
HEMCO: Opening /projects/b56h/ExtData//HEMCO/OFFLINE_LIGHTNING/v2020-03/MERRA2/2019/FLASH_CTH_MERRA2_0.5x0.625_2019_07.nc4
     - Found all A1     met fields for 2019/07/04 15:30
     - Found all A3cld  met fields for 2019/07/04 16:30
     - Found all A3dyn  met fields for 2019/07/04 16:30
     - Found all A3mstC met fields for 2019/07/04 16:30
     - Found all A3mstE met fields for 2019/07/04 16:30
     - Found all I3     met fields for 2019/07/04 18:00
---> DATE: 2019/07/04  UTC: 15:10
---> DATE: 2019/07/04  UTC: 15:20
---> DATE: 2019/07/04  UTC: 15:30
---> DATE: 2019/07/04  UTC: 15:40
---> DATE: 2019/07/04  UTC: 15:50
---> DATE: 2019/07/04  UTC: 16:00
     - Found all A1     met fields for 2019/07/04 16:30
---> DATE: 2019/07/04  UTC: 16:10
---> DATE: 2019/07/04  UTC: 16:20
---> DATE: 2019/07/04  UTC: 16:30
---> DATE: 2019/07/04  UTC: 16:40
---> DATE: 2019/07/04  UTC: 16:50
---> DATE: 2019/07/04  UTC: 17:00
     - Found all A1     met fields for 2019/07/04 17:30
---> DATE: 2019/07/04  UTC: 17:10
---> DATE: 2019/07/04  UTC: 17:20
---> DATE: 2019/07/04  UTC: 17:30
---> DATE: 2019/07/04  UTC: 17:40
---> DATE: 2019/07/04  UTC: 17:50
---> DATE: 2019/07/04  UTC: 18:00
HEMCO: Opening /projects/b56h/ExtData//HEMCO/OFFLINE_LIGHTNING/v2020-03/MERRA2/2019/FLASH_CTH_MERRA2_0.5x0.625_2019_07.nc4
     - Found all A1     met fields for 2019/07/04 18:30
     - Found all A3cld  met fields for 2019/07/04 19:30
     - Found all A3dyn  met fields for 2019/07/04 19:30
     - Found all A3mstC met fields for 2019/07/04 19:30
     - Found all A3mstE met fields for 2019/07/04 19:30
     - Found all I3     met fields for 2019/07/04 21:00
---> DATE: 2019/07/04  UTC: 18:10
---> DATE: 2019/07/04  UTC: 18:20
---> DATE: 2019/07/04  UTC: 18:30
---> DATE: 2019/07/04  UTC: 18:40
---> DATE: 2019/07/04  UTC: 18:50
---> DATE: 2019/07/04  UTC: 19:00
     - Found all A1     met fields for 2019/07/04 19:30
---> DATE: 2019/07/04  UTC: 19:10
---> DATE: 2019/07/04  UTC: 19:20
---> DATE: 2019/07/04  UTC: 19:30
---> DATE: 2019/07/04  UTC: 19:40
---> DATE: 2019/07/04  UTC: 19:50
---> DATE: 2019/07/04  UTC: 20:00
     - Found all A1     met fields for 2019/07/04 20:30
---> DATE: 2019/07/04  UTC: 20:10
---> DATE: 2019/07/04  UTC: 20:20
---> DATE: 2019/07/04  UTC: 20:30
---> DATE: 2019/07/04  UTC: 20:40
---> DATE: 2019/07/04  UTC: 20:50
---> DATE: 2019/07/04  UTC: 21:00
HEMCO: Opening /projects/b56h/ExtData//HEMCO/OFFLINE_LIGHTNING/v2020-03/MERRA2/2019/FLASH_CTH_MERRA2_0.5x0.625_2019_07.nc4
     - Found all A1     met fields for 2019/07/04 21:30
     - Found all A3cld  met fields for 2019/07/04 22:30
     - Found all A3dyn  met fields for 2019/07/04 22:30
     - Found all A3mstC met fields for 2019/07/04 22:30
     - Found all A3mstE met fields for 2019/07/04 22:30
     - Found all I3     met fields for 2019/07/05 00:00
---> DATE: 2019/07/04  UTC: 21:10
---> DATE: 2019/07/04  UTC: 21:20
---> DATE: 2019/07/04  UTC: 21:30
---> DATE: 2019/07/04  UTC: 21:40
---> DATE: 2019/07/04  UTC: 21:50
---> DATE: 2019/07/04  UTC: 22:00
     - Found all A1     met fields for 2019/07/04 22:30
---> DATE: 2019/07/04  UTC: 22:10
---> DATE: 2019/07/04  UTC: 22:20
---> DATE: 2019/07/04  UTC: 22:30
---> DATE: 2019/07/04  UTC: 22:40
---> DATE: 2019/07/04  UTC: 22:50
---> DATE: 2019/07/04  UTC: 23:00
     - Found all A1     met fields for 2019/07/04 23:30
---> DATE: 2019/07/04  UTC: 23:10
---> DATE: 2019/07/04  UTC: 23:20
---> DATE: 2019/07/04  UTC: 23:30
---> DATE: 2019/07/04  UTC: 23:40
---> DATE: 2019/07/04  UTC: 23:50
---> DATE: 2019/07/05  UTC: 00:00
HEMCO: Opening /projects/b56h/ExtData//HEMCO/OFFLINE_DUST/v2025-03/0.5x0.625/MERRA2/2019/07/dust_emissions_05.MERRA2.20190705.nc
HEMCO: Opening /projects/b56h/ExtData//HEMCO/OFFLINE_BIOVOC/v2021-12/0.5x0.625/2019/07/biovoc_05.20190705.nc
HEMCO: Opening /projects/b56h/ExtData//HEMCO/OFFLINE_SEASALT/v2019-01/0.5x0.625/2019/07/seasalt_05.20190705.nc
HEMCO: Opening /projects/b56h/ExtData//HEMCO/OFFLINE_SOILNOX/v2021-12/0.5x0.625/2019/07/soilnox_05.20190705.nc
HEMCO: Opening /projects/b56h/ExtData//GEOS_4x5/MERRA2/2019/07/MERRA2.20190705.A1.4x5.nc4
HEMCO: Opening /projects/b56h/ExtData//GEOS_4x5/MERRA2/2019/07/MERRA2.20190705.A3cld.4x5.nc4
HEMCO: Opening /projects/b56h/ExtData//GEOS_4x5/MERRA2/2019/07/MERRA2.20190705.A3dyn.4x5.nc4
HEMCO: Opening /projects/b56h/ExtData//GEOS_4x5/MERRA2/2019/07/MERRA2.20190705.A3mstC.4x5.nc4
HEMCO: Opening /projects/b56h/ExtData//GEOS_4x5/MERRA2/2019/07/MERRA2.20190705.A3mstE.4x5.nc4
HEMCO: Opening /projects/b56h/ExtData//GEOS_4x5/MERRA2/2019/07/MERRA2.20190705.I3.4x5.nc4
HEMCO: Opening /projects/b56h/ExtData//GEOS_4x5/MERRA2/2019/07/MERRA2.20190706.I3.4x5.nc4
HEMCO: Opening /projects/b56h/ExtData//HEMCO/Yuan_XLAI/v2021-06/Yuan_proc_MODIS_XLAI.025x025.2019.nc
HEMCO: Opening /projects/b56h/ExtData//HEMCO/OFFLINE_LIGHTNING/v2020-03/MERRA2/2019/FLASH_CTH_MERRA2_0.5x0.625_2019_07.nc4
     - Found all A1     met fields for 2019/07/05 00:30
     - Found all A3cld  met fields for 2019/07/05 01:30
     - Found all A3dyn  met fields for 2019/07/05 01:30
     - Found all A3mstC met fields for 2019/07/05 01:30
     - Found all A3mstE met fields for 2019/07/05 01:30
     - Found all I3     met fields for 2019/07/05 03:00
HEMCO (VOLCANO): Opening /projects/b56h/ExtData//HEMCO/VOLCANO/v2024-04/2019/07/so2_volcanic_emissions_Carns.20190705.rc
---> DATE: 2019/07/05  UTC: 00:10
---> DATE: 2019/07/05  UTC: 00:20
---> DATE: 2019/07/05  UTC: 00:30
---> DATE: 2019/07/05  UTC: 00:40
---> DATE: 2019/07/05  UTC: 00:50
---> DATE: 2019/07/05  UTC: 01:00
     - Found all A1     met fields for 2019/07/05 01:30
---> DATE: 2019/07/05  UTC: 01:10
---> DATE: 2019/07/05  UTC: 01:20
---> DATE: 2019/07/05  UTC: 01:30
---> DATE: 2019/07/05  UTC: 01:40
---> DATE: 2019/07/05  UTC: 01:50
---> DATE: 2019/07/05  UTC: 02:00
     - Found all A1     met fields for 2019/07/05 02:30
---> DATE: 2019/07/05  UTC: 02:10
---> DATE: 2019/07/05  UTC: 02:20
---> DATE: 2019/07/05  UTC: 02:30
---> DATE: 2019/07/05  UTC: 02:40
---> DATE: 2019/07/05  UTC: 02:50
---> DATE: 2019/07/05  UTC: 03:00
HEMCO: Opening /projects/b56h/ExtData//HEMCO/OFFLINE_LIGHTNING/v2020-03/MERRA2/2019/FLASH_CTH_MERRA2_0.5x0.625_2019_07.nc4
     - Found all A1     met fields for 2019/07/05 03:30
     - Found all A3cld  met fields for 2019/07/05 04:30
     - Found all A3dyn  met fields for 2019/07/05 04:30
     - Found all A3mstC met fields for 2019/07/05 04:30
     - Found all A3mstE met fields for 2019/07/05 04:30
     - Found all I3     met fields for 2019/07/05 06:00
---> DATE: 2019/07/05  UTC: 03:10
---> DATE: 2019/07/05  UTC: 03:20
---> DATE: 2019/07/05  UTC: 03:30
---> DATE: 2019/07/05  UTC: 03:40
---> DATE: 2019/07/05  UTC: 03:50
---> DATE: 2019/07/05  UTC: 04:00
     - Found all A1     met fields for 2019/07/05 04:30
---> DATE: 2019/07/05  UTC: 04:10
---> DATE: 2019/07/05  UTC: 04:20
---> DATE: 2019/07/05  UTC: 04:30
---> DATE: 2019/07/05  UTC: 04:40
---> DATE: 2019/07/05  UTC: 04:50
---> DATE: 2019/07/05  UTC: 05:00
     - Found all A1     met fields for 2019/07/05 05:30
---> DATE: 2019/07/05  UTC: 05:10
---> DATE: 2019/07/05  UTC: 05:20
---> DATE: 2019/07/05  UTC: 05:30
---> DATE: 2019/07/05  UTC: 05:40
---> DATE: 2019/07/05  UTC: 05:50
---> DATE: 2019/07/05  UTC: 06:00
HEMCO: Opening /projects/b56h/ExtData//HEMCO/OFFLINE_LIGHTNING/v2020-03/MERRA2/2019/FLASH_CTH_MERRA2_0.5x0.625_2019_07.nc4
     - Found all A1     met fields for 2019/07/05 06:30
     - Found all A3cld  met fields for 2019/07/05 07:30
     - Found all A3dyn  met fields for 2019/07/05 07:30
     - Found all A3mstC met fields for 2019/07/05 07:30
     - Found all A3mstE met fields for 2019/07/05 07:30
     - Found all I3     met fields for 2019/07/05 09:00
---> DATE: 2019/07/05  UTC: 06:10
---> DATE: 2019/07/05  UTC: 06:20
---> DATE: 2019/07/05  UTC: 06:30
---> DATE: 2019/07/05  UTC: 06:40
---> DATE: 2019/07/05  UTC: 06:50
---> DATE: 2019/07/05  UTC: 07:00
     - Found all A1     met fields for 2019/07/05 07:30
---> DATE: 2019/07/05  UTC: 07:10
---> DATE: 2019/07/05  UTC: 07:20
---> DATE: 2019/07/05  UTC: 07:30
---> DATE: 2019/07/05  UTC: 07:40
---> DATE: 2019/07/05  UTC: 07:50
---> DATE: 2019/07/05  UTC: 08:00
     - Found all A1     met fields for 2019/07/05 08:30
---> DATE: 2019/07/05  UTC: 08:10
---> DATE: 2019/07/05  UTC: 08:20
---> DATE: 2019/07/05  UTC: 08:30
---> DATE: 2019/07/05  UTC: 08:40
---> DATE: 2019/07/05  UTC: 08:50
---> DATE: 2019/07/05  UTC: 09:00
HEMCO: Opening /projects/b56h/ExtData//HEMCO/OFFLINE_LIGHTNING/v2020-03/MERRA2/2019/FLASH_CTH_MERRA2_0.5x0.625_2019_07.nc4
     - Found all A1     met fields for 2019/07/05 09:30
     - Found all A3cld  met fields for 2019/07/05 10:30
     - Found all A3dyn  met fields for 2019/07/05 10:30
     - Found all A3mstC met fields for 2019/07/05 10:30
     - Found all A3mstE met fields for 2019/07/05 10:30
     - Found all I3     met fields for 2019/07/05 12:00
---> DATE: 2019/07/05  UTC: 09:10
---> DATE: 2019/07/05  UTC: 09:20
---> DATE: 2019/07/05  UTC: 09:30
---> DATE: 2019/07/05  UTC: 09:40
---> DATE: 2019/07/05  UTC: 09:50
---> DATE: 2019/07/05  UTC: 10:00
     - Found all A1     met fields for 2019/07/05 10:30
---> DATE: 2019/07/05  UTC: 10:10
---> DATE: 2019/07/05  UTC: 10:20
---> DATE: 2019/07/05  UTC: 10:30
---> DATE: 2019/07/05  UTC: 10:40
---> DATE: 2019/07/05  UTC: 10:50
---> DATE: 2019/07/05  UTC: 11:00
     - Found all A1     met fields for 2019/07/05 11:30
---> DATE: 2019/07/05  UTC: 11:10
---> DATE: 2019/07/05  UTC: 11:20
---> DATE: 2019/07/05  UTC: 11:30
---> DATE: 2019/07/05  UTC: 11:40
---> DATE: 2019/07/05  UTC: 11:50
---> DATE: 2019/07/05  UTC: 12:00
HEMCO: Opening /projects/b56h/ExtData//HEMCO/OFFLINE_LIGHTNING/v2020-03/MERRA2/2019/FLASH_CTH_MERRA2_0.5x0.625_2019_07.nc4
     - Found all A1     met fields for 2019/07/05 12:30
     - Found all A3cld  met fields for 2019/07/05 13:30
     - Found all A3dyn  met fields for 2019/07/05 13:30
     - Found all A3mstC met fields for 2019/07/05 13:30
     - Found all A3mstE met fields for 2019/07/05 13:30
     - Found all I3     met fields for 2019/07/05 15:00
---> DATE: 2019/07/05  UTC: 12:10
---> DATE: 2019/07/05  UTC: 12:20
---> DATE: 2019/07/05  UTC: 12:30
---> DATE: 2019/07/05  UTC: 12:40
---> DATE: 2019/07/05  UTC: 12:50
---> DATE: 2019/07/05  UTC: 13:00
     - Found all A1     met fields for 2019/07/05 13:30
---> DATE: 2019/07/05  UTC: 13:10
---> DATE: 2019/07/05  UTC: 13:20
---> DATE: 2019/07/05  UTC: 13:30
---> DATE: 2019/07/05  UTC: 13:40
---> DATE: 2019/07/05  UTC: 13:50
---> DATE: 2019/07/05  UTC: 14:00
     - Found all A1     met fields for 2019/07/05 14:30
---> DATE: 2019/07/05  UTC: 14:10
---> DATE: 2019/07/05  UTC: 14:20
---> DATE: 2019/07/05  UTC: 14:30
---> DATE: 2019/07/05  UTC: 14:40
---> DATE: 2019/07/05  UTC: 14:50
---> DATE: 2019/07/05  UTC: 15:00
HEMCO: Opening /projects/b56h/ExtData//HEMCO/OFFLINE_LIGHTNING/v2020-03/MERRA2/2019/FLASH_CTH_MERRA2_0.5x0.625_2019_07.nc4
     - Found all A1     met fields for 2019/07/05 15:30
     - Found all A3cld  met fields for 2019/07/05 16:30
     - Found all A3dyn  met fields for 2019/07/05 16:30
     - Found all A3mstC met fields for 2019/07/05 16:30
     - Found all A3mstE met fields for 2019/07/05 16:30
     - Found all I3     met fields for 2019/07/05 18:00
---> DATE: 2019/07/05  UTC: 15:10
---> DATE: 2019/07/05  UTC: 15:20
---> DATE: 2019/07/05  UTC: 15:30
---> DATE: 2019/07/05  UTC: 15:40
---> DATE: 2019/07/05  UTC: 15:50
---> DATE: 2019/07/05  UTC: 16:00
     - Found all A1     met fields for 2019/07/05 16:30
---> DATE: 2019/07/05  UTC: 16:10
---> DATE: 2019/07/05  UTC: 16:20
---> DATE: 2019/07/05  UTC: 16:30
---> DATE: 2019/07/05  UTC: 16:40
---> DATE: 2019/07/05  UTC: 16:50
---> DATE: 2019/07/05  UTC: 17:00
     - Found all A1     met fields for 2019/07/05 17:30
---> DATE: 2019/07/05  UTC: 17:10
---> DATE: 2019/07/05  UTC: 17:20
---> DATE: 2019/07/05  UTC: 17:30
---> DATE: 2019/07/05  UTC: 17:40
---> DATE: 2019/07/05  UTC: 17:50
---> DATE: 2019/07/05  UTC: 18:00
HEMCO: Opening /projects/b56h/ExtData//HEMCO/OFFLINE_LIGHTNING/v2020-03/MERRA2/2019/FLASH_CTH_MERRA2_0.5x0.625_2019_07.nc4
     - Found all A1     met fields for 2019/07/05 18:30
     - Found all A3cld  met fields for 2019/07/05 19:30
     - Found all A3dyn  met fields for 2019/07/05 19:30
     - Found all A3mstC met fields for 2019/07/05 19:30
     - Found all A3mstE met fields for 2019/07/05 19:30
     - Found all I3     met fields for 2019/07/05 21:00
---> DATE: 2019/07/05  UTC: 18:10
---> DATE: 2019/07/05  UTC: 18:20
---> DATE: 2019/07/05  UTC: 18:30
---> DATE: 2019/07/05  UTC: 18:40
---> DATE: 2019/07/05  UTC: 18:50
---> DATE: 2019/07/05  UTC: 19:00
     - Found all A1     met fields for 2019/07/05 19:30
---> DATE: 2019/07/05  UTC: 19:10
---> DATE: 2019/07/05  UTC: 19:20
---> DATE: 2019/07/05  UTC: 19:30
---> DATE: 2019/07/05  UTC: 19:40
---> DATE: 2019/07/05  UTC: 19:50
---> DATE: 2019/07/05  UTC: 20:00
     - Found all A1     met fields for 2019/07/05 20:30
---> DATE: 2019/07/05  UTC: 20:10
---> DATE: 2019/07/05  UTC: 20:20
---> DATE: 2019/07/05  UTC: 20:30
---> DATE: 2019/07/05  UTC: 20:40
---> DATE: 2019/07/05  UTC: 20:50
---> DATE: 2019/07/05  UTC: 21:00
HEMCO: Opening /projects/b56h/ExtData//HEMCO/OFFLINE_LIGHTNING/v2020-03/MERRA2/2019/FLASH_CTH_MERRA2_0.5x0.625_2019_07.nc4
     - Found all A1     met fields for 2019/07/05 21:30
     - Found all A3cld  met fields for 2019/07/05 22:30
     - Found all A3dyn  met fields for 2019/07/05 22:30
     - Found all A3mstC met fields for 2019/07/05 22:30
     - Found all A3mstE met fields for 2019/07/05 22:30
     - Found all I3     met fields for 2019/07/06 00:00
---> DATE: 2019/07/05  UTC: 21:10
---> DATE: 2019/07/05  UTC: 21:20
---> DATE: 2019/07/05  UTC: 21:30
---> DATE: 2019/07/05  UTC: 21:40
---> DATE: 2019/07/05  UTC: 21:50
---> DATE: 2019/07/05  UTC: 22:00
     - Found all A1     met fields for 2019/07/05 22:30
---> DATE: 2019/07/05  UTC: 22:10
---> DATE: 2019/07/05  UTC: 22:20
---> DATE: 2019/07/05  UTC: 22:30
---> DATE: 2019/07/05  UTC: 22:40
---> DATE: 2019/07/05  UTC: 22:50
---> DATE: 2019/07/05  UTC: 23:00
     - Found all A1     met fields for 2019/07/05 23:30
---> DATE: 2019/07/05  UTC: 23:10
---> DATE: 2019/07/05  UTC: 23:20
---> DATE: 2019/07/05  UTC: 23:30
---> DATE: 2019/07/05  UTC: 23:40
---> DATE: 2019/07/05  UTC: 23:50
---> DATE: 2019/07/06  UTC: 00:00
HEMCO: Opening /projects/b56h/ExtData//HEMCO/OFFLINE_DUST/v2025-03/0.5x0.625/MERRA2/2019/07/dust_emissions_05.MERRA2.20190706.nc
HEMCO: Opening /projects/b56h/ExtData//HEMCO/OFFLINE_BIOVOC/v2021-12/0.5x0.625/2019/07/biovoc_05.20190706.nc
HEMCO: Opening /projects/b56h/ExtData//HEMCO/OFFLINE_SEASALT/v2019-01/0.5x0.625/2019/07/seasalt_05.20190706.nc
HEMCO: Opening /projects/b56h/ExtData//HEMCO/OFFLINE_SOILNOX/v2021-12/0.5x0.625/2019/07/soilnox_05.20190706.nc
HEMCO: Opening /projects/b56h/ExtData//GEOS_4x5/MERRA2/2019/07/MERRA2.20190706.A1.4x5.nc4
HEMCO: Opening /projects/b56h/ExtData//GEOS_4x5/MERRA2/2019/07/MERRA2.20190706.A3cld.4x5.nc4
HEMCO: Opening /projects/b56h/ExtData//GEOS_4x5/MERRA2/2019/07/MERRA2.20190706.A3dyn.4x5.nc4
HEMCO: Opening /projects/b56h/ExtData//GEOS_4x5/MERRA2/2019/07/MERRA2.20190706.A3mstC.4x5.nc4
HEMCO: Opening /projects/b56h/ExtData//GEOS_4x5/MERRA2/2019/07/MERRA2.20190706.A3mstE.4x5.nc4
HEMCO: Opening /projects/b56h/ExtData//GEOS_4x5/MERRA2/2019/07/MERRA2.20190706.I3.4x5.nc4
HEMCO: Opening /projects/b56h/ExtData//GEOS_4x5/MERRA2/2019/07/MERRA2.20190707.I3.4x5.nc4
HEMCO: Opening /projects/b56h/ExtData//HEMCO/Yuan_XLAI/v2021-06/Yuan_proc_MODIS_XLAI.025x025.2019.nc
HEMCO: Opening /projects/b56h/ExtData//HEMCO/OFFLINE_LIGHTNING/v2020-03/MERRA2/2019/FLASH_CTH_MERRA2_0.5x0.625_2019_07.nc4
     - Found all A1     met fields for 2019/07/06 00:30
     - Found all A3cld  met fields for 2019/07/06 01:30
     - Found all A3dyn  met fields for 2019/07/06 01:30
     - Found all A3mstC met fields for 2019/07/06 01:30
     - Found all A3mstE met fields for 2019/07/06 01:30
     - Found all I3     met fields for 2019/07/06 03:00
HEMCO (VOLCANO): Opening /projects/b56h/ExtData//HEMCO/VOLCANO/v2024-04/2019/07/so2_volcanic_emissions_Carns.20190706.rc
---> DATE: 2019/07/06  UTC: 00:10
---> DATE: 2019/07/06  UTC: 00:20
---> DATE: 2019/07/06  UTC: 00:30
---> DATE: 2019/07/06  UTC: 00:40
---> DATE: 2019/07/06  UTC: 00:50
---> DATE: 2019/07/06  UTC: 01:00
     - Found all A1     met fields for 2019/07/06 01:30
---> DATE: 2019/07/06  UTC: 01:10
---> DATE: 2019/07/06  UTC: 01:20
---> DATE: 2019/07/06  UTC: 01:30
---> DATE: 2019/07/06  UTC: 01:40
---> DATE: 2019/07/06  UTC: 01:50
---> DATE: 2019/07/06  UTC: 02:00
     - Found all A1     met fields for 2019/07/06 02:30
---> DATE: 2019/07/06  UTC: 02:10
---> DATE: 2019/07/06  UTC: 02:20
---> DATE: 2019/07/06  UTC: 02:30
---> DATE: 2019/07/06  UTC: 02:40
---> DATE: 2019/07/06  UTC: 02:50
---> DATE: 2019/07/06  UTC: 03:00
HEMCO: Opening /projects/b56h/ExtData//HEMCO/OFFLINE_LIGHTNING/v2020-03/MERRA2/2019/FLASH_CTH_MERRA2_0.5x0.625_2019_07.nc4
     - Found all A1     met fields for 2019/07/06 03:30
     - Found all A3cld  met fields for 2019/07/06 04:30
     - Found all A3dyn  met fields for 2019/07/06 04:30
     - Found all A3mstC met fields for 2019/07/06 04:30
     - Found all A3mstE met fields for 2019/07/06 04:30
     - Found all I3     met fields for 2019/07/06 06:00
---> DATE: 2019/07/06  UTC: 03:10
---> DATE: 2019/07/06  UTC: 03:20
---> DATE: 2019/07/06  UTC: 03:30
---> DATE: 2019/07/06  UTC: 03:40
---> DATE: 2019/07/06  UTC: 03:50
---> DATE: 2019/07/06  UTC: 04:00
     - Found all A1     met fields for 2019/07/06 04:30
---> DATE: 2019/07/06  UTC: 04:10
---> DATE: 2019/07/06  UTC: 04:20
---> DATE: 2019/07/06  UTC: 04:30
---> DATE: 2019/07/06  UTC: 04:40
---> DATE: 2019/07/06  UTC: 04:50
---> DATE: 2019/07/06  UTC: 05:00
     - Found all A1     met fields for 2019/07/06 05:30
---> DATE: 2019/07/06  UTC: 05:10
---> DATE: 2019/07/06  UTC: 05:20
---> DATE: 2019/07/06  UTC: 05:30
---> DATE: 2019/07/06  UTC: 05:40
---> DATE: 2019/07/06  UTC: 05:50
---> DATE: 2019/07/06  UTC: 06:00
HEMCO: Opening /projects/b56h/ExtData//HEMCO/OFFLINE_LIGHTNING/v2020-03/MERRA2/2019/FLASH_CTH_MERRA2_0.5x0.625_2019_07.nc4
     - Found all A1     met fields for 2019/07/06 06:30
     - Found all A3cld  met fields for 2019/07/06 07:30
     - Found all A3dyn  met fields for 2019/07/06 07:30
     - Found all A3mstC met fields for 2019/07/06 07:30
     - Found all A3mstE met fields for 2019/07/06 07:30
     - Found all I3     met fields for 2019/07/06 09:00
---> DATE: 2019/07/06  UTC: 06:10
---> DATE: 2019/07/06  UTC: 06:20
---> DATE: 2019/07/06  UTC: 06:30
---> DATE: 2019/07/06  UTC: 06:40
---> DATE: 2019/07/06  UTC: 06:50
---> DATE: 2019/07/06  UTC: 07:00
     - Found all A1     met fields for 2019/07/06 07:30
---> DATE: 2019/07/06  UTC: 07:10
---> DATE: 2019/07/06  UTC: 07:20
---> DATE: 2019/07/06  UTC: 07:30
---> DATE: 2019/07/06  UTC: 07:40
---> DATE: 2019/07/06  UTC: 07:50
---> DATE: 2019/07/06  UTC: 08:00
     - Found all A1     met fields for 2019/07/06 08:30
---> DATE: 2019/07/06  UTC: 08:10
---> DATE: 2019/07/06  UTC: 08:20
---> DATE: 2019/07/06  UTC: 08:30
---> DATE: 2019/07/06  UTC: 08:40
---> DATE: 2019/07/06  UTC: 08:50
---> DATE: 2019/07/06  UTC: 09:00
HEMCO: Opening /projects/b56h/ExtData//HEMCO/OFFLINE_LIGHTNING/v2020-03/MERRA2/2019/FLASH_CTH_MERRA2_0.5x0.625_2019_07.nc4
     - Found all A1     met fields for 2019/07/06 09:30
     - Found all A3cld  met fields for 2019/07/06 10:30
     - Found all A3dyn  met fields for 2019/07/06 10:30
     - Found all A3mstC met fields for 2019/07/06 10:30
     - Found all A3mstE met fields for 2019/07/06 10:30
     - Found all I3     met fields for 2019/07/06 12:00
---> DATE: 2019/07/06  UTC: 09:10
---> DATE: 2019/07/06  UTC: 09:20
---> DATE: 2019/07/06  UTC: 09:30
---> DATE: 2019/07/06  UTC: 09:40
---> DATE: 2019/07/06  UTC: 09:50
---> DATE: 2019/07/06  UTC: 10:00
     - Found all A1     met fields for 2019/07/06 10:30
---> DATE: 2019/07/06  UTC: 10:10
---> DATE: 2019/07/06  UTC: 10:20
---> DATE: 2019/07/06  UTC: 10:30
---> DATE: 2019/07/06  UTC: 10:40
---> DATE: 2019/07/06  UTC: 10:50
---> DATE: 2019/07/06  UTC: 11:00
     - Found all A1     met fields for 2019/07/06 11:30
---> DATE: 2019/07/06  UTC: 11:10
---> DATE: 2019/07/06  UTC: 11:20
---> DATE: 2019/07/06  UTC: 11:30
---> DATE: 2019/07/06  UTC: 11:40
---> DATE: 2019/07/06  UTC: 11:50
---> DATE: 2019/07/06  UTC: 12:00
HEMCO: Opening /projects/b56h/ExtData//HEMCO/OFFLINE_LIGHTNING/v2020-03/MERRA2/2019/FLASH_CTH_MERRA2_0.5x0.625_2019_07.nc4
     - Found all A1     met fields for 2019/07/06 12:30
     - Found all A3cld  met fields for 2019/07/06 13:30
     - Found all A3dyn  met fields for 2019/07/06 13:30
     - Found all A3mstC met fields for 2019/07/06 13:30
     - Found all A3mstE met fields for 2019/07/06 13:30
     - Found all I3     met fields for 2019/07/06 15:00
---> DATE: 2019/07/06  UTC: 12:10
---> DATE: 2019/07/06  UTC: 12:20
---> DATE: 2019/07/06  UTC: 12:30
---> DATE: 2019/07/06  UTC: 12:40
---> DATE: 2019/07/06  UTC: 12:50
---> DATE: 2019/07/06  UTC: 13:00
     - Found all A1     met fields for 2019/07/06 13:30
---> DATE: 2019/07/06  UTC: 13:10
---> DATE: 2019/07/06  UTC: 13:20
---> DATE: 2019/07/06  UTC: 13:30
---> DATE: 2019/07/06  UTC: 13:40
---> DATE: 2019/07/06  UTC: 13:50
---> DATE: 2019/07/06  UTC: 14:00
     - Found all A1     met fields for 2019/07/06 14:30
---> DATE: 2019/07/06  UTC: 14:10
---> DATE: 2019/07/06  UTC: 14:20
---> DATE: 2019/07/06  UTC: 14:30
---> DATE: 2019/07/06  UTC: 14:40
---> DATE: 2019/07/06  UTC: 14:50
---> DATE: 2019/07/06  UTC: 15:00
HEMCO: Opening /projects/b56h/ExtData//HEMCO/OFFLINE_LIGHTNING/v2020-03/MERRA2/2019/FLASH_CTH_MERRA2_0.5x0.625_2019_07.nc4
     - Found all A1     met fields for 2019/07/06 15:30
     - Found all A3cld  met fields for 2019/07/06 16:30
     - Found all A3dyn  met fields for 2019/07/06 16:30
     - Found all A3mstC met fields for 2019/07/06 16:30
     - Found all A3mstE met fields for 2019/07/06 16:30
     - Found all I3     met fields for 2019/07/06 18:00
---> DATE: 2019/07/06  UTC: 15:10
---> DATE: 2019/07/06  UTC: 15:20
---> DATE: 2019/07/06  UTC: 15:30
---> DATE: 2019/07/06  UTC: 15:40
---> DATE: 2019/07/06  UTC: 15:50
---> DATE: 2019/07/06  UTC: 16:00
     - Found all A1     met fields for 2019/07/06 16:30
---> DATE: 2019/07/06  UTC: 16:10
---> DATE: 2019/07/06  UTC: 16:20
---> DATE: 2019/07/06  UTC: 16:30
---> DATE: 2019/07/06  UTC: 16:40
---> DATE: 2019/07/06  UTC: 16:50
---> DATE: 2019/07/06  UTC: 17:00
     - Found all A1     met fields for 2019/07/06 17:30
---> DATE: 2019/07/06  UTC: 17:10
---> DATE: 2019/07/06  UTC: 17:20
---> DATE: 2019/07/06  UTC: 17:30
---> DATE: 2019/07/06  UTC: 17:40
---> DATE: 2019/07/06  UTC: 17:50
---> DATE: 2019/07/06  UTC: 18:00
HEMCO: Opening /projects/b56h/ExtData//HEMCO/OFFLINE_LIGHTNING/v2020-03/MERRA2/2019/FLASH_CTH_MERRA2_0.5x0.625_2019_07.nc4
     - Found all A1     met fields for 2019/07/06 18:30
     - Found all A3cld  met fields for 2019/07/06 19:30
     - Found all A3dyn  met fields for 2019/07/06 19:30
     - Found all A3mstC met fields for 2019/07/06 19:30
     - Found all A3mstE met fields for 2019/07/06 19:30
     - Found all I3     met fields for 2019/07/06 21:00
---> DATE: 2019/07/06  UTC: 18:10
---> DATE: 2019/07/06  UTC: 18:20
---> DATE: 2019/07/06  UTC: 18:30
---> DATE: 2019/07/06  UTC: 18:40
---> DATE: 2019/07/06  UTC: 18:50
---> DATE: 2019/07/06  UTC: 19:00
     - Found all A1     met fields for 2019/07/06 19:30
---> DATE: 2019/07/06  UTC: 19:10
---> DATE: 2019/07/06  UTC: 19:20
---> DATE: 2019/07/06  UTC: 19:30
---> DATE: 2019/07/06  UTC: 19:40
---> DATE: 2019/07/06  UTC: 19:50
---> DATE: 2019/07/06  UTC: 20:00
     - Found all A1     met fields for 2019/07/06 20:30
---> DATE: 2019/07/06  UTC: 20:10
---> DATE: 2019/07/06  UTC: 20:20
---> DATE: 2019/07/06  UTC: 20:30
---> DATE: 2019/07/06  UTC: 20:40
---> DATE: 2019/07/06  UTC: 20:50
---> DATE: 2019/07/06  UTC: 21:00
HEMCO: Opening /projects/b56h/ExtData//HEMCO/OFFLINE_LIGHTNING/v2020-03/MERRA2/2019/FLASH_CTH_MERRA2_0.5x0.625_2019_07.nc4
     - Found all A1     met fields for 2019/07/06 21:30
     - Found all A3cld  met fields for 2019/07/06 22:30
     - Found all A3dyn  met fields for 2019/07/06 22:30
     - Found all A3mstC met fields for 2019/07/06 22:30
     - Found all A3mstE met fields for 2019/07/06 22:30
     - Found all I3     met fields for 2019/07/07 00:00
---> DATE: 2019/07/06  UTC: 21:10
---> DATE: 2019/07/06  UTC: 21:20
---> DATE: 2019/07/06  UTC: 21:30
---> DATE: 2019/07/06  UTC: 21:40
---> DATE: 2019/07/06  UTC: 21:50
---> DATE: 2019/07/06  UTC: 22:00
     - Found all A1     met fields for 2019/07/06 22:30
---> DATE: 2019/07/06  UTC: 22:10
---> DATE: 2019/07/06  UTC: 22:20
---> DATE: 2019/07/06  UTC: 22:30
---> DATE: 2019/07/06  UTC: 22:40
---> DATE: 2019/07/06  UTC: 22:50
---> DATE: 2019/07/06  UTC: 23:00
     - Found all A1     met fields for 2019/07/06 23:30
---> DATE: 2019/07/06  UTC: 23:10
---> DATE: 2019/07/06  UTC: 23:20
---> DATE: 2019/07/06  UTC: 23:30
---> DATE: 2019/07/06  UTC: 23:40
---> DATE: 2019/07/06  UTC: 23:50
---> DATE: 2019/07/07  UTC: 00:00
HEMCO: Opening /projects/b56h/ExtData//HEMCO/OFFLINE_DUST/v2025-03/0.5x0.625/MERRA2/2019/07/dust_emissions_05.MERRA2.20190707.nc
HEMCO: Opening /projects/b56h/ExtData//HEMCO/OFFLINE_BIOVOC/v2021-12/0.5x0.625/2019/07/biovoc_05.20190707.nc
HEMCO: Opening /projects/b56h/ExtData//HEMCO/OFFLINE_SEASALT/v2019-01/0.5x0.625/2019/07/seasalt_05.20190707.nc
HEMCO: Opening /projects/b56h/ExtData//HEMCO/OFFLINE_SOILNOX/v2021-12/0.5x0.625/2019/07/soilnox_05.20190707.nc
HEMCO: Opening /projects/b56h/ExtData//GEOS_4x5/MERRA2/2019/07/MERRA2.20190707.A1.4x5.nc4
HEMCO: Opening /projects/b56h/ExtData//GEOS_4x5/MERRA2/2019/07/MERRA2.20190707.A3cld.4x5.nc4
HEMCO: Opening /projects/b56h/ExtData//GEOS_4x5/MERRA2/2019/07/MERRA2.20190707.A3dyn.4x5.nc4
HEMCO: Opening /projects/b56h/ExtData//GEOS_4x5/MERRA2/2019/07/MERRA2.20190707.A3mstC.4x5.nc4
HEMCO: Opening /projects/b56h/ExtData//GEOS_4x5/MERRA2/2019/07/MERRA2.20190707.A3mstE.4x5.nc4
HEMCO: Opening /projects/b56h/ExtData//GEOS_4x5/MERRA2/2019/07/MERRA2.20190707.I3.4x5.nc4
HEMCO: Opening /projects/b56h/ExtData//GEOS_4x5/MERRA2/2019/07/MERRA2.20190708.I3.4x5.nc4
HEMCO: Opening /projects/b56h/ExtData//HEMCO/Yuan_XLAI/v2021-06/Yuan_proc_MODIS_XLAI.025x025.2019.nc
HEMCO: Opening /projects/b56h/ExtData//HEMCO/OFFLINE_LIGHTNING/v2020-03/MERRA2/2019/FLASH_CTH_MERRA2_0.5x0.625_2019_07.nc4
     - Found all A1     met fields for 2019/07/07 00:30
     - Found all A3cld  met fields for 2019/07/07 01:30
     - Found all A3dyn  met fields for 2019/07/07 01:30
     - Found all A3mstC met fields for 2019/07/07 01:30
     - Found all A3mstE met fields for 2019/07/07 01:30
     - Found all I3     met fields for 2019/07/07 03:00
HEMCO (VOLCANO): Opening /projects/b56h/ExtData//HEMCO/VOLCANO/v2024-04/2019/07/so2_volcanic_emissions_Carns.20190707.rc
---> DATE: 2019/07/07  UTC: 00:10
---> DATE: 2019/07/07  UTC: 00:20
---> DATE: 2019/07/07  UTC: 00:30
---> DATE: 2019/07/07  UTC: 00:40
---> DATE: 2019/07/07  UTC: 00:50
---> DATE: 2019/07/07  UTC: 01:00
     - Found all A1     met fields for 2019/07/07 01:30
---> DATE: 2019/07/07  UTC: 01:10
---> DATE: 2019/07/07  UTC: 01:20
---> DATE: 2019/07/07  UTC: 01:30
---> DATE: 2019/07/07  UTC: 01:40
---> DATE: 2019/07/07  UTC: 01:50
---> DATE: 2019/07/07  UTC: 02:00
     - Found all A1     met fields for 2019/07/07 02:30
---> DATE: 2019/07/07  UTC: 02:10
---> DATE: 2019/07/07  UTC: 02:20
---> DATE: 2019/07/07  UTC: 02:30
---> DATE: 2019/07/07  UTC: 02:40
---> DATE: 2019/07/07  UTC: 02:50
---> DATE: 2019/07/07  UTC: 03:00
HEMCO: Opening /projects/b56h/ExtData//HEMCO/OFFLINE_LIGHTNING/v2020-03/MERRA2/2019/FLASH_CTH_MERRA2_0.5x0.625_2019_07.nc4
     - Found all A1     met fields for 2019/07/07 03:30
     - Found all A3cld  met fields for 2019/07/07 04:30
     - Found all A3dyn  met fields for 2019/07/07 04:30
     - Found all A3mstC met fields for 2019/07/07 04:30
     - Found all A3mstE met fields for 2019/07/07 04:30
     - Found all I3     met fields for 2019/07/07 06:00
---> DATE: 2019/07/07  UTC: 03:10
---> DATE: 2019/07/07  UTC: 03:20
---> DATE: 2019/07/07  UTC: 03:30
---> DATE: 2019/07/07  UTC: 03:40
---> DATE: 2019/07/07  UTC: 03:50
---> DATE: 2019/07/07  UTC: 04:00
     - Found all A1     met fields for 2019/07/07 04:30
---> DATE: 2019/07/07  UTC: 04:10
---> DATE: 2019/07/07  UTC: 04:20
---> DATE: 2019/07/07  UTC: 04:30
---> DATE: 2019/07/07  UTC: 04:40
---> DATE: 2019/07/07  UTC: 04:50
---> DATE: 2019/07/07  UTC: 05:00
     - Found all A1     met fields for 2019/07/07 05:30
---> DATE: 2019/07/07  UTC: 05:10
---> DATE: 2019/07/07  UTC: 05:20
---> DATE: 2019/07/07  UTC: 05:30
---> DATE: 2019/07/07  UTC: 05:40
---> DATE: 2019/07/07  UTC: 05:50
---> DATE: 2019/07/07  UTC: 06:00
HEMCO: Opening /projects/b56h/ExtData//HEMCO/OFFLINE_LIGHTNING/v2020-03/MERRA2/2019/FLASH_CTH_MERRA2_0.5x0.625_2019_07.nc4
     - Found all A1     met fields for 2019/07/07 06:30
     - Found all A3cld  met fields for 2019/07/07 07:30
     - Found all A3dyn  met fields for 2019/07/07 07:30
     - Found all A3mstC met fields for 2019/07/07 07:30
     - Found all A3mstE met fields for 2019/07/07 07:30
     - Found all I3     met fields for 2019/07/07 09:00
---> DATE: 2019/07/07  UTC: 06:10
---> DATE: 2019/07/07  UTC: 06:20
---> DATE: 2019/07/07  UTC: 06:30
---> DATE: 2019/07/07  UTC: 06:40
---> DATE: 2019/07/07  UTC: 06:50
---> DATE: 2019/07/07  UTC: 07:00
     - Found all A1     met fields for 2019/07/07 07:30
---> DATE: 2019/07/07  UTC: 07:10
---> DATE: 2019/07/07  UTC: 07:20
---> DATE: 2019/07/07  UTC: 07:30
---> DATE: 2019/07/07  UTC: 07:40
---> DATE: 2019/07/07  UTC: 07:50
---> DATE: 2019/07/07  UTC: 08:00
     - Found all A1     met fields for 2019/07/07 08:30
---> DATE: 2019/07/07  UTC: 08:10
---> DATE: 2019/07/07  UTC: 08:20
---> DATE: 2019/07/07  UTC: 08:30
---> DATE: 2019/07/07  UTC: 08:40
---> DATE: 2019/07/07  UTC: 08:50
---> DATE: 2019/07/07  UTC: 09:00
HEMCO: Opening /projects/b56h/ExtData//HEMCO/OFFLINE_LIGHTNING/v2020-03/MERRA2/2019/FLASH_CTH_MERRA2_0.5x0.625_2019_07.nc4
     - Found all A1     met fields for 2019/07/07 09:30
     - Found all A3cld  met fields for 2019/07/07 10:30
     - Found all A3dyn  met fields for 2019/07/07 10:30
     - Found all A3mstC met fields for 2019/07/07 10:30
     - Found all A3mstE met fields for 2019/07/07 10:30
     - Found all I3     met fields for 2019/07/07 12:00
---> DATE: 2019/07/07  UTC: 09:10
---> DATE: 2019/07/07  UTC: 09:20
---> DATE: 2019/07/07  UTC: 09:30
---> DATE: 2019/07/07  UTC: 09:40
---> DATE: 2019/07/07  UTC: 09:50
---> DATE: 2019/07/07  UTC: 10:00
     - Found all A1     met fields for 2019/07/07 10:30
---> DATE: 2019/07/07  UTC: 10:10
---> DATE: 2019/07/07  UTC: 10:20
---> DATE: 2019/07/07  UTC: 10:30
---> DATE: 2019/07/07  UTC: 10:40
---> DATE: 2019/07/07  UTC: 10:50
---> DATE: 2019/07/07  UTC: 11:00
     - Found all A1     met fields for 2019/07/07 11:30
---> DATE: 2019/07/07  UTC: 11:10
---> DATE: 2019/07/07  UTC: 11:20
---> DATE: 2019/07/07  UTC: 11:30
---> DATE: 2019/07/07  UTC: 11:40
---> DATE: 2019/07/07  UTC: 11:50
---> DATE: 2019/07/07  UTC: 12:00
HEMCO: Opening /projects/b56h/ExtData//HEMCO/OFFLINE_LIGHTNING/v2020-03/MERRA2/2019/FLASH_CTH_MERRA2_0.5x0.625_2019_07.nc4
     - Found all A1     met fields for 2019/07/07 12:30
     - Found all A3cld  met fields for 2019/07/07 13:30
     - Found all A3dyn  met fields for 2019/07/07 13:30
     - Found all A3mstC met fields for 2019/07/07 13:30
     - Found all A3mstE met fields for 2019/07/07 13:30
     - Found all I3     met fields for 2019/07/07 15:00
---> DATE: 2019/07/07  UTC: 12:10
---> DATE: 2019/07/07  UTC: 12:20
---> DATE: 2019/07/07  UTC: 12:30
---> DATE: 2019/07/07  UTC: 12:40
---> DATE: 2019/07/07  UTC: 12:50
---> DATE: 2019/07/07  UTC: 13:00
     - Found all A1     met fields for 2019/07/07 13:30
---> DATE: 2019/07/07  UTC: 13:10
---> DATE: 2019/07/07  UTC: 13:20
---> DATE: 2019/07/07  UTC: 13:30
---> DATE: 2019/07/07  UTC: 13:40
---> DATE: 2019/07/07  UTC: 13:50
---> DATE: 2019/07/07  UTC: 14:00
     - Found all A1     met fields for 2019/07/07 14:30
---> DATE: 2019/07/07  UTC: 14:10
---> DATE: 2019/07/07  UTC: 14:20
---> DATE: 2019/07/07  UTC: 14:30
---> DATE: 2019/07/07  UTC: 14:40
---> DATE: 2019/07/07  UTC: 14:50
---> DATE: 2019/07/07  UTC: 15:00
HEMCO: Opening /projects/b56h/ExtData//HEMCO/OFFLINE_LIGHTNING/v2020-03/MERRA2/2019/FLASH_CTH_MERRA2_0.5x0.625_2019_07.nc4
     - Found all A1     met fields for 2019/07/07 15:30
     - Found all A3cld  met fields for 2019/07/07 16:30
     - Found all A3dyn  met fields for 2019/07/07 16:30
     - Found all A3mstC met fields for 2019/07/07 16:30
     - Found all A3mstE met fields for 2019/07/07 16:30
     - Found all I3     met fields for 2019/07/07 18:00
---> DATE: 2019/07/07  UTC: 15:10
---> DATE: 2019/07/07  UTC: 15:20
---> DATE: 2019/07/07  UTC: 15:30
---> DATE: 2019/07/07  UTC: 15:40
---> DATE: 2019/07/07  UTC: 15:50
---> DATE: 2019/07/07  UTC: 16:00
     - Found all A1     met fields for 2019/07/07 16:30
---> DATE: 2019/07/07  UTC: 16:10
---> DATE: 2019/07/07  UTC: 16:20
---> DATE: 2019/07/07  UTC: 16:30
---> DATE: 2019/07/07  UTC: 16:40
---> DATE: 2019/07/07  UTC: 16:50
---> DATE: 2019/07/07  UTC: 17:00
     - Found all A1     met fields for 2019/07/07 17:30
---> DATE: 2019/07/07  UTC: 17:10
---> DATE: 2019/07/07  UTC: 17:20
---> DATE: 2019/07/07  UTC: 17:30
---> DATE: 2019/07/07  UTC: 17:40
---> DATE: 2019/07/07  UTC: 17:50
---> DATE: 2019/07/07  UTC: 18:00
HEMCO: Opening /projects/b56h/ExtData//HEMCO/OFFLINE_LIGHTNING/v2020-03/MERRA2/2019/FLASH_CTH_MERRA2_0.5x0.625_2019_07.nc4
     - Found all A1     met fields for 2019/07/07 18:30
     - Found all A3cld  met fields for 2019/07/07 19:30
     - Found all A3dyn  met fields for 2019/07/07 19:30
     - Found all A3mstC met fields for 2019/07/07 19:30
     - Found all A3mstE met fields for 2019/07/07 19:30
     - Found all I3     met fields for 2019/07/07 21:00
---> DATE: 2019/07/07  UTC: 18:10
---> DATE: 2019/07/07  UTC: 18:20
---> DATE: 2019/07/07  UTC: 18:30
---> DATE: 2019/07/07  UTC: 18:40
---> DATE: 2019/07/07  UTC: 18:50
---> DATE: 2019/07/07  UTC: 19:00
     - Found all A1     met fields for 2019/07/07 19:30
---> DATE: 2019/07/07  UTC: 19:10
---> DATE: 2019/07/07  UTC: 19:20
---> DATE: 2019/07/07  UTC: 19:30
---> DATE: 2019/07/07  UTC: 19:40
---> DATE: 2019/07/07  UTC: 19:50
---> DATE: 2019/07/07  UTC: 20:00
     - Found all A1     met fields for 2019/07/07 20:30
---> DATE: 2019/07/07  UTC: 20:10
---> DATE: 2019/07/07  UTC: 20:20
---> DATE: 2019/07/07  UTC: 20:30
---> DATE: 2019/07/07  UTC: 20:40
---> DATE: 2019/07/07  UTC: 20:50
---> DATE: 2019/07/07  UTC: 21:00
HEMCO: Opening /projects/b56h/ExtData//HEMCO/OFFLINE_LIGHTNING/v2020-03/MERRA2/2019/FLASH_CTH_MERRA2_0.5x0.625_2019_07.nc4
     - Found all A1     met fields for 2019/07/07 21:30
     - Found all A3cld  met fields for 2019/07/07 22:30
     - Found all A3dyn  met fields for 2019/07/07 22:30
     - Found all A3mstC met fields for 2019/07/07 22:30
     - Found all A3mstE met fields for 2019/07/07 22:30
     - Found all I3     met fields for 2019/07/08 00:00
---> DATE: 2019/07/07  UTC: 21:10
---> DATE: 2019/07/07  UTC: 21:20
---> DATE: 2019/07/07  UTC: 21:30
---> DATE: 2019/07/07  UTC: 21:40
---> DATE: 2019/07/07  UTC: 21:50
---> DATE: 2019/07/07  UTC: 22:00
     - Found all A1     met fields for 2019/07/07 22:30
---> DATE: 2019/07/07  UTC: 22:10
---> DATE: 2019/07/07  UTC: 22:20
---> DATE: 2019/07/07  UTC: 22:30
---> DATE: 2019/07/07  UTC: 22:40
---> DATE: 2019/07/07  UTC: 22:50
---> DATE: 2019/07/07  UTC: 23:00
     - Found all A1     met fields for 2019/07/07 23:30
---> DATE: 2019/07/07  UTC: 23:10
---> DATE: 2019/07/07  UTC: 23:20
---> DATE: 2019/07/07  UTC: 23:30
---> DATE: 2019/07/07  UTC: 23:40
---> DATE: 2019/07/07  UTC: 23:50
---> DATE: 2019/07/08  UTC: 00:00
HEMCO: Opening /projects/b56h/ExtData//HEMCO/OFFLINE_DUST/v2025-03/0.5x0.625/MERRA2/2019/07/dust_emissions_05.MERRA2.20190708.nc
HEMCO: Opening /projects/b56h/ExtData//HEMCO/OFFLINE_BIOVOC/v2021-12/0.5x0.625/2019/07/biovoc_05.20190708.nc
HEMCO: Opening /projects/b56h/ExtData//HEMCO/OFFLINE_SEASALT/v2019-01/0.5x0.625/2019/07/seasalt_05.20190708.nc
HEMCO: Opening /projects/b56h/ExtData//HEMCO/OFFLINE_SOILNOX/v2021-12/0.5x0.625/2019/07/soilnox_05.20190708.nc
HEMCO: Opening /projects/b56h/ExtData//GEOS_4x5/MERRA2/2019/07/MERRA2.20190708.A1.4x5.nc4
HEMCO: Opening /projects/b56h/ExtData//GEOS_4x5/MERRA2/2019/07/MERRA2.20190708.A3cld.4x5.nc4
HEMCO: Opening /projects/b56h/ExtData//GEOS_4x5/MERRA2/2019/07/MERRA2.20190708.A3dyn.4x5.nc4
HEMCO: Opening /projects/b56h/ExtData//GEOS_4x5/MERRA2/2019/07/MERRA2.20190708.A3mstC.4x5.nc4
HEMCO: Opening /projects/b56h/ExtData//GEOS_4x5/MERRA2/2019/07/MERRA2.20190708.A3mstE.4x5.nc4
HEMCO: Opening /projects/b56h/ExtData//GEOS_4x5/MERRA2/2019/07/MERRA2.20190708.I3.4x5.nc4
HEMCO: Opening /projects/b56h/ExtData//GEOS_4x5/MERRA2/2019/07/MERRA2.20190709.I3.4x5.nc4
HEMCO: Opening /projects/b56h/ExtData//HEMCO/Yuan_XLAI/v2021-06/Yuan_proc_MODIS_XLAI.025x025.2019.nc
HEMCO: Opening /projects/b56h/ExtData//HEMCO/OFFLINE_LIGHTNING/v2020-03/MERRA2/2019/FLASH_CTH_MERRA2_0.5x0.625_2019_07.nc4
     - Found all A1     met fields for 2019/07/08 00:30
     - Found all A3cld  met fields for 2019/07/08 01:30
     - Found all A3dyn  met fields for 2019/07/08 01:30
     - Found all A3mstC met fields for 2019/07/08 01:30
     - Found all A3mstE met fields for 2019/07/08 01:30
     - Found all I3     met fields for 2019/07/08 03:00
HEMCO (VOLCANO): Opening /projects/b56h/ExtData//HEMCO/VOLCANO/v2024-04/2019/07/so2_volcanic_emissions_Carns.20190708.rc
---> DATE: 2019/07/08  UTC: 00:10
---> DATE: 2019/07/08  UTC: 00:20
---> DATE: 2019/07/08  UTC: 00:30
---> DATE: 2019/07/08  UTC: 00:40
---> DATE: 2019/07/08  UTC: 00:50
---> DATE: 2019/07/08  UTC: 01:00
     - Found all A1     met fields for 2019/07/08 01:30
---> DATE: 2019/07/08  UTC: 01:10
---> DATE: 2019/07/08  UTC: 01:20
---> DATE: 2019/07/08  UTC: 01:30
---> DATE: 2019/07/08  UTC: 01:40
---> DATE: 2019/07/08  UTC: 01:50
---> DATE: 2019/07/08  UTC: 02:00
     - Found all A1     met fields for 2019/07/08 02:30
---> DATE: 2019/07/08  UTC: 02:10
---> DATE: 2019/07/08  UTC: 02:20
---> DATE: 2019/07/08  UTC: 02:30
---> DATE: 2019/07/08  UTC: 02:40
---> DATE: 2019/07/08  UTC: 02:50
---> DATE: 2019/07/08  UTC: 03:00
HEMCO: Opening /projects/b56h/ExtData//HEMCO/OFFLINE_LIGHTNING/v2020-03/MERRA2/2019/FLASH_CTH_MERRA2_0.5x0.625_2019_07.nc4
     - Found all A1     met fields for 2019/07/08 03:30
     - Found all A3cld  met fields for 2019/07/08 04:30
     - Found all A3dyn  met fields for 2019/07/08 04:30
     - Found all A3mstC met fields for 2019/07/08 04:30
     - Found all A3mstE met fields for 2019/07/08 04:30
     - Found all I3     met fields for 2019/07/08 06:00
---> DATE: 2019/07/08  UTC: 03:10
---> DATE: 2019/07/08  UTC: 03:20
---> DATE: 2019/07/08  UTC: 03:30
---> DATE: 2019/07/08  UTC: 03:40
---> DATE: 2019/07/08  UTC: 03:50
---> DATE: 2019/07/08  UTC: 04:00
     - Found all A1     met fields for 2019/07/08 04:30
---> DATE: 2019/07/08  UTC: 04:10
---> DATE: 2019/07/08  UTC: 04:20
---> DATE: 2019/07/08  UTC: 04:30
---> DATE: 2019/07/08  UTC: 04:40
---> DATE: 2019/07/08  UTC: 04:50
---> DATE: 2019/07/08  UTC: 05:00
     - Found all A1     met fields for 2019/07/08 05:30
---> DATE: 2019/07/08  UTC: 05:10
---> DATE: 2019/07/08  UTC: 05:20
---> DATE: 2019/07/08  UTC: 05:30
---> DATE: 2019/07/08  UTC: 05:40
---> DATE: 2019/07/08  UTC: 05:50
---> DATE: 2019/07/08  UTC: 06:00
HEMCO: Opening /projects/b56h/ExtData//HEMCO/OFFLINE_LIGHTNING/v2020-03/MERRA2/2019/FLASH_CTH_MERRA2_0.5x0.625_2019_07.nc4
     - Found all A1     met fields for 2019/07/08 06:30
     - Found all A3cld  met fields for 2019/07/08 07:30
     - Found all A3dyn  met fields for 2019/07/08 07:30
     - Found all A3mstC met fields for 2019/07/08 07:30
     - Found all A3mstE met fields for 2019/07/08 07:30
     - Found all I3     met fields for 2019/07/08 09:00
---> DATE: 2019/07/08  UTC: 06:10
---> DATE: 2019/07/08  UTC: 06:20
---> DATE: 2019/07/08  UTC: 06:30
---> DATE: 2019/07/08  UTC: 06:40
---> DATE: 2019/07/08  UTC: 06:50
---> DATE: 2019/07/08  UTC: 07:00
     - Found all A1     met fields for 2019/07/08 07:30
---> DATE: 2019/07/08  UTC: 07:10
---> DATE: 2019/07/08  UTC: 07:20
---> DATE: 2019/07/08  UTC: 07:30
---> DATE: 2019/07/08  UTC: 07:40
---> DATE: 2019/07/08  UTC: 07:50
---> DATE: 2019/07/08  UTC: 08:00
     - Found all A1     met fields for 2019/07/08 08:30
---> DATE: 2019/07/08  UTC: 08:10
---> DATE: 2019/07/08  UTC: 08:20
---> DATE: 2019/07/08  UTC: 08:30
---> DATE: 2019/07/08  UTC: 08:40
---> DATE: 2019/07/08  UTC: 08:50
---> DATE: 2019/07/08  UTC: 09:00
HEMCO: Opening /projects/b56h/ExtData//HEMCO/OFFLINE_LIGHTNING/v2020-03/MERRA2/2019/FLASH_CTH_MERRA2_0.5x0.625_2019_07.nc4
     - Found all A1     met fields for 2019/07/08 09:30
     - Found all A3cld  met fields for 2019/07/08 10:30
     - Found all A3dyn  met fields for 2019/07/08 10:30
     - Found all A3mstC met fields for 2019/07/08 10:30
     - Found all A3mstE met fields for 2019/07/08 10:30
     - Found all I3     met fields for 2019/07/08 12:00
---> DATE: 2019/07/08  UTC: 09:10
---> DATE: 2019/07/08  UTC: 09:20
---> DATE: 2019/07/08  UTC: 09:30
---> DATE: 2019/07/08  UTC: 09:40
---> DATE: 2019/07/08  UTC: 09:50
---> DATE: 2019/07/08  UTC: 10:00
     - Found all A1     met fields for 2019/07/08 10:30
---> DATE: 2019/07/08  UTC: 10:10
---> DATE: 2019/07/08  UTC: 10:20
---> DATE: 2019/07/08  UTC: 10:30
---> DATE: 2019/07/08  UTC: 10:40
---> DATE: 2019/07/08  UTC: 10:50
---> DATE: 2019/07/08  UTC: 11:00
     - Found all A1     met fields for 2019/07/08 11:30
---> DATE: 2019/07/08  UTC: 11:10
---> DATE: 2019/07/08  UTC: 11:20
---> DATE: 2019/07/08  UTC: 11:30
---> DATE: 2019/07/08  UTC: 11:40
---> DATE: 2019/07/08  UTC: 11:50
---> DATE: 2019/07/08  UTC: 12:00
HEMCO: Opening /projects/b56h/ExtData//HEMCO/OFFLINE_LIGHTNING/v2020-03/MERRA2/2019/FLASH_CTH_MERRA2_0.5x0.625_2019_07.nc4
     - Found all A1     met fields for 2019/07/08 12:30
     - Found all A3cld  met fields for 2019/07/08 13:30
     - Found all A3dyn  met fields for 2019/07/08 13:30
     - Found all A3mstC met fields for 2019/07/08 13:30
     - Found all A3mstE met fields for 2019/07/08 13:30
     - Found all I3     met fields for 2019/07/08 15:00
---> DATE: 2019/07/08  UTC: 12:10
---> DATE: 2019/07/08  UTC: 12:20
---> DATE: 2019/07/08  UTC: 12:30
---> DATE: 2019/07/08  UTC: 12:40
---> DATE: 2019/07/08  UTC: 12:50
---> DATE: 2019/07/08  UTC: 13:00
     - Found all A1     met fields for 2019/07/08 13:30
---> DATE: 2019/07/08  UTC: 13:10
---> DATE: 2019/07/08  UTC: 13:20
---> DATE: 2019/07/08  UTC: 13:30
---> DATE: 2019/07/08  UTC: 13:40
---> DATE: 2019/07/08  UTC: 13:50
---> DATE: 2019/07/08  UTC: 14:00
     - Found all A1     met fields for 2019/07/08 14:30
---> DATE: 2019/07/08  UTC: 14:10
---> DATE: 2019/07/08  UTC: 14:20
---> DATE: 2019/07/08  UTC: 14:30
---> DATE: 2019/07/08  UTC: 14:40
---> DATE: 2019/07/08  UTC: 14:50
---> DATE: 2019/07/08  UTC: 15:00
HEMCO: Opening /projects/b56h/ExtData//HEMCO/OFFLINE_LIGHTNING/v2020-03/MERRA2/2019/FLASH_CTH_MERRA2_0.5x0.625_2019_07.nc4
     - Found all A1     met fields for 2019/07/08 15:30
     - Found all A3cld  met fields for 2019/07/08 16:30
     - Found all A3dyn  met fields for 2019/07/08 16:30
     - Found all A3mstC met fields for 2019/07/08 16:30
     - Found all A3mstE met fields for 2019/07/08 16:30
     - Found all I3     met fields for 2019/07/08 18:00
---> DATE: 2019/07/08  UTC: 15:10
---> DATE: 2019/07/08  UTC: 15:20
---> DATE: 2019/07/08  UTC: 15:30
---> DATE: 2019/07/08  UTC: 15:40
---> DATE: 2019/07/08  UTC: 15:50
---> DATE: 2019/07/08  UTC: 16:00
     - Found all A1     met fields for 2019/07/08 16:30
---> DATE: 2019/07/08  UTC: 16:10
---> DATE: 2019/07/08  UTC: 16:20
---> DATE: 2019/07/08  UTC: 16:30
---> DATE: 2019/07/08  UTC: 16:40
---> DATE: 2019/07/08  UTC: 16:50
---> DATE: 2019/07/08  UTC: 17:00
     - Found all A1     met fields for 2019/07/08 17:30
---> DATE: 2019/07/08  UTC: 17:10
---> DATE: 2019/07/08  UTC: 17:20
---> DATE: 2019/07/08  UTC: 17:30
---> DATE: 2019/07/08  UTC: 17:40
---> DATE: 2019/07/08  UTC: 17:50
---> DATE: 2019/07/08  UTC: 18:00
HEMCO: Opening /projects/b56h/ExtData//HEMCO/OFFLINE_LIGHTNING/v2020-03/MERRA2/2019/FLASH_CTH_MERRA2_0.5x0.625_2019_07.nc4
     - Found all A1     met fields for 2019/07/08 18:30
     - Found all A3cld  met fields for 2019/07/08 19:30
     - Found all A3dyn  met fields for 2019/07/08 19:30
     - Found all A3mstC met fields for 2019/07/08 19:30
     - Found all A3mstE met fields for 2019/07/08 19:30
     - Found all I3     met fields for 2019/07/08 21:00
---> DATE: 2019/07/08  UTC: 18:10
---> DATE: 2019/07/08  UTC: 18:20
---> DATE: 2019/07/08  UTC: 18:30
---> DATE: 2019/07/08  UTC: 18:40
---> DATE: 2019/07/08  UTC: 18:50
---> DATE: 2019/07/08  UTC: 19:00
     - Found all A1     met fields for 2019/07/08 19:30
---> DATE: 2019/07/08  UTC: 19:10
---> DATE: 2019/07/08  UTC: 19:20
---> DATE: 2019/07/08  UTC: 19:30
---> DATE: 2019/07/08  UTC: 19:40
---> DATE: 2019/07/08  UTC: 19:50
---> DATE: 2019/07/08  UTC: 20:00
     - Found all A1     met fields for 2019/07/08 20:30
---> DATE: 2019/07/08  UTC: 20:10
---> DATE: 2019/07/08  UTC: 20:20
---> DATE: 2019/07/08  UTC: 20:30
---> DATE: 2019/07/08  UTC: 20:40
---> DATE: 2019/07/08  UTC: 20:50
---> DATE: 2019/07/08  UTC: 21:00
HEMCO: Opening /projects/b56h/ExtData//HEMCO/OFFLINE_LIGHTNING/v2020-03/MERRA2/2019/FLASH_CTH_MERRA2_0.5x0.625_2019_07.nc4
     - Found all A1     met fields for 2019/07/08 21:30
     - Found all A3cld  met fields for 2019/07/08 22:30
     - Found all A3dyn  met fields for 2019/07/08 22:30
     - Found all A3mstC met fields for 2019/07/08 22:30
     - Found all A3mstE met fields for 2019/07/08 22:30
     - Found all I3     met fields for 2019/07/09 00:00
---> DATE: 2019/07/08  UTC: 21:10
---> DATE: 2019/07/08  UTC: 21:20
---> DATE: 2019/07/08  UTC: 21:30
---> DATE: 2019/07/08  UTC: 21:40
---> DATE: 2019/07/08  UTC: 21:50
---> DATE: 2019/07/08  UTC: 22:00
     - Found all A1     met fields for 2019/07/08 22:30
---> DATE: 2019/07/08  UTC: 22:10
---> DATE: 2019/07/08  UTC: 22:20
---> DATE: 2019/07/08  UTC: 22:30
---> DATE: 2019/07/08  UTC: 22:40
---> DATE: 2019/07/08  UTC: 22:50
---> DATE: 2019/07/08  UTC: 23:00
     - Found all A1     met fields for 2019/07/08 23:30
---> DATE: 2019/07/08  UTC: 23:10
---> DATE: 2019/07/08  UTC: 23:20
---> DATE: 2019/07/08  UTC: 23:30
---> DATE: 2019/07/08  UTC: 23:40
---> DATE: 2019/07/08  UTC: 23:50
---> DATE: 2019/07/09  UTC: 00:00
HEMCO: Opening /projects/b56h/ExtData//HEMCO/OFFLINE_DUST/v2025-03/0.5x0.625/MERRA2/2019/07/dust_emissions_05.MERRA2.20190709.nc
HEMCO: Opening /projects/b56h/ExtData//HEMCO/OFFLINE_BIOVOC/v2021-12/0.5x0.625/2019/07/biovoc_05.20190709.nc
HEMCO: Opening /projects/b56h/ExtData//HEMCO/OFFLINE_SEASALT/v2019-01/0.5x0.625/2019/07/seasalt_05.20190709.nc
HEMCO: Opening /projects/b56h/ExtData//HEMCO/OFFLINE_SOILNOX/v2021-12/0.5x0.625/2019/07/soilnox_05.20190709.nc
HEMCO: Opening /projects/b56h/ExtData//GEOS_4x5/MERRA2/2019/07/MERRA2.20190709.A1.4x5.nc4
HEMCO: Opening /projects/b56h/ExtData//GEOS_4x5/MERRA2/2019/07/MERRA2.20190709.A3cld.4x5.nc4
HEMCO: Opening /projects/b56h/ExtData//GEOS_4x5/MERRA2/2019/07/MERRA2.20190709.A3dyn.4x5.nc4
HEMCO: Opening /projects/b56h/ExtData//GEOS_4x5/MERRA2/2019/07/MERRA2.20190709.A3mstC.4x5.nc4
HEMCO: Opening /projects/b56h/ExtData//GEOS_4x5/MERRA2/2019/07/MERRA2.20190709.A3mstE.4x5.nc4
HEMCO: Opening /projects/b56h/ExtData//GEOS_4x5/MERRA2/2019/07/MERRA2.20190709.I3.4x5.nc4
HEMCO: Opening /projects/b56h/ExtData//GEOS_4x5/MERRA2/2019/07/MERRA2.20190710.I3.4x5.nc4
HEMCO: Opening /projects/b56h/ExtData//HEMCO/Yuan_XLAI/v2021-06/Yuan_proc_MODIS_XLAI.025x025.2019.nc
HEMCO: Opening /projects/b56h/ExtData//HEMCO/OFFLINE_LIGHTNING/v2020-03/MERRA2/2019/FLASH_CTH_MERRA2_0.5x0.625_2019_07.nc4
     - Found all A1     met fields for 2019/07/09 00:30
     - Found all A3cld  met fields for 2019/07/09 01:30
     - Found all A3dyn  met fields for 2019/07/09 01:30
     - Found all A3mstC met fields for 2019/07/09 01:30
     - Found all A3mstE met fields for 2019/07/09 01:30
     - Found all I3     met fields for 2019/07/09 03:00
HEMCO (VOLCANO): Opening /projects/b56h/ExtData//HEMCO/VOLCANO/v2024-04/2019/07/so2_volcanic_emissions_Carns.20190709.rc
---> DATE: 2019/07/09  UTC: 00:10
---> DATE: 2019/07/09  UTC: 00:20
---> DATE: 2019/07/09  UTC: 00:30
---> DATE: 2019/07/09  UTC: 00:40
---> DATE: 2019/07/09  UTC: 00:50
---> DATE: 2019/07/09  UTC: 01:00
     - Found all A1     met fields for 2019/07/09 01:30
---> DATE: 2019/07/09  UTC: 01:10
---> DATE: 2019/07/09  UTC: 01:20
---> DATE: 2019/07/09  UTC: 01:30
---> DATE: 2019/07/09  UTC: 01:40
---> DATE: 2019/07/09  UTC: 01:50
---> DATE: 2019/07/09  UTC: 02:00
     - Found all A1     met fields for 2019/07/09 02:30
---> DATE: 2019/07/09  UTC: 02:10
---> DATE: 2019/07/09  UTC: 02:20
---> DATE: 2019/07/09  UTC: 02:30
---> DATE: 2019/07/09  UTC: 02:40
---> DATE: 2019/07/09  UTC: 02:50
---> DATE: 2019/07/09  UTC: 03:00
HEMCO: Opening /projects/b56h/ExtData//HEMCO/OFFLINE_LIGHTNING/v2020-03/MERRA2/2019/FLASH_CTH_MERRA2_0.5x0.625_2019_07.nc4
     - Found all A1     met fields for 2019/07/09 03:30
     - Found all A3cld  met fields for 2019/07/09 04:30
     - Found all A3dyn  met fields for 2019/07/09 04:30
     - Found all A3mstC met fields for 2019/07/09 04:30
     - Found all A3mstE met fields for 2019/07/09 04:30
     - Found all I3     met fields for 2019/07/09 06:00
---> DATE: 2019/07/09  UTC: 03:10
---> DATE: 2019/07/09  UTC: 03:20
---> DATE: 2019/07/09  UTC: 03:30
---> DATE: 2019/07/09  UTC: 03:40
---> DATE: 2019/07/09  UTC: 03:50
---> DATE: 2019/07/09  UTC: 04:00
     - Found all A1     met fields for 2019/07/09 04:30
---> DATE: 2019/07/09  UTC: 04:10
---> DATE: 2019/07/09  UTC: 04:20
---> DATE: 2019/07/09  UTC: 04:30
---> DATE: 2019/07/09  UTC: 04:40
---> DATE: 2019/07/09  UTC: 04:50
---> DATE: 2019/07/09  UTC: 05:00
     - Found all A1     met fields for 2019/07/09 05:30
---> DATE: 2019/07/09  UTC: 05:10
---> DATE: 2019/07/09  UTC: 05:20
---> DATE: 2019/07/09  UTC: 05:30
---> DATE: 2019/07/09  UTC: 05:40
---> DATE: 2019/07/09  UTC: 05:50
---> DATE: 2019/07/09  UTC: 06:00
HEMCO: Opening /projects/b56h/ExtData//HEMCO/OFFLINE_LIGHTNING/v2020-03/MERRA2/2019/FLASH_CTH_MERRA2_0.5x0.625_2019_07.nc4
     - Found all A1     met fields for 2019/07/09 06:30
     - Found all A3cld  met fields for 2019/07/09 07:30
     - Found all A3dyn  met fields for 2019/07/09 07:30
     - Found all A3mstC met fields for 2019/07/09 07:30
     - Found all A3mstE met fields for 2019/07/09 07:30
     - Found all I3     met fields for 2019/07/09 09:00
---> DATE: 2019/07/09  UTC: 06:10
---> DATE: 2019/07/09  UTC: 06:20
---> DATE: 2019/07/09  UTC: 06:30
---> DATE: 2019/07/09  UTC: 06:40
---> DATE: 2019/07/09  UTC: 06:50
---> DATE: 2019/07/09  UTC: 07:00
     - Found all A1     met fields for 2019/07/09 07:30
---> DATE: 2019/07/09  UTC: 07:10
---> DATE: 2019/07/09  UTC: 07:20
---> DATE: 2019/07/09  UTC: 07:30
---> DATE: 2019/07/09  UTC: 07:40
---> DATE: 2019/07/09  UTC: 07:50
---> DATE: 2019/07/09  UTC: 08:00
     - Found all A1     met fields for 2019/07/09 08:30
---> DATE: 2019/07/09  UTC: 08:10
---> DATE: 2019/07/09  UTC: 08:20
---> DATE: 2019/07/09  UTC: 08:30
---> DATE: 2019/07/09  UTC: 08:40
---> DATE: 2019/07/09  UTC: 08:50
---> DATE: 2019/07/09  UTC: 09:00
HEMCO: Opening /projects/b56h/ExtData//HEMCO/OFFLINE_LIGHTNING/v2020-03/MERRA2/2019/FLASH_CTH_MERRA2_0.5x0.625_2019_07.nc4
     - Found all A1     met fields for 2019/07/09 09:30
     - Found all A3cld  met fields for 2019/07/09 10:30
     - Found all A3dyn  met fields for 2019/07/09 10:30
     - Found all A3mstC met fields for 2019/07/09 10:30
     - Found all A3mstE met fields for 2019/07/09 10:30
     - Found all I3     met fields for 2019/07/09 12:00
---> DATE: 2019/07/09  UTC: 09:10
---> DATE: 2019/07/09  UTC: 09:20
---> DATE: 2019/07/09  UTC: 09:30
---> DATE: 2019/07/09  UTC: 09:40
---> DATE: 2019/07/09  UTC: 09:50
---> DATE: 2019/07/09  UTC: 10:00
     - Found all A1     met fields for 2019/07/09 10:30
---> DATE: 2019/07/09  UTC: 10:10
---> DATE: 2019/07/09  UTC: 10:20
---> DATE: 2019/07/09  UTC: 10:30
---> DATE: 2019/07/09  UTC: 10:40
---> DATE: 2019/07/09  UTC: 10:50
---> DATE: 2019/07/09  UTC: 11:00
     - Found all A1     met fields for 2019/07/09 11:30
---> DATE: 2019/07/09  UTC: 11:10
---> DATE: 2019/07/09  UTC: 11:20
---> DATE: 2019/07/09  UTC: 11:30
---> DATE: 2019/07/09  UTC: 11:40
---> DATE: 2019/07/09  UTC: 11:50
---> DATE: 2019/07/09  UTC: 12:00
HEMCO: Opening /projects/b56h/ExtData//HEMCO/OFFLINE_LIGHTNING/v2020-03/MERRA2/2019/FLASH_CTH_MERRA2_0.5x0.625_2019_07.nc4
     - Found all A1     met fields for 2019/07/09 12:30
     - Found all A3cld  met fields for 2019/07/09 13:30
     - Found all A3dyn  met fields for 2019/07/09 13:30
     - Found all A3mstC met fields for 2019/07/09 13:30
     - Found all A3mstE met fields for 2019/07/09 13:30
     - Found all I3     met fields for 2019/07/09 15:00
---> DATE: 2019/07/09  UTC: 12:10
---> DATE: 2019/07/09  UTC: 12:20
---> DATE: 2019/07/09  UTC: 12:30
---> DATE: 2019/07/09  UTC: 12:40
---> DATE: 2019/07/09  UTC: 12:50
---> DATE: 2019/07/09  UTC: 13:00
     - Found all A1     met fields for 2019/07/09 13:30
---> DATE: 2019/07/09  UTC: 13:10
---> DATE: 2019/07/09  UTC: 13:20
---> DATE: 2019/07/09  UTC: 13:30
---> DATE: 2019/07/09  UTC: 13:40
---> DATE: 2019/07/09  UTC: 13:50
---> DATE: 2019/07/09  UTC: 14:00
     - Found all A1     met fields for 2019/07/09 14:30
---> DATE: 2019/07/09  UTC: 14:10
---> DATE: 2019/07/09  UTC: 14:20
---> DATE: 2019/07/09  UTC: 14:30
---> DATE: 2019/07/09  UTC: 14:40
---> DATE: 2019/07/09  UTC: 14:50
---> DATE: 2019/07/09  UTC: 15:00
HEMCO: Opening /projects/b56h/ExtData//HEMCO/OFFLINE_LIGHTNING/v2020-03/MERRA2/2019/FLASH_CTH_MERRA2_0.5x0.625_2019_07.nc4
     - Found all A1     met fields for 2019/07/09 15:30
     - Found all A3cld  met fields for 2019/07/09 16:30
     - Found all A3dyn  met fields for 2019/07/09 16:30
     - Found all A3mstC met fields for 2019/07/09 16:30
     - Found all A3mstE met fields for 2019/07/09 16:30
     - Found all I3     met fields for 2019/07/09 18:00
---> DATE: 2019/07/09  UTC: 15:10
---> DATE: 2019/07/09  UTC: 15:20
---> DATE: 2019/07/09  UTC: 15:30
---> DATE: 2019/07/09  UTC: 15:40
---> DATE: 2019/07/09  UTC: 15:50
---> DATE: 2019/07/09  UTC: 16:00
     - Found all A1     met fields for 2019/07/09 16:30
---> DATE: 2019/07/09  UTC: 16:10
---> DATE: 2019/07/09  UTC: 16:20
---> DATE: 2019/07/09  UTC: 16:30
---> DATE: 2019/07/09  UTC: 16:40
---> DATE: 2019/07/09  UTC: 16:50
---> DATE: 2019/07/09  UTC: 17:00
     - Found all A1     met fields for 2019/07/09 17:30
---> DATE: 2019/07/09  UTC: 17:10
---> DATE: 2019/07/09  UTC: 17:20
---> DATE: 2019/07/09  UTC: 17:30
---> DATE: 2019/07/09  UTC: 17:40
---> DATE: 2019/07/09  UTC: 17:50
---> DATE: 2019/07/09  UTC: 18:00
HEMCO: Opening /projects/b56h/ExtData//HEMCO/OFFLINE_LIGHTNING/v2020-03/MERRA2/2019/FLASH_CTH_MERRA2_0.5x0.625_2019_07.nc4
     - Found all A1     met fields for 2019/07/09 18:30
     - Found all A3cld  met fields for 2019/07/09 19:30
     - Found all A3dyn  met fields for 2019/07/09 19:30
     - Found all A3mstC met fields for 2019/07/09 19:30
     - Found all A3mstE met fields for 2019/07/09 19:30
     - Found all I3     met fields for 2019/07/09 21:00
---> DATE: 2019/07/09  UTC: 18:10
---> DATE: 2019/07/09  UTC: 18:20
---> DATE: 2019/07/09  UTC: 18:30
---> DATE: 2019/07/09  UTC: 18:40
---> DATE: 2019/07/09  UTC: 18:50
---> DATE: 2019/07/09  UTC: 19:00
     - Found all A1     met fields for 2019/07/09 19:30
---> DATE: 2019/07/09  UTC: 19:10
---> DATE: 2019/07/09  UTC: 19:20
---> DATE: 2019/07/09  UTC: 19:30
---> DATE: 2019/07/09  UTC: 19:40
---> DATE: 2019/07/09  UTC: 19:50
---> DATE: 2019/07/09  UTC: 20:00
     - Found all A1     met fields for 2019/07/09 20:30
---> DATE: 2019/07/09  UTC: 20:10
---> DATE: 2019/07/09  UTC: 20:20
---> DATE: 2019/07/09  UTC: 20:30
---> DATE: 2019/07/09  UTC: 20:40
---> DATE: 2019/07/09  UTC: 20:50
---> DATE: 2019/07/09  UTC: 21:00
HEMCO: Opening /projects/b56h/ExtData//HEMCO/OFFLINE_LIGHTNING/v2020-03/MERRA2/2019/FLASH_CTH_MERRA2_0.5x0.625_2019_07.nc4
     - Found all A1     met fields for 2019/07/09 21:30
     - Found all A3cld  met fields for 2019/07/09 22:30
     - Found all A3dyn  met fields for 2019/07/09 22:30
     - Found all A3mstC met fields for 2019/07/09 22:30
     - Found all A3mstE met fields for 2019/07/09 22:30
     - Found all I3     met fields for 2019/07/10 00:00
---> DATE: 2019/07/09  UTC: 21:10
---> DATE: 2019/07/09  UTC: 21:20
---> DATE: 2019/07/09  UTC: 21:30
---> DATE: 2019/07/09  UTC: 21:40
---> DATE: 2019/07/09  UTC: 21:50
---> DATE: 2019/07/09  UTC: 22:00
     - Found all A1     met fields for 2019/07/09 22:30
---> DATE: 2019/07/09  UTC: 22:10
---> DATE: 2019/07/09  UTC: 22:20
---> DATE: 2019/07/09  UTC: 22:30
---> DATE: 2019/07/09  UTC: 22:40
---> DATE: 2019/07/09  UTC: 22:50
---> DATE: 2019/07/09  UTC: 23:00
     - Found all A1     met fields for 2019/07/09 23:30
---> DATE: 2019/07/09  UTC: 23:10
---> DATE: 2019/07/09  UTC: 23:20
---> DATE: 2019/07/09  UTC: 23:30
---> DATE: 2019/07/09  UTC: 23:40
---> DATE: 2019/07/09  UTC: 23:50
---> DATE: 2019/07/10  UTC: 00:00
HEMCO: Opening /projects/b56h/ExtData//HEMCO/OFFLINE_DUST/v2025-03/0.5x0.625/MERRA2/2019/07/dust_emissions_05.MERRA2.20190710.nc
HEMCO: Opening /projects/b56h/ExtData//HEMCO/OFFLINE_BIOVOC/v2021-12/0.5x0.625/2019/07/biovoc_05.20190710.nc
HEMCO: Opening /projects/b56h/ExtData//HEMCO/OFFLINE_SEASALT/v2019-01/0.5x0.625/2019/07/seasalt_05.20190710.nc
HEMCO: Opening /projects/b56h/ExtData//HEMCO/OFFLINE_SOILNOX/v2021-12/0.5x0.625/2019/07/soilnox_05.20190710.nc
HEMCO: Opening /projects/b56h/ExtData//GEOS_4x5/MERRA2/2019/07/MERRA2.20190710.A1.4x5.nc4
HEMCO: Opening /projects/b56h/ExtData//GEOS_4x5/MERRA2/2019/07/MERRA2.20190710.A3cld.4x5.nc4
HEMCO: Opening /projects/b56h/ExtData//GEOS_4x5/MERRA2/2019/07/MERRA2.20190710.A3dyn.4x5.nc4
HEMCO: Opening /projects/b56h/ExtData//GEOS_4x5/MERRA2/2019/07/MERRA2.20190710.A3mstC.4x5.nc4
HEMCO: Opening /projects/b56h/ExtData//GEOS_4x5/MERRA2/2019/07/MERRA2.20190710.A3mstE.4x5.nc4
HEMCO: Opening /projects/b56h/ExtData//GEOS_4x5/MERRA2/2019/07/MERRA2.20190710.I3.4x5.nc4
HEMCO: Opening /projects/b56h/ExtData//GEOS_4x5/MERRA2/2019/07/MERRA2.20190711.I3.4x5.nc4
HEMCO: Opening /projects/b56h/ExtData//HEMCO/Yuan_XLAI/v2021-06/Yuan_proc_MODIS_XLAI.025x025.2019.nc
HEMCO: Opening /projects/b56h/ExtData//HEMCO/OFFLINE_LIGHTNING/v2020-03/MERRA2/2019/FLASH_CTH_MERRA2_0.5x0.625_2019_07.nc4
     - Found all A1     met fields for 2019/07/10 00:30
     - Found all A3cld  met fields for 2019/07/10 01:30
     - Found all A3dyn  met fields for 2019/07/10 01:30
     - Found all A3mstC met fields for 2019/07/10 01:30
     - Found all A3mstE met fields for 2019/07/10 01:30
     - Found all I3     met fields for 2019/07/10 03:00
HEMCO (VOLCANO): Opening /projects/b56h/ExtData//HEMCO/VOLCANO/v2024-04/2019/07/so2_volcanic_emissions_Carns.20190710.rc
---> DATE: 2019/07/10  UTC: 00:10
---> DATE: 2019/07/10  UTC: 00:20
---> DATE: 2019/07/10  UTC: 00:30
---> DATE: 2019/07/10  UTC: 00:40
---> DATE: 2019/07/10  UTC: 00:50
---> DATE: 2019/07/10  UTC: 01:00
     - Found all A1     met fields for 2019/07/10 01:30
---> DATE: 2019/07/10  UTC: 01:10
---> DATE: 2019/07/10  UTC: 01:20
---> DATE: 2019/07/10  UTC: 01:30
---> DATE: 2019/07/10  UTC: 01:40
---> DATE: 2019/07/10  UTC: 01:50
---> DATE: 2019/07/10  UTC: 02:00
     - Found all A1     met fields for 2019/07/10 02:30
---> DATE: 2019/07/10  UTC: 02:10
---> DATE: 2019/07/10  UTC: 02:20
---> DATE: 2019/07/10  UTC: 02:30
---> DATE: 2019/07/10  UTC: 02:40
---> DATE: 2019/07/10  UTC: 02:50
---> DATE: 2019/07/10  UTC: 03:00
HEMCO: Opening /projects/b56h/ExtData//HEMCO/OFFLINE_LIGHTNING/v2020-03/MERRA2/2019/FLASH_CTH_MERRA2_0.5x0.625_2019_07.nc4
     - Found all A1     met fields for 2019/07/10 03:30
     - Found all A3cld  met fields for 2019/07/10 04:30
     - Found all A3dyn  met fields for 2019/07/10 04:30
     - Found all A3mstC met fields for 2019/07/10 04:30
     - Found all A3mstE met fields for 2019/07/10 04:30
     - Found all I3     met fields for 2019/07/10 06:00
---> DATE: 2019/07/10  UTC: 03:10
---> DATE: 2019/07/10  UTC: 03:20
---> DATE: 2019/07/10  UTC: 03:30
---> DATE: 2019/07/10  UTC: 03:40
---> DATE: 2019/07/10  UTC: 03:50
---> DATE: 2019/07/10  UTC: 04:00
     - Found all A1     met fields for 2019/07/10 04:30
---> DATE: 2019/07/10  UTC: 04:10
---> DATE: 2019/07/10  UTC: 04:20
---> DATE: 2019/07/10  UTC: 04:30
---> DATE: 2019/07/10  UTC: 04:40
---> DATE: 2019/07/10  UTC: 04:50
---> DATE: 2019/07/10  UTC: 05:00
     - Found all A1     met fields for 2019/07/10 05:30
---> DATE: 2019/07/10  UTC: 05:10
---> DATE: 2019/07/10  UTC: 05:20
---> DATE: 2019/07/10  UTC: 05:30
---> DATE: 2019/07/10  UTC: 05:40
---> DATE: 2019/07/10  UTC: 05:50
---> DATE: 2019/07/10  UTC: 06:00
HEMCO: Opening /projects/b56h/ExtData//HEMCO/OFFLINE_LIGHTNING/v2020-03/MERRA2/2019/FLASH_CTH_MERRA2_0.5x0.625_2019_07.nc4
     - Found all A1     met fields for 2019/07/10 06:30
     - Found all A3cld  met fields for 2019/07/10 07:30
     - Found all A3dyn  met fields for 2019/07/10 07:30
     - Found all A3mstC met fields for 2019/07/10 07:30
     - Found all A3mstE met fields for 2019/07/10 07:30
     - Found all I3     met fields for 2019/07/10 09:00
---> DATE: 2019/07/10  UTC: 06:10
---> DATE: 2019/07/10  UTC: 06:20
---> DATE: 2019/07/10  UTC: 06:30
---> DATE: 2019/07/10  UTC: 06:40
---> DATE: 2019/07/10  UTC: 06:50
---> DATE: 2019/07/10  UTC: 07:00
     - Found all A1     met fields for 2019/07/10 07:30
---> DATE: 2019/07/10  UTC: 07:10
---> DATE: 2019/07/10  UTC: 07:20
---> DATE: 2019/07/10  UTC: 07:30
---> DATE: 2019/07/10  UTC: 07:40
---> DATE: 2019/07/10  UTC: 07:50
---> DATE: 2019/07/10  UTC: 08:00
     - Found all A1     met fields for 2019/07/10 08:30
---> DATE: 2019/07/10  UTC: 08:10
---> DATE: 2019/07/10  UTC: 08:20
---> DATE: 2019/07/10  UTC: 08:30
---> DATE: 2019/07/10  UTC: 08:40
---> DATE: 2019/07/10  UTC: 08:50
---> DATE: 2019/07/10  UTC: 09:00
HEMCO: Opening /projects/b56h/ExtData//HEMCO/OFFLINE_LIGHTNING/v2020-03/MERRA2/2019/FLASH_CTH_MERRA2_0.5x0.625_2019_07.nc4
     - Found all A1     met fields for 2019/07/10 09:30
     - Found all A3cld  met fields for 2019/07/10 10:30
     - Found all A3dyn  met fields for 2019/07/10 10:30
     - Found all A3mstC met fields for 2019/07/10 10:30
     - Found all A3mstE met fields for 2019/07/10 10:30
     - Found all I3     met fields for 2019/07/10 12:00
---> DATE: 2019/07/10  UTC: 09:10
---> DATE: 2019/07/10  UTC: 09:20
---> DATE: 2019/07/10  UTC: 09:30
---> DATE: 2019/07/10  UTC: 09:40
---> DATE: 2019/07/10  UTC: 09:50
---> DATE: 2019/07/10  UTC: 10:00
     - Found all A1     met fields for 2019/07/10 10:30
---> DATE: 2019/07/10  UTC: 10:10
---> DATE: 2019/07/10  UTC: 10:20
---> DATE: 2019/07/10  UTC: 10:30
---> DATE: 2019/07/10  UTC: 10:40
---> DATE: 2019/07/10  UTC: 10:50
---> DATE: 2019/07/10  UTC: 11:00
     - Found all A1     met fields for 2019/07/10 11:30
---> DATE: 2019/07/10  UTC: 11:10
---> DATE: 2019/07/10  UTC: 11:20
---> DATE: 2019/07/10  UTC: 11:30
---> DATE: 2019/07/10  UTC: 11:40
---> DATE: 2019/07/10  UTC: 11:50
---> DATE: 2019/07/10  UTC: 12:00
HEMCO: Opening /projects/b56h/ExtData//HEMCO/OFFLINE_LIGHTNING/v2020-03/MERRA2/2019/FLASH_CTH_MERRA2_0.5x0.625_2019_07.nc4
     - Found all A1     met fields for 2019/07/10 12:30
     - Found all A3cld  met fields for 2019/07/10 13:30
     - Found all A3dyn  met fields for 2019/07/10 13:30
     - Found all A3mstC met fields for 2019/07/10 13:30
     - Found all A3mstE met fields for 2019/07/10 13:30
     - Found all I3     met fields for 2019/07/10 15:00
---> DATE: 2019/07/10  UTC: 12:10
---> DATE: 2019/07/10  UTC: 12:20
---> DATE: 2019/07/10  UTC: 12:30
---> DATE: 2019/07/10  UTC: 12:40
---> DATE: 2019/07/10  UTC: 12:50
---> DATE: 2019/07/10  UTC: 13:00
     - Found all A1     met fields for 2019/07/10 13:30
---> DATE: 2019/07/10  UTC: 13:10
---> DATE: 2019/07/10  UTC: 13:20
---> DATE: 2019/07/10  UTC: 13:30
---> DATE: 2019/07/10  UTC: 13:40
---> DATE: 2019/07/10  UTC: 13:50
---> DATE: 2019/07/10  UTC: 14:00
     - Found all A1     met fields for 2019/07/10 14:30
---> DATE: 2019/07/10  UTC: 14:10
---> DATE: 2019/07/10  UTC: 14:20
---> DATE: 2019/07/10  UTC: 14:30
---> DATE: 2019/07/10  UTC: 14:40
---> DATE: 2019/07/10  UTC: 14:50
---> DATE: 2019/07/10  UTC: 15:00
HEMCO: Opening /projects/b56h/ExtData//HEMCO/OFFLINE_LIGHTNING/v2020-03/MERRA2/2019/FLASH_CTH_MERRA2_0.5x0.625_2019_07.nc4
     - Found all A1     met fields for 2019/07/10 15:30
     - Found all A3cld  met fields for 2019/07/10 16:30
     - Found all A3dyn  met fields for 2019/07/10 16:30
     - Found all A3mstC met fields for 2019/07/10 16:30
     - Found all A3mstE met fields for 2019/07/10 16:30
     - Found all I3     met fields for 2019/07/10 18:00
---> DATE: 2019/07/10  UTC: 15:10
---> DATE: 2019/07/10  UTC: 15:20
---> DATE: 2019/07/10  UTC: 15:30
---> DATE: 2019/07/10  UTC: 15:40
---> DATE: 2019/07/10  UTC: 15:50
---> DATE: 2019/07/10  UTC: 16:00
     - Found all A1     met fields for 2019/07/10 16:30
---> DATE: 2019/07/10  UTC: 16:10
---> DATE: 2019/07/10  UTC: 16:20
---> DATE: 2019/07/10  UTC: 16:30
---> DATE: 2019/07/10  UTC: 16:40
---> DATE: 2019/07/10  UTC: 16:50
---> DATE: 2019/07/10  UTC: 17:00
     - Found all A1     met fields for 2019/07/10 17:30
---> DATE: 2019/07/10  UTC: 17:10
---> DATE: 2019/07/10  UTC: 17:20
---> DATE: 2019/07/10  UTC: 17:30
---> DATE: 2019/07/10  UTC: 17:40
---> DATE: 2019/07/10  UTC: 17:50
---> DATE: 2019/07/10  UTC: 18:00
HEMCO: Opening /projects/b56h/ExtData//HEMCO/OFFLINE_LIGHTNING/v2020-03/MERRA2/2019/FLASH_CTH_MERRA2_0.5x0.625_2019_07.nc4
     - Found all A1     met fields for 2019/07/10 18:30
     - Found all A3cld  met fields for 2019/07/10 19:30
     - Found all A3dyn  met fields for 2019/07/10 19:30
     - Found all A3mstC met fields for 2019/07/10 19:30
     - Found all A3mstE met fields for 2019/07/10 19:30
     - Found all I3     met fields for 2019/07/10 21:00
---> DATE: 2019/07/10  UTC: 18:10
---> DATE: 2019/07/10  UTC: 18:20
---> DATE: 2019/07/10  UTC: 18:30
---> DATE: 2019/07/10  UTC: 18:40
---> DATE: 2019/07/10  UTC: 18:50
---> DATE: 2019/07/10  UTC: 19:00
     - Found all A1     met fields for 2019/07/10 19:30
---> DATE: 2019/07/10  UTC: 19:10
---> DATE: 2019/07/10  UTC: 19:20
---> DATE: 2019/07/10  UTC: 19:30
---> DATE: 2019/07/10  UTC: 19:40
---> DATE: 2019/07/10  UTC: 19:50
---> DATE: 2019/07/10  UTC: 20:00
     - Found all A1     met fields for 2019/07/10 20:30
---> DATE: 2019/07/10  UTC: 20:10
---> DATE: 2019/07/10  UTC: 20:20
---> DATE: 2019/07/10  UTC: 20:30
---> DATE: 2019/07/10  UTC: 20:40
---> DATE: 2019/07/10  UTC: 20:50
---> DATE: 2019/07/10  UTC: 21:00
HEMCO: Opening /projects/b56h/ExtData//HEMCO/OFFLINE_LIGHTNING/v2020-03/MERRA2/2019/FLASH_CTH_MERRA2_0.5x0.625_2019_07.nc4
     - Found all A1     met fields for 2019/07/10 21:30
     - Found all A3cld  met fields for 2019/07/10 22:30
     - Found all A3dyn  met fields for 2019/07/10 22:30
     - Found all A3mstC met fields for 2019/07/10 22:30
     - Found all A3mstE met fields for 2019/07/10 22:30
     - Found all I3     met fields for 2019/07/11 00:00
---> DATE: 2019/07/10  UTC: 21:10
---> DATE: 2019/07/10  UTC: 21:20
---> DATE: 2019/07/10  UTC: 21:30
---> DATE: 2019/07/10  UTC: 21:40
---> DATE: 2019/07/10  UTC: 21:50
---> DATE: 2019/07/10  UTC: 22:00
     - Found all A1     met fields for 2019/07/10 22:30
---> DATE: 2019/07/10  UTC: 22:10
---> DATE: 2019/07/10  UTC: 22:20
---> DATE: 2019/07/10  UTC: 22:30
---> DATE: 2019/07/10  UTC: 22:40
---> DATE: 2019/07/10  UTC: 22:50
---> DATE: 2019/07/10  UTC: 23:00
     - Found all A1     met fields for 2019/07/10 23:30
---> DATE: 2019/07/10  UTC: 23:10
---> DATE: 2019/07/10  UTC: 23:20
---> DATE: 2019/07/10  UTC: 23:30
---> DATE: 2019/07/10  UTC: 23:40
---> DATE: 2019/07/10  UTC: 23:50
---> DATE: 2019/07/11  UTC: 00:00
HEMCO: Opening /projects/b56h/ExtData//HEMCO/OFFLINE_DUST/v2025-03/0.5x0.625/MERRA2/2019/07/dust_emissions_05.MERRA2.20190711.nc
HEMCO: Opening /projects/b56h/ExtData//HEMCO/OFFLINE_BIOVOC/v2021-12/0.5x0.625/2019/07/biovoc_05.20190711.nc
HEMCO: Opening /projects/b56h/ExtData//HEMCO/OFFLINE_SEASALT/v2019-01/0.5x0.625/2019/07/seasalt_05.20190711.nc
HEMCO: Opening /projects/b56h/ExtData//HEMCO/OFFLINE_SOILNOX/v2021-12/0.5x0.625/2019/07/soilnox_05.20190711.nc
HEMCO: Opening /projects/b56h/ExtData//GEOS_4x5/MERRA2/2019/07/MERRA2.20190711.A1.4x5.nc4
HEMCO: Opening /projects/b56h/ExtData//GEOS_4x5/MERRA2/2019/07/MERRA2.20190711.A3cld.4x5.nc4
HEMCO: Opening /projects/b56h/ExtData//GEOS_4x5/MERRA2/2019/07/MERRA2.20190711.A3dyn.4x5.nc4
HEMCO: Opening /projects/b56h/ExtData//GEOS_4x5/MERRA2/2019/07/MERRA2.20190711.A3mstC.4x5.nc4
HEMCO: Opening /projects/b56h/ExtData//GEOS_4x5/MERRA2/2019/07/MERRA2.20190711.A3mstE.4x5.nc4
HEMCO: Opening /projects/b56h/ExtData//GEOS_4x5/MERRA2/2019/07/MERRA2.20190711.I3.4x5.nc4
HEMCO: Opening /projects/b56h/ExtData//GEOS_4x5/MERRA2/2019/07/MERRA2.20190712.I3.4x5.nc4
HEMCO: Opening /projects/b56h/ExtData//HEMCO/Yuan_XLAI/v2021-06/Yuan_proc_MODIS_XLAI.025x025.2019.nc
HEMCO: Opening /projects/b56h/ExtData//HEMCO/OFFLINE_LIGHTNING/v2020-03/MERRA2/2019/FLASH_CTH_MERRA2_0.5x0.625_2019_07.nc4
     - Found all A1     met fields for 2019/07/11 00:30
     - Found all A3cld  met fields for 2019/07/11 01:30
     - Found all A3dyn  met fields for 2019/07/11 01:30
     - Found all A3mstC met fields for 2019/07/11 01:30
     - Found all A3mstE met fields for 2019/07/11 01:30
     - Found all I3     met fields for 2019/07/11 03:00
HEMCO (VOLCANO): Opening /projects/b56h/ExtData//HEMCO/VOLCANO/v2024-04/2019/07/so2_volcanic_emissions_Carns.20190711.rc
---> DATE: 2019/07/11  UTC: 00:10
---> DATE: 2019/07/11  UTC: 00:20
---> DATE: 2019/07/11  UTC: 00:30
---> DATE: 2019/07/11  UTC: 00:40
---> DATE: 2019/07/11  UTC: 00:50
---> DATE: 2019/07/11  UTC: 01:00
     - Found all A1     met fields for 2019/07/11 01:30
---> DATE: 2019/07/11  UTC: 01:10
---> DATE: 2019/07/11  UTC: 01:20
---> DATE: 2019/07/11  UTC: 01:30
---> DATE: 2019/07/11  UTC: 01:40
---> DATE: 2019/07/11  UTC: 01:50
---> DATE: 2019/07/11  UTC: 02:00
     - Found all A1     met fields for 2019/07/11 02:30
---> DATE: 2019/07/11  UTC: 02:10
---> DATE: 2019/07/11  UTC: 02:20
---> DATE: 2019/07/11  UTC: 02:30
---> DATE: 2019/07/11  UTC: 02:40
---> DATE: 2019/07/11  UTC: 02:50
---> DATE: 2019/07/11  UTC: 03:00
HEMCO: Opening /projects/b56h/ExtData//HEMCO/OFFLINE_LIGHTNING/v2020-03/MERRA2/2019/FLASH_CTH_MERRA2_0.5x0.625_2019_07.nc4
     - Found all A1     met fields for 2019/07/11 03:30
     - Found all A3cld  met fields for 2019/07/11 04:30
     - Found all A3dyn  met fields for 2019/07/11 04:30
     - Found all A3mstC met fields for 2019/07/11 04:30
     - Found all A3mstE met fields for 2019/07/11 04:30
     - Found all I3     met fields for 2019/07/11 06:00
---> DATE: 2019/07/11  UTC: 03:10
---> DATE: 2019/07/11  UTC: 03:20
---> DATE: 2019/07/11  UTC: 03:30
---> DATE: 2019/07/11  UTC: 03:40
---> DATE: 2019/07/11  UTC: 03:50
---> DATE: 2019/07/11  UTC: 04:00
     - Found all A1     met fields for 2019/07/11 04:30
---> DATE: 2019/07/11  UTC: 04:10
---> DATE: 2019/07/11  UTC: 04:20
---> DATE: 2019/07/11  UTC: 04:30
---> DATE: 2019/07/11  UTC: 04:40
---> DATE: 2019/07/11  UTC: 04:50
---> DATE: 2019/07/11  UTC: 05:00
     - Found all A1     met fields for 2019/07/11 05:30
---> DATE: 2019/07/11  UTC: 05:10
---> DATE: 2019/07/11  UTC: 05:20
---> DATE: 2019/07/11  UTC: 05:30
---> DATE: 2019/07/11  UTC: 05:40
---> DATE: 2019/07/11  UTC: 05:50
---> DATE: 2019/07/11  UTC: 06:00
HEMCO: Opening /projects/b56h/ExtData//HEMCO/OFFLINE_LIGHTNING/v2020-03/MERRA2/2019/FLASH_CTH_MERRA2_0.5x0.625_2019_07.nc4
     - Found all A1     met fields for 2019/07/11 06:30
     - Found all A3cld  met fields for 2019/07/11 07:30
     - Found all A3dyn  met fields for 2019/07/11 07:30
     - Found all A3mstC met fields for 2019/07/11 07:30
     - Found all A3mstE met fields for 2019/07/11 07:30
     - Found all I3     met fields for 2019/07/11 09:00
---> DATE: 2019/07/11  UTC: 06:10
---> DATE: 2019/07/11  UTC: 06:20
---> DATE: 2019/07/11  UTC: 06:30
---> DATE: 2019/07/11  UTC: 06:40
---> DATE: 2019/07/11  UTC: 06:50
---> DATE: 2019/07/11  UTC: 07:00
     - Found all A1     met fields for 2019/07/11 07:30
---> DATE: 2019/07/11  UTC: 07:10
---> DATE: 2019/07/11  UTC: 07:20
---> DATE: 2019/07/11  UTC: 07:30
---> DATE: 2019/07/11  UTC: 07:40
---> DATE: 2019/07/11  UTC: 07:50
---> DATE: 2019/07/11  UTC: 08:00
     - Found all A1     met fields for 2019/07/11 08:30
---> DATE: 2019/07/11  UTC: 08:10
---> DATE: 2019/07/11  UTC: 08:20
---> DATE: 2019/07/11  UTC: 08:30
---> DATE: 2019/07/11  UTC: 08:40
---> DATE: 2019/07/11  UTC: 08:50
---> DATE: 2019/07/11  UTC: 09:00
HEMCO: Opening /projects/b56h/ExtData//HEMCO/OFFLINE_LIGHTNING/v2020-03/MERRA2/2019/FLASH_CTH_MERRA2_0.5x0.625_2019_07.nc4
     - Found all A1     met fields for 2019/07/11 09:30
     - Found all A3cld  met fields for 2019/07/11 10:30
     - Found all A3dyn  met fields for 2019/07/11 10:30
     - Found all A3mstC met fields for 2019/07/11 10:30
     - Found all A3mstE met fields for 2019/07/11 10:30
     - Found all I3     met fields for 2019/07/11 12:00
---> DATE: 2019/07/11  UTC: 09:10
---> DATE: 2019/07/11  UTC: 09:20
---> DATE: 2019/07/11  UTC: 09:30
---> DATE: 2019/07/11  UTC: 09:40
---> DATE: 2019/07/11  UTC: 09:50
---> DATE: 2019/07/11  UTC: 10:00
     - Found all A1     met fields for 2019/07/11 10:30
---> DATE: 2019/07/11  UTC: 10:10
---> DATE: 2019/07/11  UTC: 10:20
---> DATE: 2019/07/11  UTC: 10:30
---> DATE: 2019/07/11  UTC: 10:40
---> DATE: 2019/07/11  UTC: 10:50
---> DATE: 2019/07/11  UTC: 11:00
     - Found all A1     met fields for 2019/07/11 11:30
---> DATE: 2019/07/11  UTC: 11:10
---> DATE: 2019/07/11  UTC: 11:20
---> DATE: 2019/07/11  UTC: 11:30
---> DATE: 2019/07/11  UTC: 11:40
---> DATE: 2019/07/11  UTC: 11:50
---> DATE: 2019/07/11  UTC: 12:00
HEMCO: Opening /projects/b56h/ExtData//HEMCO/OFFLINE_LIGHTNING/v2020-03/MERRA2/2019/FLASH_CTH_MERRA2_0.5x0.625_2019_07.nc4
     - Found all A1     met fields for 2019/07/11 12:30
     - Found all A3cld  met fields for 2019/07/11 13:30
     - Found all A3dyn  met fields for 2019/07/11 13:30
     - Found all A3mstC met fields for 2019/07/11 13:30
     - Found all A3mstE met fields for 2019/07/11 13:30
     - Found all I3     met fields for 2019/07/11 15:00
---> DATE: 2019/07/11  UTC: 12:10
---> DATE: 2019/07/11  UTC: 12:20
---> DATE: 2019/07/11  UTC: 12:30
---> DATE: 2019/07/11  UTC: 12:40
---> DATE: 2019/07/11  UTC: 12:50
---> DATE: 2019/07/11  UTC: 13:00
     - Found all A1     met fields for 2019/07/11 13:30
---> DATE: 2019/07/11  UTC: 13:10
---> DATE: 2019/07/11  UTC: 13:20
---> DATE: 2019/07/11  UTC: 13:30
---> DATE: 2019/07/11  UTC: 13:40
---> DATE: 2019/07/11  UTC: 13:50
---> DATE: 2019/07/11  UTC: 14:00
     - Found all A1     met fields for 2019/07/11 14:30
---> DATE: 2019/07/11  UTC: 14:10
---> DATE: 2019/07/11  UTC: 14:20
---> DATE: 2019/07/11  UTC: 14:30
---> DATE: 2019/07/11  UTC: 14:40
---> DATE: 2019/07/11  UTC: 14:50
---> DATE: 2019/07/11  UTC: 15:00
HEMCO: Opening /projects/b56h/ExtData//HEMCO/OFFLINE_LIGHTNING/v2020-03/MERRA2/2019/FLASH_CTH_MERRA2_0.5x0.625_2019_07.nc4
     - Found all A1     met fields for 2019/07/11 15:30
     - Found all A3cld  met fields for 2019/07/11 16:30
     - Found all A3dyn  met fields for 2019/07/11 16:30
     - Found all A3mstC met fields for 2019/07/11 16:30
     - Found all A3mstE met fields for 2019/07/11 16:30
     - Found all I3     met fields for 2019/07/11 18:00
---> DATE: 2019/07/11  UTC: 15:10
---> DATE: 2019/07/11  UTC: 15:20
---> DATE: 2019/07/11  UTC: 15:30
---> DATE: 2019/07/11  UTC: 15:40
---> DATE: 2019/07/11  UTC: 15:50
---> DATE: 2019/07/11  UTC: 16:00
     - Found all A1     met fields for 2019/07/11 16:30
---> DATE: 2019/07/11  UTC: 16:10
---> DATE: 2019/07/11  UTC: 16:20
---> DATE: 2019/07/11  UTC: 16:30
---> DATE: 2019/07/11  UTC: 16:40
---> DATE: 2019/07/11  UTC: 16:50
---> DATE: 2019/07/11  UTC: 17:00
     - Found all A1     met fields for 2019/07/11 17:30
---> DATE: 2019/07/11  UTC: 17:10
---> DATE: 2019/07/11  UTC: 17:20
---> DATE: 2019/07/11  UTC: 17:30
---> DATE: 2019/07/11  UTC: 17:40
---> DATE: 2019/07/11  UTC: 17:50
---> DATE: 2019/07/11  UTC: 18:00
HEMCO: Opening /projects/b56h/ExtData//HEMCO/OFFLINE_LIGHTNING/v2020-03/MERRA2/2019/FLASH_CTH_MERRA2_0.5x0.625_2019_07.nc4
     - Found all A1     met fields for 2019/07/11 18:30
     - Found all A3cld  met fields for 2019/07/11 19:30
     - Found all A3dyn  met fields for 2019/07/11 19:30
     - Found all A3mstC met fields for 2019/07/11 19:30
     - Found all A3mstE met fields for 2019/07/11 19:30
     - Found all I3     met fields for 2019/07/11 21:00
---> DATE: 2019/07/11  UTC: 18:10
---> DATE: 2019/07/11  UTC: 18:20
---> DATE: 2019/07/11  UTC: 18:30
---> DATE: 2019/07/11  UTC: 18:40
---> DATE: 2019/07/11  UTC: 18:50
---> DATE: 2019/07/11  UTC: 19:00
     - Found all A1     met fields for 2019/07/11 19:30
---> DATE: 2019/07/11  UTC: 19:10
---> DATE: 2019/07/11  UTC: 19:20
---> DATE: 2019/07/11  UTC: 19:30
---> DATE: 2019/07/11  UTC: 19:40
---> DATE: 2019/07/11  UTC: 19:50
---> DATE: 2019/07/11  UTC: 20:00
     - Found all A1     met fields for 2019/07/11 20:30
---> DATE: 2019/07/11  UTC: 20:10
---> DATE: 2019/07/11  UTC: 20:20
---> DATE: 2019/07/11  UTC: 20:30
---> DATE: 2019/07/11  UTC: 20:40
---> DATE: 2019/07/11  UTC: 20:50
---> DATE: 2019/07/11  UTC: 21:00
HEMCO: Opening /projects/b56h/ExtData//HEMCO/OFFLINE_LIGHTNING/v2020-03/MERRA2/2019/FLASH_CTH_MERRA2_0.5x0.625_2019_07.nc4
     - Found all A1     met fields for 2019/07/11 21:30
     - Found all A3cld  met fields for 2019/07/11 22:30
     - Found all A3dyn  met fields for 2019/07/11 22:30
     - Found all A3mstC met fields for 2019/07/11 22:30
     - Found all A3mstE met fields for 2019/07/11 22:30
     - Found all I3     met fields for 2019/07/12 00:00
---> DATE: 2019/07/11  UTC: 21:10
---> DATE: 2019/07/11  UTC: 21:20
---> DATE: 2019/07/11  UTC: 21:30
---> DATE: 2019/07/11  UTC: 21:40
---> DATE: 2019/07/11  UTC: 21:50
---> DATE: 2019/07/11  UTC: 22:00
     - Found all A1     met fields for 2019/07/11 22:30
---> DATE: 2019/07/11  UTC: 22:10
---> DATE: 2019/07/11  UTC: 22:20
---> DATE: 2019/07/11  UTC: 22:30
---> DATE: 2019/07/11  UTC: 22:40
---> DATE: 2019/07/11  UTC: 22:50
---> DATE: 2019/07/11  UTC: 23:00
     - Found all A1     met fields for 2019/07/11 23:30
---> DATE: 2019/07/11  UTC: 23:10
---> DATE: 2019/07/11  UTC: 23:20
---> DATE: 2019/07/11  UTC: 23:30
---> DATE: 2019/07/11  UTC: 23:40
---> DATE: 2019/07/11  UTC: 23:50
---> DATE: 2019/07/12  UTC: 00:00
HEMCO: Opening /projects/b56h/ExtData//HEMCO/OFFLINE_DUST/v2025-03/0.5x0.625/MERRA2/2019/07/dust_emissions_05.MERRA2.20190712.nc
HEMCO: Opening /projects/b56h/ExtData//HEMCO/OFFLINE_BIOVOC/v2021-12/0.5x0.625/2019/07/biovoc_05.20190712.nc
HEMCO: Opening /projects/b56h/ExtData//HEMCO/OFFLINE_SEASALT/v2019-01/0.5x0.625/2019/07/seasalt_05.20190712.nc
HEMCO: Opening /projects/b56h/ExtData//HEMCO/OFFLINE_SOILNOX/v2021-12/0.5x0.625/2019/07/soilnox_05.20190712.nc
HEMCO: Opening /projects/b56h/ExtData//GEOS_4x5/MERRA2/2019/07/MERRA2.20190712.A1.4x5.nc4
HEMCO: Opening /projects/b56h/ExtData//GEOS_4x5/MERRA2/2019/07/MERRA2.20190712.A3cld.4x5.nc4
HEMCO: Opening /projects/b56h/ExtData//GEOS_4x5/MERRA2/2019/07/MERRA2.20190712.A3dyn.4x5.nc4
HEMCO: Opening /projects/b56h/ExtData//GEOS_4x5/MERRA2/2019/07/MERRA2.20190712.A3mstC.4x5.nc4
HEMCO: Opening /projects/b56h/ExtData//GEOS_4x5/MERRA2/2019/07/MERRA2.20190712.A3mstE.4x5.nc4
HEMCO: Opening /projects/b56h/ExtData//GEOS_4x5/MERRA2/2019/07/MERRA2.20190712.I3.4x5.nc4
HEMCO: Opening /projects/b56h/ExtData//GEOS_4x5/MERRA2/2019/07/MERRA2.20190713.I3.4x5.nc4
HEMCO: Opening /projects/b56h/ExtData//HEMCO/Yuan_XLAI/v2021-06/Yuan_proc_MODIS_XLAI.025x025.2019.nc
HEMCO: Opening /projects/b56h/ExtData//HEMCO/OFFLINE_LIGHTNING/v2020-03/MERRA2/2019/FLASH_CTH_MERRA2_0.5x0.625_2019_07.nc4
     - Found all A1     met fields for 2019/07/12 00:30
     - Found all A3cld  met fields for 2019/07/12 01:30
     - Found all A3dyn  met fields for 2019/07/12 01:30
     - Found all A3mstC met fields for 2019/07/12 01:30
     - Found all A3mstE met fields for 2019/07/12 01:30
     - Found all I3     met fields for 2019/07/12 03:00
HEMCO (VOLCANO): Opening /projects/b56h/ExtData//HEMCO/VOLCANO/v2024-04/2019/07/so2_volcanic_emissions_Carns.20190712.rc
---> DATE: 2019/07/12  UTC: 00:10
---> DATE: 2019/07/12  UTC: 00:20
---> DATE: 2019/07/12  UTC: 00:30
---> DATE: 2019/07/12  UTC: 00:40
---> DATE: 2019/07/12  UTC: 00:50
---> DATE: 2019/07/12  UTC: 01:00
     - Found all A1     met fields for 2019/07/12 01:30
---> DATE: 2019/07/12  UTC: 01:10
---> DATE: 2019/07/12  UTC: 01:20
---> DATE: 2019/07/12  UTC: 01:30
---> DATE: 2019/07/12  UTC: 01:40
---> DATE: 2019/07/12  UTC: 01:50
---> DATE: 2019/07/12  UTC: 02:00
     - Found all A1     met fields for 2019/07/12 02:30
---> DATE: 2019/07/12  UTC: 02:10
---> DATE: 2019/07/12  UTC: 02:20
---> DATE: 2019/07/12  UTC: 02:30
---> DATE: 2019/07/12  UTC: 02:40
---> DATE: 2019/07/12  UTC: 02:50
---> DATE: 2019/07/12  UTC: 03:00
HEMCO: Opening /projects/b56h/ExtData//HEMCO/OFFLINE_LIGHTNING/v2020-03/MERRA2/2019/FLASH_CTH_MERRA2_0.5x0.625_2019_07.nc4
     - Found all A1     met fields for 2019/07/12 03:30
     - Found all A3cld  met fields for 2019/07/12 04:30
     - Found all A3dyn  met fields for 2019/07/12 04:30
     - Found all A3mstC met fields for 2019/07/12 04:30
     - Found all A3mstE met fields for 2019/07/12 04:30
     - Found all I3     met fields for 2019/07/12 06:00
---> DATE: 2019/07/12  UTC: 03:10
---> DATE: 2019/07/12  UTC: 03:20
---> DATE: 2019/07/12  UTC: 03:30
---> DATE: 2019/07/12  UTC: 03:40
---> DATE: 2019/07/12  UTC: 03:50
---> DATE: 2019/07/12  UTC: 04:00
     - Found all A1     met fields for 2019/07/12 04:30
---> DATE: 2019/07/12  UTC: 04:10
---> DATE: 2019/07/12  UTC: 04:20
---> DATE: 2019/07/12  UTC: 04:30
---> DATE: 2019/07/12  UTC: 04:40
---> DATE: 2019/07/12  UTC: 04:50
---> DATE: 2019/07/12  UTC: 05:00
     - Found all A1     met fields for 2019/07/12 05:30
---> DATE: 2019/07/12  UTC: 05:10
---> DATE: 2019/07/12  UTC: 05:20
---> DATE: 2019/07/12  UTC: 05:30
---> DATE: 2019/07/12  UTC: 05:40
---> DATE: 2019/07/12  UTC: 05:50
---> DATE: 2019/07/12  UTC: 06:00
HEMCO: Opening /projects/b56h/ExtData//HEMCO/OFFLINE_LIGHTNING/v2020-03/MERRA2/2019/FLASH_CTH_MERRA2_0.5x0.625_2019_07.nc4
     - Found all A1     met fields for 2019/07/12 06:30
     - Found all A3cld  met fields for 2019/07/12 07:30
     - Found all A3dyn  met fields for 2019/07/12 07:30
     - Found all A3mstC met fields for 2019/07/12 07:30
     - Found all A3mstE met fields for 2019/07/12 07:30
     - Found all I3     met fields for 2019/07/12 09:00
---> DATE: 2019/07/12  UTC: 06:10
---> DATE: 2019/07/12  UTC: 06:20
---> DATE: 2019/07/12  UTC: 06:30
---> DATE: 2019/07/12  UTC: 06:40
---> DATE: 2019/07/12  UTC: 06:50
---> DATE: 2019/07/12  UTC: 07:00
     - Found all A1     met fields for 2019/07/12 07:30
---> DATE: 2019/07/12  UTC: 07:10
---> DATE: 2019/07/12  UTC: 07:20
---> DATE: 2019/07/12  UTC: 07:30
---> DATE: 2019/07/12  UTC: 07:40
---> DATE: 2019/07/12  UTC: 07:50
---> DATE: 2019/07/12  UTC: 08:00
     - Found all A1     met fields for 2019/07/12 08:30
---> DATE: 2019/07/12  UTC: 08:10
---> DATE: 2019/07/12  UTC: 08:20
---> DATE: 2019/07/12  UTC: 08:30
---> DATE: 2019/07/12  UTC: 08:40
---> DATE: 2019/07/12  UTC: 08:50
---> DATE: 2019/07/12  UTC: 09:00
HEMCO: Opening /projects/b56h/ExtData//HEMCO/OFFLINE_LIGHTNING/v2020-03/MERRA2/2019/FLASH_CTH_MERRA2_0.5x0.625_2019_07.nc4
     - Found all A1     met fields for 2019/07/12 09:30
     - Found all A3cld  met fields for 2019/07/12 10:30
     - Found all A3dyn  met fields for 2019/07/12 10:30
     - Found all A3mstC met fields for 2019/07/12 10:30
     - Found all A3mstE met fields for 2019/07/12 10:30
     - Found all I3     met fields for 2019/07/12 12:00
---> DATE: 2019/07/12  UTC: 09:10
---> DATE: 2019/07/12  UTC: 09:20
---> DATE: 2019/07/12  UTC: 09:30
---> DATE: 2019/07/12  UTC: 09:40
---> DATE: 2019/07/12  UTC: 09:50
---> DATE: 2019/07/12  UTC: 10:00
     - Found all A1     met fields for 2019/07/12 10:30
---> DATE: 2019/07/12  UTC: 10:10
---> DATE: 2019/07/12  UTC: 10:20
---> DATE: 2019/07/12  UTC: 10:30
---> DATE: 2019/07/12  UTC: 10:40
---> DATE: 2019/07/12  UTC: 10:50
---> DATE: 2019/07/12  UTC: 11:00
     - Found all A1     met fields for 2019/07/12 11:30
---> DATE: 2019/07/12  UTC: 11:10
---> DATE: 2019/07/12  UTC: 11:20
---> DATE: 2019/07/12  UTC: 11:30
---> DATE: 2019/07/12  UTC: 11:40
---> DATE: 2019/07/12  UTC: 11:50
---> DATE: 2019/07/12  UTC: 12:00
HEMCO: Opening /projects/b56h/ExtData//HEMCO/OFFLINE_LIGHTNING/v2020-03/MERRA2/2019/FLASH_CTH_MERRA2_0.5x0.625_2019_07.nc4
     - Found all A1     met fields for 2019/07/12 12:30
     - Found all A3cld  met fields for 2019/07/12 13:30
     - Found all A3dyn  met fields for 2019/07/12 13:30
     - Found all A3mstC met fields for 2019/07/12 13:30
     - Found all A3mstE met fields for 2019/07/12 13:30
     - Found all I3     met fields for 2019/07/12 15:00
---> DATE: 2019/07/12  UTC: 12:10
---> DATE: 2019/07/12  UTC: 12:20
---> DATE: 2019/07/12  UTC: 12:30
---> DATE: 2019/07/12  UTC: 12:40
---> DATE: 2019/07/12  UTC: 12:50
---> DATE: 2019/07/12  UTC: 13:00
     - Found all A1     met fields for 2019/07/12 13:30
---> DATE: 2019/07/12  UTC: 13:10
---> DATE: 2019/07/12  UTC: 13:20
---> DATE: 2019/07/12  UTC: 13:30
---> DATE: 2019/07/12  UTC: 13:40
---> DATE: 2019/07/12  UTC: 13:50
---> DATE: 2019/07/12  UTC: 14:00
     - Found all A1     met fields for 2019/07/12 14:30
---> DATE: 2019/07/12  UTC: 14:10
---> DATE: 2019/07/12  UTC: 14:20
---> DATE: 2019/07/12  UTC: 14:30
---> DATE: 2019/07/12  UTC: 14:40
---> DATE: 2019/07/12  UTC: 14:50
---> DATE: 2019/07/12  UTC: 15:00
HEMCO: Opening /projects/b56h/ExtData//HEMCO/OFFLINE_LIGHTNING/v2020-03/MERRA2/2019/FLASH_CTH_MERRA2_0.5x0.625_2019_07.nc4
     - Found all A1     met fields for 2019/07/12 15:30
     - Found all A3cld  met fields for 2019/07/12 16:30
     - Found all A3dyn  met fields for 2019/07/12 16:30
     - Found all A3mstC met fields for 2019/07/12 16:30
     - Found all A3mstE met fields for 2019/07/12 16:30
     - Found all I3     met fields for 2019/07/12 18:00
---> DATE: 2019/07/12  UTC: 15:10
---> DATE: 2019/07/12  UTC: 15:20
---> DATE: 2019/07/12  UTC: 15:30
---> DATE: 2019/07/12  UTC: 15:40
---> DATE: 2019/07/12  UTC: 15:50
---> DATE: 2019/07/12  UTC: 16:00
     - Found all A1     met fields for 2019/07/12 16:30
---> DATE: 2019/07/12  UTC: 16:10
---> DATE: 2019/07/12  UTC: 16:20
---> DATE: 2019/07/12  UTC: 16:30
---> DATE: 2019/07/12  UTC: 16:40
---> DATE: 2019/07/12  UTC: 16:50
---> DATE: 2019/07/12  UTC: 17:00
     - Found all A1     met fields for 2019/07/12 17:30
---> DATE: 2019/07/12  UTC: 17:10
---> DATE: 2019/07/12  UTC: 17:20
---> DATE: 2019/07/12  UTC: 17:30
---> DATE: 2019/07/12  UTC: 17:40
---> DATE: 2019/07/12  UTC: 17:50
---> DATE: 2019/07/12  UTC: 18:00
HEMCO: Opening /projects/b56h/ExtData//HEMCO/OFFLINE_LIGHTNING/v2020-03/MERRA2/2019/FLASH_CTH_MERRA2_0.5x0.625_2019_07.nc4
     - Found all A1     met fields for 2019/07/12 18:30
     - Found all A3cld  met fields for 2019/07/12 19:30
     - Found all A3dyn  met fields for 2019/07/12 19:30
     - Found all A3mstC met fields for 2019/07/12 19:30
     - Found all A3mstE met fields for 2019/07/12 19:30
     - Found all I3     met fields for 2019/07/12 21:00
---> DATE: 2019/07/12  UTC: 18:10
---> DATE: 2019/07/12  UTC: 18:20
---> DATE: 2019/07/12  UTC: 18:30
---> DATE: 2019/07/12  UTC: 18:40
---> DATE: 2019/07/12  UTC: 18:50
---> DATE: 2019/07/12  UTC: 19:00
     - Found all A1     met fields for 2019/07/12 19:30
---> DATE: 2019/07/12  UTC: 19:10
---> DATE: 2019/07/12  UTC: 19:20
---> DATE: 2019/07/12  UTC: 19:30
---> DATE: 2019/07/12  UTC: 19:40
---> DATE: 2019/07/12  UTC: 19:50
---> DATE: 2019/07/12  UTC: 20:00
     - Found all A1     met fields for 2019/07/12 20:30
---> DATE: 2019/07/12  UTC: 20:10
---> DATE: 2019/07/12  UTC: 20:20
---> DATE: 2019/07/12  UTC: 20:30
---> DATE: 2019/07/12  UTC: 20:40
---> DATE: 2019/07/12  UTC: 20:50
---> DATE: 2019/07/12  UTC: 21:00
HEMCO: Opening /projects/b56h/ExtData//HEMCO/OFFLINE_LIGHTNING/v2020-03/MERRA2/2019/FLASH_CTH_MERRA2_0.5x0.625_2019_07.nc4
     - Found all A1     met fields for 2019/07/12 21:30
     - Found all A3cld  met fields for 2019/07/12 22:30
     - Found all A3dyn  met fields for 2019/07/12 22:30
     - Found all A3mstC met fields for 2019/07/12 22:30
     - Found all A3mstE met fields for 2019/07/12 22:30
     - Found all I3     met fields for 2019/07/13 00:00
---> DATE: 2019/07/12  UTC: 21:10
---> DATE: 2019/07/12  UTC: 21:20
---> DATE: 2019/07/12  UTC: 21:30
---> DATE: 2019/07/12  UTC: 21:40
---> DATE: 2019/07/12  UTC: 21:50
---> DATE: 2019/07/12  UTC: 22:00
     - Found all A1     met fields for 2019/07/12 22:30
---> DATE: 2019/07/12  UTC: 22:10
---> DATE: 2019/07/12  UTC: 22:20
---> DATE: 2019/07/12  UTC: 22:30
---> DATE: 2019/07/12  UTC: 22:40
---> DATE: 2019/07/12  UTC: 22:50
---> DATE: 2019/07/12  UTC: 23:00
     - Found all A1     met fields for 2019/07/12 23:30
---> DATE: 2019/07/12  UTC: 23:10
---> DATE: 2019/07/12  UTC: 23:20
---> DATE: 2019/07/12  UTC: 23:30
---> DATE: 2019/07/12  UTC: 23:40
---> DATE: 2019/07/12  UTC: 23:50
---> DATE: 2019/07/13  UTC: 00:00
HEMCO: Opening /projects/b56h/ExtData//HEMCO/OFFLINE_DUST/v2025-03/0.5x0.625/MERRA2/2019/07/dust_emissions_05.MERRA2.20190713.nc
HEMCO: Opening /projects/b56h/ExtData//HEMCO/OFFLINE_BIOVOC/v2021-12/0.5x0.625/2019/07/biovoc_05.20190713.nc
HEMCO: Opening /projects/b56h/ExtData//HEMCO/OFFLINE_SEASALT/v2019-01/0.5x0.625/2019/07/seasalt_05.20190713.nc
HEMCO: Opening /projects/b56h/ExtData//HEMCO/OFFLINE_SOILNOX/v2021-12/0.5x0.625/2019/07/soilnox_05.20190713.nc
HEMCO: Opening /projects/b56h/ExtData//GEOS_4x5/MERRA2/2019/07/MERRA2.20190713.A1.4x5.nc4
HEMCO: Opening /projects/b56h/ExtData//GEOS_4x5/MERRA2/2019/07/MERRA2.20190713.A3cld.4x5.nc4
HEMCO: Opening /projects/b56h/ExtData//GEOS_4x5/MERRA2/2019/07/MERRA2.20190713.A3dyn.4x5.nc4
HEMCO: Opening /projects/b56h/ExtData//GEOS_4x5/MERRA2/2019/07/MERRA2.20190713.A3mstC.4x5.nc4
HEMCO: Opening /projects/b56h/ExtData//GEOS_4x5/MERRA2/2019/07/MERRA2.20190713.A3mstE.4x5.nc4
HEMCO: Opening /projects/b56h/ExtData//GEOS_4x5/MERRA2/2019/07/MERRA2.20190713.I3.4x5.nc4
HEMCO: Opening /projects/b56h/ExtData//GEOS_4x5/MERRA2/2019/07/MERRA2.20190714.I3.4x5.nc4
HEMCO: Opening /projects/b56h/ExtData//HEMCO/Yuan_XLAI/v2021-06/Yuan_proc_MODIS_XLAI.025x025.2019.nc
HEMCO: Opening /projects/b56h/ExtData//HEMCO/OFFLINE_LIGHTNING/v2020-03/MERRA2/2019/FLASH_CTH_MERRA2_0.5x0.625_2019_07.nc4
     - Found all A1     met fields for 2019/07/13 00:30
     - Found all A3cld  met fields for 2019/07/13 01:30
     - Found all A3dyn  met fields for 2019/07/13 01:30
     - Found all A3mstC met fields for 2019/07/13 01:30
     - Found all A3mstE met fields for 2019/07/13 01:30
     - Found all I3     met fields for 2019/07/13 03:00
HEMCO (VOLCANO): Opening /projects/b56h/ExtData//HEMCO/VOLCANO/v2024-04/2019/07/so2_volcanic_emissions_Carns.20190713.rc
---> DATE: 2019/07/13  UTC: 00:10
---> DATE: 2019/07/13  UTC: 00:20
---> DATE: 2019/07/13  UTC: 00:30
---> DATE: 2019/07/13  UTC: 00:40
---> DATE: 2019/07/13  UTC: 00:50
---> DATE: 2019/07/13  UTC: 01:00
     - Found all A1     met fields for 2019/07/13 01:30
---> DATE: 2019/07/13  UTC: 01:10
---> DATE: 2019/07/13  UTC: 01:20
---> DATE: 2019/07/13  UTC: 01:30
---> DATE: 2019/07/13  UTC: 01:40
---> DATE: 2019/07/13  UTC: 01:50
---> DATE: 2019/07/13  UTC: 02:00
     - Found all A1     met fields for 2019/07/13 02:30
---> DATE: 2019/07/13  UTC: 02:10
---> DATE: 2019/07/13  UTC: 02:20
---> DATE: 2019/07/13  UTC: 02:30
---> DATE: 2019/07/13  UTC: 02:40
---> DATE: 2019/07/13  UTC: 02:50
---> DATE: 2019/07/13  UTC: 03:00
HEMCO: Opening /projects/b56h/ExtData//HEMCO/OFFLINE_LIGHTNING/v2020-03/MERRA2/2019/FLASH_CTH_MERRA2_0.5x0.625_2019_07.nc4
     - Found all A1     met fields for 2019/07/13 03:30
     - Found all A3cld  met fields for 2019/07/13 04:30
     - Found all A3dyn  met fields for 2019/07/13 04:30
     - Found all A3mstC met fields for 2019/07/13 04:30
     - Found all A3mstE met fields for 2019/07/13 04:30
     - Found all I3     met fields for 2019/07/13 06:00
---> DATE: 2019/07/13  UTC: 03:10
---> DATE: 2019/07/13  UTC: 03:20
---> DATE: 2019/07/13  UTC: 03:30
---> DATE: 2019/07/13  UTC: 03:40
---> DATE: 2019/07/13  UTC: 03:50
---> DATE: 2019/07/13  UTC: 04:00
     - Found all A1     met fields for 2019/07/13 04:30
---> DATE: 2019/07/13  UTC: 04:10
---> DATE: 2019/07/13  UTC: 04:20
---> DATE: 2019/07/13  UTC: 04:30
---> DATE: 2019/07/13  UTC: 04:40
---> DATE: 2019/07/13  UTC: 04:50
---> DATE: 2019/07/13  UTC: 05:00
     - Found all A1     met fields for 2019/07/13 05:30
---> DATE: 2019/07/13  UTC: 05:10
---> DATE: 2019/07/13  UTC: 05:20
---> DATE: 2019/07/13  UTC: 05:30
---> DATE: 2019/07/13  UTC: 05:40
---> DATE: 2019/07/13  UTC: 05:50
---> DATE: 2019/07/13  UTC: 06:00
HEMCO: Opening /projects/b56h/ExtData//HEMCO/OFFLINE_LIGHTNING/v2020-03/MERRA2/2019/FLASH_CTH_MERRA2_0.5x0.625_2019_07.nc4
     - Found all A1     met fields for 2019/07/13 06:30
     - Found all A3cld  met fields for 2019/07/13 07:30
     - Found all A3dyn  met fields for 2019/07/13 07:30
     - Found all A3mstC met fields for 2019/07/13 07:30
     - Found all A3mstE met fields for 2019/07/13 07:30
     - Found all I3     met fields for 2019/07/13 09:00
---> DATE: 2019/07/13  UTC: 06:10
---> DATE: 2019/07/13  UTC: 06:20
---> DATE: 2019/07/13  UTC: 06:30
---> DATE: 2019/07/13  UTC: 06:40
---> DATE: 2019/07/13  UTC: 06:50
---> DATE: 2019/07/13  UTC: 07:00
     - Found all A1     met fields for 2019/07/13 07:30
---> DATE: 2019/07/13  UTC: 07:10
---> DATE: 2019/07/13  UTC: 07:20
---> DATE: 2019/07/13  UTC: 07:30
---> DATE: 2019/07/13  UTC: 07:40
---> DATE: 2019/07/13  UTC: 07:50
---> DATE: 2019/07/13  UTC: 08:00
     - Found all A1     met fields for 2019/07/13 08:30
---> DATE: 2019/07/13  UTC: 08:10
---> DATE: 2019/07/13  UTC: 08:20
---> DATE: 2019/07/13  UTC: 08:30
---> DATE: 2019/07/13  UTC: 08:40
---> DATE: 2019/07/13  UTC: 08:50
---> DATE: 2019/07/13  UTC: 09:00
HEMCO: Opening /projects/b56h/ExtData//HEMCO/OFFLINE_LIGHTNING/v2020-03/MERRA2/2019/FLASH_CTH_MERRA2_0.5x0.625_2019_07.nc4
     - Found all A1     met fields for 2019/07/13 09:30
     - Found all A3cld  met fields for 2019/07/13 10:30
     - Found all A3dyn  met fields for 2019/07/13 10:30
     - Found all A3mstC met fields for 2019/07/13 10:30
     - Found all A3mstE met fields for 2019/07/13 10:30
     - Found all I3     met fields for 2019/07/13 12:00
---> DATE: 2019/07/13  UTC: 09:10
---> DATE: 2019/07/13  UTC: 09:20
---> DATE: 2019/07/13  UTC: 09:30
---> DATE: 2019/07/13  UTC: 09:40
---> DATE: 2019/07/13  UTC: 09:50
---> DATE: 2019/07/13  UTC: 10:00
     - Found all A1     met fields for 2019/07/13 10:30
---> DATE: 2019/07/13  UTC: 10:10
---> DATE: 2019/07/13  UTC: 10:20
---> DATE: 2019/07/13  UTC: 10:30
---> DATE: 2019/07/13  UTC: 10:40
---> DATE: 2019/07/13  UTC: 10:50
---> DATE: 2019/07/13  UTC: 11:00
     - Found all A1     met fields for 2019/07/13 11:30
---> DATE: 2019/07/13  UTC: 11:10
---> DATE: 2019/07/13  UTC: 11:20
---> DATE: 2019/07/13  UTC: 11:30
---> DATE: 2019/07/13  UTC: 11:40
---> DATE: 2019/07/13  UTC: 11:50
---> DATE: 2019/07/13  UTC: 12:00
HEMCO: Opening /projects/b56h/ExtData//HEMCO/OFFLINE_LIGHTNING/v2020-03/MERRA2/2019/FLASH_CTH_MERRA2_0.5x0.625_2019_07.nc4
     - Found all A1     met fields for 2019/07/13 12:30
     - Found all A3cld  met fields for 2019/07/13 13:30
     - Found all A3dyn  met fields for 2019/07/13 13:30
     - Found all A3mstC met fields for 2019/07/13 13:30
     - Found all A3mstE met fields for 2019/07/13 13:30
     - Found all I3     met fields for 2019/07/13 15:00
---> DATE: 2019/07/13  UTC: 12:10
---> DATE: 2019/07/13  UTC: 12:20
---> DATE: 2019/07/13  UTC: 12:30
---> DATE: 2019/07/13  UTC: 12:40
---> DATE: 2019/07/13  UTC: 12:50
---> DATE: 2019/07/13  UTC: 13:00
     - Found all A1     met fields for 2019/07/13 13:30
---> DATE: 2019/07/13  UTC: 13:10
---> DATE: 2019/07/13  UTC: 13:20
---> DATE: 2019/07/13  UTC: 13:30
---> DATE: 2019/07/13  UTC: 13:40
---> DATE: 2019/07/13  UTC: 13:50
---> DATE: 2019/07/13  UTC: 14:00
     - Found all A1     met fields for 2019/07/13 14:30
---> DATE: 2019/07/13  UTC: 14:10
---> DATE: 2019/07/13  UTC: 14:20
---> DATE: 2019/07/13  UTC: 14:30
---> DATE: 2019/07/13  UTC: 14:40
---> DATE: 2019/07/13  UTC: 14:50
---> DATE: 2019/07/13  UTC: 15:00
HEMCO: Opening /projects/b56h/ExtData//HEMCO/OFFLINE_LIGHTNING/v2020-03/MERRA2/2019/FLASH_CTH_MERRA2_0.5x0.625_2019_07.nc4
     - Found all A1     met fields for 2019/07/13 15:30
     - Found all A3cld  met fields for 2019/07/13 16:30
     - Found all A3dyn  met fields for 2019/07/13 16:30
     - Found all A3mstC met fields for 2019/07/13 16:30
     - Found all A3mstE met fields for 2019/07/13 16:30
     - Found all I3     met fields for 2019/07/13 18:00
---> DATE: 2019/07/13  UTC: 15:10
---> DATE: 2019/07/13  UTC: 15:20
---> DATE: 2019/07/13  UTC: 15:30
---> DATE: 2019/07/13  UTC: 15:40
---> DATE: 2019/07/13  UTC: 15:50
---> DATE: 2019/07/13  UTC: 16:00
     - Found all A1     met fields for 2019/07/13 16:30
---> DATE: 2019/07/13  UTC: 16:10
---> DATE: 2019/07/13  UTC: 16:20
---> DATE: 2019/07/13  UTC: 16:30
---> DATE: 2019/07/13  UTC: 16:40
---> DATE: 2019/07/13  UTC: 16:50
---> DATE: 2019/07/13  UTC: 17:00
     - Found all A1     met fields for 2019/07/13 17:30
---> DATE: 2019/07/13  UTC: 17:10
---> DATE: 2019/07/13  UTC: 17:20
---> DATE: 2019/07/13  UTC: 17:30
---> DATE: 2019/07/13  UTC: 17:40
---> DATE: 2019/07/13  UTC: 17:50
---> DATE: 2019/07/13  UTC: 18:00
HEMCO: Opening /projects/b56h/ExtData//HEMCO/OFFLINE_LIGHTNING/v2020-03/MERRA2/2019/FLASH_CTH_MERRA2_0.5x0.625_2019_07.nc4
     - Found all A1     met fields for 2019/07/13 18:30
     - Found all A3cld  met fields for 2019/07/13 19:30
     - Found all A3dyn  met fields for 2019/07/13 19:30
     - Found all A3mstC met fields for 2019/07/13 19:30
     - Found all A3mstE met fields for 2019/07/13 19:30
     - Found all I3     met fields for 2019/07/13 21:00
---> DATE: 2019/07/13  UTC: 18:10
---> DATE: 2019/07/13  UTC: 18:20
---> DATE: 2019/07/13  UTC: 18:30
---> DATE: 2019/07/13  UTC: 18:40
---> DATE: 2019/07/13  UTC: 18:50
---> DATE: 2019/07/13  UTC: 19:00
     - Found all A1     met fields for 2019/07/13 19:30
---> DATE: 2019/07/13  UTC: 19:10
---> DATE: 2019/07/13  UTC: 19:20
---> DATE: 2019/07/13  UTC: 19:30
---> DATE: 2019/07/13  UTC: 19:40
---> DATE: 2019/07/13  UTC: 19:50
---> DATE: 2019/07/13  UTC: 20:00
     - Found all A1     met fields for 2019/07/13 20:30
---> DATE: 2019/07/13  UTC: 20:10
---> DATE: 2019/07/13  UTC: 20:20
---> DATE: 2019/07/13  UTC: 20:30
---> DATE: 2019/07/13  UTC: 20:40
---> DATE: 2019/07/13  UTC: 20:50
---> DATE: 2019/07/13  UTC: 21:00
HEMCO: Opening /projects/b56h/ExtData//HEMCO/OFFLINE_LIGHTNING/v2020-03/MERRA2/2019/FLASH_CTH_MERRA2_0.5x0.625_2019_07.nc4
     - Found all A1     met fields for 2019/07/13 21:30
     - Found all A3cld  met fields for 2019/07/13 22:30
     - Found all A3dyn  met fields for 2019/07/13 22:30
     - Found all A3mstC met fields for 2019/07/13 22:30
     - Found all A3mstE met fields for 2019/07/13 22:30
     - Found all I3     met fields for 2019/07/14 00:00
---> DATE: 2019/07/13  UTC: 21:10
---> DATE: 2019/07/13  UTC: 21:20
---> DATE: 2019/07/13  UTC: 21:30
---> DATE: 2019/07/13  UTC: 21:40
---> DATE: 2019/07/13  UTC: 21:50
---> DATE: 2019/07/13  UTC: 22:00
     - Found all A1     met fields for 2019/07/13 22:30
---> DATE: 2019/07/13  UTC: 22:10
---> DATE: 2019/07/13  UTC: 22:20
---> DATE: 2019/07/13  UTC: 22:30
---> DATE: 2019/07/13  UTC: 22:40
---> DATE: 2019/07/13  UTC: 22:50
---> DATE: 2019/07/13  UTC: 23:00
     - Found all A1     met fields for 2019/07/13 23:30
---> DATE: 2019/07/13  UTC: 23:10
---> DATE: 2019/07/13  UTC: 23:20
---> DATE: 2019/07/13  UTC: 23:30
---> DATE: 2019/07/13  UTC: 23:40
---> DATE: 2019/07/13  UTC: 23:50
---> DATE: 2019/07/14  UTC: 00:00
HEMCO: Opening /projects/b56h/ExtData//HEMCO/OFFLINE_DUST/v2025-03/0.5x0.625/MERRA2/2019/07/dust_emissions_05.MERRA2.20190714.nc
HEMCO: Opening /projects/b56h/ExtData//HEMCO/OFFLINE_BIOVOC/v2021-12/0.5x0.625/2019/07/biovoc_05.20190714.nc
HEMCO: Opening /projects/b56h/ExtData//HEMCO/OFFLINE_SEASALT/v2019-01/0.5x0.625/2019/07/seasalt_05.20190714.nc
HEMCO: Opening /projects/b56h/ExtData//HEMCO/OFFLINE_SOILNOX/v2021-12/0.5x0.625/2019/07/soilnox_05.20190714.nc
HEMCO: Opening /projects/b56h/ExtData//GEOS_4x5/MERRA2/2019/07/MERRA2.20190714.A1.4x5.nc4
HEMCO: Opening /projects/b56h/ExtData//GEOS_4x5/MERRA2/2019/07/MERRA2.20190714.A3cld.4x5.nc4
HEMCO: Opening /projects/b56h/ExtData//GEOS_4x5/MERRA2/2019/07/MERRA2.20190714.A3dyn.4x5.nc4
HEMCO: Opening /projects/b56h/ExtData//GEOS_4x5/MERRA2/2019/07/MERRA2.20190714.A3mstC.4x5.nc4
HEMCO: Opening /projects/b56h/ExtData//GEOS_4x5/MERRA2/2019/07/MERRA2.20190714.A3mstE.4x5.nc4
HEMCO: Opening /projects/b56h/ExtData//GEOS_4x5/MERRA2/2019/07/MERRA2.20190714.I3.4x5.nc4
HEMCO: Opening /projects/b56h/ExtData//GEOS_4x5/MERRA2/2019/07/MERRA2.20190715.I3.4x5.nc4
HEMCO: Opening /projects/b56h/ExtData//HEMCO/Yuan_XLAI/v2021-06/Yuan_proc_MODIS_XLAI.025x025.2019.nc
HEMCO: Opening /projects/b56h/ExtData//HEMCO/OFFLINE_LIGHTNING/v2020-03/MERRA2/2019/FLASH_CTH_MERRA2_0.5x0.625_2019_07.nc4
     - Found all A1     met fields for 2019/07/14 00:30
     - Found all A3cld  met fields for 2019/07/14 01:30
     - Found all A3dyn  met fields for 2019/07/14 01:30
     - Found all A3mstC met fields for 2019/07/14 01:30
     - Found all A3mstE met fields for 2019/07/14 01:30
     - Found all I3     met fields for 2019/07/14 03:00
HEMCO (VOLCANO): Opening /projects/b56h/ExtData//HEMCO/VOLCANO/v2024-04/2019/07/so2_volcanic_emissions_Carns.20190714.rc
---> DATE: 2019/07/14  UTC: 00:10
---> DATE: 2019/07/14  UTC: 00:20
---> DATE: 2019/07/14  UTC: 00:30
---> DATE: 2019/07/14  UTC: 00:40
---> DATE: 2019/07/14  UTC: 00:50
---> DATE: 2019/07/14  UTC: 01:00
     - Found all A1     met fields for 2019/07/14 01:30
---> DATE: 2019/07/14  UTC: 01:10
---> DATE: 2019/07/14  UTC: 01:20
---> DATE: 2019/07/14  UTC: 01:30
---> DATE: 2019/07/14  UTC: 01:40
---> DATE: 2019/07/14  UTC: 01:50
---> DATE: 2019/07/14  UTC: 02:00
     - Found all A1     met fields for 2019/07/14 02:30
---> DATE: 2019/07/14  UTC: 02:10
---> DATE: 2019/07/14  UTC: 02:20
---> DATE: 2019/07/14  UTC: 02:30
---> DATE: 2019/07/14  UTC: 02:40
---> DATE: 2019/07/14  UTC: 02:50
---> DATE: 2019/07/14  UTC: 03:00
HEMCO: Opening /projects/b56h/ExtData//HEMCO/OFFLINE_LIGHTNING/v2020-03/MERRA2/2019/FLASH_CTH_MERRA2_0.5x0.625_2019_07.nc4
     - Found all A1     met fields for 2019/07/14 03:30
     - Found all A3cld  met fields for 2019/07/14 04:30
     - Found all A3dyn  met fields for 2019/07/14 04:30
     - Found all A3mstC met fields for 2019/07/14 04:30
     - Found all A3mstE met fields for 2019/07/14 04:30
     - Found all I3     met fields for 2019/07/14 06:00
---> DATE: 2019/07/14  UTC: 03:10
---> DATE: 2019/07/14  UTC: 03:20
---> DATE: 2019/07/14  UTC: 03:30
---> DATE: 2019/07/14  UTC: 03:40
---> DATE: 2019/07/14  UTC: 03:50
---> DATE: 2019/07/14  UTC: 04:00
     - Found all A1     met fields for 2019/07/14 04:30
---> DATE: 2019/07/14  UTC: 04:10
---> DATE: 2019/07/14  UTC: 04:20
---> DATE: 2019/07/14  UTC: 04:30
---> DATE: 2019/07/14  UTC: 04:40
---> DATE: 2019/07/14  UTC: 04:50
---> DATE: 2019/07/14  UTC: 05:00
     - Found all A1     met fields for 2019/07/14 05:30
---> DATE: 2019/07/14  UTC: 05:10
---> DATE: 2019/07/14  UTC: 05:20
---> DATE: 2019/07/14  UTC: 05:30
---> DATE: 2019/07/14  UTC: 05:40
---> DATE: 2019/07/14  UTC: 05:50
---> DATE: 2019/07/14  UTC: 06:00
HEMCO: Opening /projects/b56h/ExtData//HEMCO/OFFLINE_LIGHTNING/v2020-03/MERRA2/2019/FLASH_CTH_MERRA2_0.5x0.625_2019_07.nc4
     - Found all A1     met fields for 2019/07/14 06:30
     - Found all A3cld  met fields for 2019/07/14 07:30
     - Found all A3dyn  met fields for 2019/07/14 07:30
     - Found all A3mstC met fields for 2019/07/14 07:30
     - Found all A3mstE met fields for 2019/07/14 07:30
     - Found all I3     met fields for 2019/07/14 09:00
---> DATE: 2019/07/14  UTC: 06:10
---> DATE: 2019/07/14  UTC: 06:20
---> DATE: 2019/07/14  UTC: 06:30
---> DATE: 2019/07/14  UTC: 06:40
---> DATE: 2019/07/14  UTC: 06:50
---> DATE: 2019/07/14  UTC: 07:00
     - Found all A1     met fields for 2019/07/14 07:30
---> DATE: 2019/07/14  UTC: 07:10
---> DATE: 2019/07/14  UTC: 07:20
---> DATE: 2019/07/14  UTC: 07:30
---> DATE: 2019/07/14  UTC: 07:40
---> DATE: 2019/07/14  UTC: 07:50
---> DATE: 2019/07/14  UTC: 08:00
     - Found all A1     met fields for 2019/07/14 08:30
---> DATE: 2019/07/14  UTC: 08:10
---> DATE: 2019/07/14  UTC: 08:20
---> DATE: 2019/07/14  UTC: 08:30
---> DATE: 2019/07/14  UTC: 08:40
---> DATE: 2019/07/14  UTC: 08:50
---> DATE: 2019/07/14  UTC: 09:00
HEMCO: Opening /projects/b56h/ExtData//HEMCO/OFFLINE_LIGHTNING/v2020-03/MERRA2/2019/FLASH_CTH_MERRA2_0.5x0.625_2019_07.nc4
     - Found all A1     met fields for 2019/07/14 09:30
     - Found all A3cld  met fields for 2019/07/14 10:30
     - Found all A3dyn  met fields for 2019/07/14 10:30
     - Found all A3mstC met fields for 2019/07/14 10:30
     - Found all A3mstE met fields for 2019/07/14 10:30
     - Found all I3     met fields for 2019/07/14 12:00
---> DATE: 2019/07/14  UTC: 09:10
---> DATE: 2019/07/14  UTC: 09:20
---> DATE: 2019/07/14  UTC: 09:30
---> DATE: 2019/07/14  UTC: 09:40
---> DATE: 2019/07/14  UTC: 09:50
---> DATE: 2019/07/14  UTC: 10:00
     - Found all A1     met fields for 2019/07/14 10:30
---> DATE: 2019/07/14  UTC: 10:10
---> DATE: 2019/07/14  UTC: 10:20
---> DATE: 2019/07/14  UTC: 10:30
---> DATE: 2019/07/14  UTC: 10:40
---> DATE: 2019/07/14  UTC: 10:50
---> DATE: 2019/07/14  UTC: 11:00
     - Found all A1     met fields for 2019/07/14 11:30
---> DATE: 2019/07/14  UTC: 11:10
---> DATE: 2019/07/14  UTC: 11:20
---> DATE: 2019/07/14  UTC: 11:30
---> DATE: 2019/07/14  UTC: 11:40
---> DATE: 2019/07/14  UTC: 11:50
---> DATE: 2019/07/14  UTC: 12:00
HEMCO: Opening /projects/b56h/ExtData//HEMCO/OFFLINE_LIGHTNING/v2020-03/MERRA2/2019/FLASH_CTH_MERRA2_0.5x0.625_2019_07.nc4
     - Found all A1     met fields for 2019/07/14 12:30
     - Found all A3cld  met fields for 2019/07/14 13:30
     - Found all A3dyn  met fields for 2019/07/14 13:30
     - Found all A3mstC met fields for 2019/07/14 13:30
     - Found all A3mstE met fields for 2019/07/14 13:30
     - Found all I3     met fields for 2019/07/14 15:00
---> DATE: 2019/07/14  UTC: 12:10
---> DATE: 2019/07/14  UTC: 12:20
---> DATE: 2019/07/14  UTC: 12:30
---> DATE: 2019/07/14  UTC: 12:40
---> DATE: 2019/07/14  UTC: 12:50
---> DATE: 2019/07/14  UTC: 13:00
     - Found all A1     met fields for 2019/07/14 13:30
---> DATE: 2019/07/14  UTC: 13:10
---> DATE: 2019/07/14  UTC: 13:20
---> DATE: 2019/07/14  UTC: 13:30
---> DATE: 2019/07/14  UTC: 13:40
---> DATE: 2019/07/14  UTC: 13:50
---> DATE: 2019/07/14  UTC: 14:00
     - Found all A1     met fields for 2019/07/14 14:30
---> DATE: 2019/07/14  UTC: 14:10
---> DATE: 2019/07/14  UTC: 14:20
---> DATE: 2019/07/14  UTC: 14:30
---> DATE: 2019/07/14  UTC: 14:40
---> DATE: 2019/07/14  UTC: 14:50
---> DATE: 2019/07/14  UTC: 15:00
HEMCO: Opening /projects/b56h/ExtData//HEMCO/OFFLINE_LIGHTNING/v2020-03/MERRA2/2019/FLASH_CTH_MERRA2_0.5x0.625_2019_07.nc4
     - Found all A1     met fields for 2019/07/14 15:30
     - Found all A3cld  met fields for 2019/07/14 16:30
     - Found all A3dyn  met fields for 2019/07/14 16:30
     - Found all A3mstC met fields for 2019/07/14 16:30
     - Found all A3mstE met fields for 2019/07/14 16:30
     - Found all I3     met fields for 2019/07/14 18:00
---> DATE: 2019/07/14  UTC: 15:10
---> DATE: 2019/07/14  UTC: 15:20
---> DATE: 2019/07/14  UTC: 15:30
---> DATE: 2019/07/14  UTC: 15:40
---> DATE: 2019/07/14  UTC: 15:50
---> DATE: 2019/07/14  UTC: 16:00
     - Found all A1     met fields for 2019/07/14 16:30
---> DATE: 2019/07/14  UTC: 16:10
---> DATE: 2019/07/14  UTC: 16:20
---> DATE: 2019/07/14  UTC: 16:30
---> DATE: 2019/07/14  UTC: 16:40
---> DATE: 2019/07/14  UTC: 16:50
---> DATE: 2019/07/14  UTC: 17:00
     - Found all A1     met fields for 2019/07/14 17:30
---> DATE: 2019/07/14  UTC: 17:10
---> DATE: 2019/07/14  UTC: 17:20
---> DATE: 2019/07/14  UTC: 17:30
---> DATE: 2019/07/14  UTC: 17:40
---> DATE: 2019/07/14  UTC: 17:50
---> DATE: 2019/07/14  UTC: 18:00
HEMCO: Opening /projects/b56h/ExtData//HEMCO/OFFLINE_LIGHTNING/v2020-03/MERRA2/2019/FLASH_CTH_MERRA2_0.5x0.625_2019_07.nc4
     - Found all A1     met fields for 2019/07/14 18:30
     - Found all A3cld  met fields for 2019/07/14 19:30
     - Found all A3dyn  met fields for 2019/07/14 19:30
     - Found all A3mstC met fields for 2019/07/14 19:30
     - Found all A3mstE met fields for 2019/07/14 19:30
     - Found all I3     met fields for 2019/07/14 21:00
---> DATE: 2019/07/14  UTC: 18:10
---> DATE: 2019/07/14  UTC: 18:20
---> DATE: 2019/07/14  UTC: 18:30
---> DATE: 2019/07/14  UTC: 18:40
---> DATE: 2019/07/14  UTC: 18:50
---> DATE: 2019/07/14  UTC: 19:00
     - Found all A1     met fields for 2019/07/14 19:30
---> DATE: 2019/07/14  UTC: 19:10
---> DATE: 2019/07/14  UTC: 19:20
---> DATE: 2019/07/14  UTC: 19:30
---> DATE: 2019/07/14  UTC: 19:40
---> DATE: 2019/07/14  UTC: 19:50
---> DATE: 2019/07/14  UTC: 20:00
     - Found all A1     met fields for 2019/07/14 20:30
---> DATE: 2019/07/14  UTC: 20:10
---> DATE: 2019/07/14  UTC: 20:20
---> DATE: 2019/07/14  UTC: 20:30
---> DATE: 2019/07/14  UTC: 20:40
---> DATE: 2019/07/14  UTC: 20:50
---> DATE: 2019/07/14  UTC: 21:00
HEMCO: Opening /projects/b56h/ExtData//HEMCO/OFFLINE_LIGHTNING/v2020-03/MERRA2/2019/FLASH_CTH_MERRA2_0.5x0.625_2019_07.nc4
     - Found all A1     met fields for 2019/07/14 21:30
     - Found all A3cld  met fields for 2019/07/14 22:30
     - Found all A3dyn  met fields for 2019/07/14 22:30
     - Found all A3mstC met fields for 2019/07/14 22:30
     - Found all A3mstE met fields for 2019/07/14 22:30
     - Found all I3     met fields for 2019/07/15 00:00
---> DATE: 2019/07/14  UTC: 21:10
---> DATE: 2019/07/14  UTC: 21:20
---> DATE: 2019/07/14  UTC: 21:30
---> DATE: 2019/07/14  UTC: 21:40
---> DATE: 2019/07/14  UTC: 21:50
---> DATE: 2019/07/14  UTC: 22:00
     - Found all A1     met fields for 2019/07/14 22:30
---> DATE: 2019/07/14  UTC: 22:10
---> DATE: 2019/07/14  UTC: 22:20
---> DATE: 2019/07/14  UTC: 22:30
---> DATE: 2019/07/14  UTC: 22:40
---> DATE: 2019/07/14  UTC: 22:50
---> DATE: 2019/07/14  UTC: 23:00
     - Found all A1     met fields for 2019/07/14 23:30
---> DATE: 2019/07/14  UTC: 23:10
---> DATE: 2019/07/14  UTC: 23:20
---> DATE: 2019/07/14  UTC: 23:30
---> DATE: 2019/07/14  UTC: 23:40
---> DATE: 2019/07/14  UTC: 23:50
---> DATE: 2019/07/15  UTC: 00:00
HEMCO: Opening /projects/b56h/ExtData//HEMCO/OFFLINE_DUST/v2025-03/0.5x0.625/MERRA2/2019/07/dust_emissions_05.MERRA2.20190715.nc
HEMCO: Opening /projects/b56h/ExtData//HEMCO/OFFLINE_BIOVOC/v2021-12/0.5x0.625/2019/07/biovoc_05.20190715.nc
HEMCO: Opening /projects/b56h/ExtData//HEMCO/OFFLINE_SEASALT/v2019-01/0.5x0.625/2019/07/seasalt_05.20190715.nc
HEMCO: Opening /projects/b56h/ExtData//HEMCO/OFFLINE_SOILNOX/v2021-12/0.5x0.625/2019/07/soilnox_05.20190715.nc
HEMCO: Opening /projects/b56h/ExtData//GEOS_4x5/MERRA2/2019/07/MERRA2.20190715.A1.4x5.nc4
HEMCO: Opening /projects/b56h/ExtData//GEOS_4x5/MERRA2/2019/07/MERRA2.20190715.A3cld.4x5.nc4
HEMCO: Opening /projects/b56h/ExtData//GEOS_4x5/MERRA2/2019/07/MERRA2.20190715.A3dyn.4x5.nc4
HEMCO: Opening /projects/b56h/ExtData//GEOS_4x5/MERRA2/2019/07/MERRA2.20190715.A3mstC.4x5.nc4
HEMCO: Opening /projects/b56h/ExtData//GEOS_4x5/MERRA2/2019/07/MERRA2.20190715.A3mstE.4x5.nc4
HEMCO: Opening /projects/b56h/ExtData//GEOS_4x5/MERRA2/2019/07/MERRA2.20190715.I3.4x5.nc4
HEMCO: Opening /projects/b56h/ExtData//GEOS_4x5/MERRA2/2019/07/MERRA2.20190716.I3.4x5.nc4
HEMCO: Opening /projects/b56h/ExtData//HEMCO/Yuan_XLAI/v2021-06/Yuan_proc_MODIS_XLAI.025x025.2019.nc
HEMCO: Opening /projects/b56h/ExtData//HEMCO/OFFLINE_LIGHTNING/v2020-03/MERRA2/2019/FLASH_CTH_MERRA2_0.5x0.625_2019_07.nc4
     - Found all A1     met fields for 2019/07/15 00:30
     - Found all A3cld  met fields for 2019/07/15 01:30
     - Found all A3dyn  met fields for 2019/07/15 01:30
     - Found all A3mstC met fields for 2019/07/15 01:30
     - Found all A3mstE met fields for 2019/07/15 01:30
     - Found all I3     met fields for 2019/07/15 03:00
HEMCO (VOLCANO): Opening /projects/b56h/ExtData//HEMCO/VOLCANO/v2024-04/2019/07/so2_volcanic_emissions_Carns.20190715.rc
---> DATE: 2019/07/15  UTC: 00:10
---> DATE: 2019/07/15  UTC: 00:20
---> DATE: 2019/07/15  UTC: 00:30
---> DATE: 2019/07/15  UTC: 00:40
---> DATE: 2019/07/15  UTC: 00:50
---> DATE: 2019/07/15  UTC: 01:00
     - Found all A1     met fields for 2019/07/15 01:30
---> DATE: 2019/07/15  UTC: 01:10
---> DATE: 2019/07/15  UTC: 01:20
---> DATE: 2019/07/15  UTC: 01:30
---> DATE: 2019/07/15  UTC: 01:40
---> DATE: 2019/07/15  UTC: 01:50
---> DATE: 2019/07/15  UTC: 02:00
     - Found all A1     met fields for 2019/07/15 02:30
---> DATE: 2019/07/15  UTC: 02:10
---> DATE: 2019/07/15  UTC: 02:20
---> DATE: 2019/07/15  UTC: 02:30
---> DATE: 2019/07/15  UTC: 02:40
---> DATE: 2019/07/15  UTC: 02:50
---> DATE: 2019/07/15  UTC: 03:00
HEMCO: Opening /projects/b56h/ExtData//HEMCO/OFFLINE_LIGHTNING/v2020-03/MERRA2/2019/FLASH_CTH_MERRA2_0.5x0.625_2019_07.nc4
     - Found all A1     met fields for 2019/07/15 03:30
     - Found all A3cld  met fields for 2019/07/15 04:30
     - Found all A3dyn  met fields for 2019/07/15 04:30
     - Found all A3mstC met fields for 2019/07/15 04:30
     - Found all A3mstE met fields for 2019/07/15 04:30
     - Found all I3     met fields for 2019/07/15 06:00
---> DATE: 2019/07/15  UTC: 03:10
---> DATE: 2019/07/15  UTC: 03:20
---> DATE: 2019/07/15  UTC: 03:30
---> DATE: 2019/07/15  UTC: 03:40
---> DATE: 2019/07/15  UTC: 03:50
---> DATE: 2019/07/15  UTC: 04:00
     - Found all A1     met fields for 2019/07/15 04:30
---> DATE: 2019/07/15  UTC: 04:10
---> DATE: 2019/07/15  UTC: 04:20
---> DATE: 2019/07/15  UTC: 04:30
---> DATE: 2019/07/15  UTC: 04:40
---> DATE: 2019/07/15  UTC: 04:50
---> DATE: 2019/07/15  UTC: 05:00
     - Found all A1     met fields for 2019/07/15 05:30
---> DATE: 2019/07/15  UTC: 05:10
---> DATE: 2019/07/15  UTC: 05:20
---> DATE: 2019/07/15  UTC: 05:30
---> DATE: 2019/07/15  UTC: 05:40
---> DATE: 2019/07/15  UTC: 05:50
---> DATE: 2019/07/15  UTC: 06:00
HEMCO: Opening /projects/b56h/ExtData//HEMCO/OFFLINE_LIGHTNING/v2020-03/MERRA2/2019/FLASH_CTH_MERRA2_0.5x0.625_2019_07.nc4
     - Found all A1     met fields for 2019/07/15 06:30
     - Found all A3cld  met fields for 2019/07/15 07:30
     - Found all A3dyn  met fields for 2019/07/15 07:30
     - Found all A3mstC met fields for 2019/07/15 07:30
     - Found all A3mstE met fields for 2019/07/15 07:30
     - Found all I3     met fields for 2019/07/15 09:00
---> DATE: 2019/07/15  UTC: 06:10
---> DATE: 2019/07/15  UTC: 06:20
---> DATE: 2019/07/15  UTC: 06:30
---> DATE: 2019/07/15  UTC: 06:40
---> DATE: 2019/07/15  UTC: 06:50
---> DATE: 2019/07/15  UTC: 07:00
     - Found all A1     met fields for 2019/07/15 07:30
---> DATE: 2019/07/15  UTC: 07:10
---> DATE: 2019/07/15  UTC: 07:20
---> DATE: 2019/07/15  UTC: 07:30
---> DATE: 2019/07/15  UTC: 07:40
---> DATE: 2019/07/15  UTC: 07:50
---> DATE: 2019/07/15  UTC: 08:00
     - Found all A1     met fields for 2019/07/15 08:30
---> DATE: 2019/07/15  UTC: 08:10
---> DATE: 2019/07/15  UTC: 08:20
---> DATE: 2019/07/15  UTC: 08:30
---> DATE: 2019/07/15  UTC: 08:40
---> DATE: 2019/07/15  UTC: 08:50
---> DATE: 2019/07/15  UTC: 09:00
HEMCO: Opening /projects/b56h/ExtData//HEMCO/OFFLINE_LIGHTNING/v2020-03/MERRA2/2019/FLASH_CTH_MERRA2_0.5x0.625_2019_07.nc4
     - Found all A1     met fields for 2019/07/15 09:30
     - Found all A3cld  met fields for 2019/07/15 10:30
     - Found all A3dyn  met fields for 2019/07/15 10:30
     - Found all A3mstC met fields for 2019/07/15 10:30
     - Found all A3mstE met fields for 2019/07/15 10:30
     - Found all I3     met fields for 2019/07/15 12:00
---> DATE: 2019/07/15  UTC: 09:10
---> DATE: 2019/07/15  UTC: 09:20
---> DATE: 2019/07/15  UTC: 09:30
---> DATE: 2019/07/15  UTC: 09:40
---> DATE: 2019/07/15  UTC: 09:50
---> DATE: 2019/07/15  UTC: 10:00
     - Found all A1     met fields for 2019/07/15 10:30
---> DATE: 2019/07/15  UTC: 10:10
---> DATE: 2019/07/15  UTC: 10:20
---> DATE: 2019/07/15  UTC: 10:30
---> DATE: 2019/07/15  UTC: 10:40
---> DATE: 2019/07/15  UTC: 10:50
---> DATE: 2019/07/15  UTC: 11:00
     - Found all A1     met fields for 2019/07/15 11:30
---> DATE: 2019/07/15  UTC: 11:10
---> DATE: 2019/07/15  UTC: 11:20
---> DATE: 2019/07/15  UTC: 11:30
---> DATE: 2019/07/15  UTC: 11:40
---> DATE: 2019/07/15  UTC: 11:50
---> DATE: 2019/07/15  UTC: 12:00
HEMCO: Opening /projects/b56h/ExtData//HEMCO/OFFLINE_LIGHTNING/v2020-03/MERRA2/2019/FLASH_CTH_MERRA2_0.5x0.625_2019_07.nc4
     - Found all A1     met fields for 2019/07/15 12:30
     - Found all A3cld  met fields for 2019/07/15 13:30
     - Found all A3dyn  met fields for 2019/07/15 13:30
     - Found all A3mstC met fields for 2019/07/15 13:30
     - Found all A3mstE met fields for 2019/07/15 13:30
     - Found all I3     met fields for 2019/07/15 15:00
---> DATE: 2019/07/15  UTC: 12:10
---> DATE: 2019/07/15  UTC: 12:20
---> DATE: 2019/07/15  UTC: 12:30
---> DATE: 2019/07/15  UTC: 12:40
---> DATE: 2019/07/15  UTC: 12:50
---> DATE: 2019/07/15  UTC: 13:00
     - Found all A1     met fields for 2019/07/15 13:30
---> DATE: 2019/07/15  UTC: 13:10
---> DATE: 2019/07/15  UTC: 13:20
---> DATE: 2019/07/15  UTC: 13:30
---> DATE: 2019/07/15  UTC: 13:40
---> DATE: 2019/07/15  UTC: 13:50
---> DATE: 2019/07/15  UTC: 14:00
     - Found all A1     met fields for 2019/07/15 14:30
---> DATE: 2019/07/15  UTC: 14:10
---> DATE: 2019/07/15  UTC: 14:20
---> DATE: 2019/07/15  UTC: 14:30
---> DATE: 2019/07/15  UTC: 14:40
---> DATE: 2019/07/15  UTC: 14:50
---> DATE: 2019/07/15  UTC: 15:00
HEMCO: Opening /projects/b56h/ExtData//HEMCO/OFFLINE_LIGHTNING/v2020-03/MERRA2/2019/FLASH_CTH_MERRA2_0.5x0.625_2019_07.nc4
     - Found all A1     met fields for 2019/07/15 15:30
     - Found all A3cld  met fields for 2019/07/15 16:30
     - Found all A3dyn  met fields for 2019/07/15 16:30
     - Found all A3mstC met fields for 2019/07/15 16:30
     - Found all A3mstE met fields for 2019/07/15 16:30
     - Found all I3     met fields for 2019/07/15 18:00
---> DATE: 2019/07/15  UTC: 15:10
---> DATE: 2019/07/15  UTC: 15:20
---> DATE: 2019/07/15  UTC: 15:30
---> DATE: 2019/07/15  UTC: 15:40
---> DATE: 2019/07/15  UTC: 15:50
---> DATE: 2019/07/15  UTC: 16:00
     - Found all A1     met fields for 2019/07/15 16:30
---> DATE: 2019/07/15  UTC: 16:10
---> DATE: 2019/07/15  UTC: 16:20
---> DATE: 2019/07/15  UTC: 16:30
---> DATE: 2019/07/15  UTC: 16:40
---> DATE: 2019/07/15  UTC: 16:50
---> DATE: 2019/07/15  UTC: 17:00
     - Found all A1     met fields for 2019/07/15 17:30
---> DATE: 2019/07/15  UTC: 17:10
---> DATE: 2019/07/15  UTC: 17:20
---> DATE: 2019/07/15  UTC: 17:30
---> DATE: 2019/07/15  UTC: 17:40
---> DATE: 2019/07/15  UTC: 17:50
---> DATE: 2019/07/15  UTC: 18:00
HEMCO: Opening /projects/b56h/ExtData//HEMCO/OFFLINE_LIGHTNING/v2020-03/MERRA2/2019/FLASH_CTH_MERRA2_0.5x0.625_2019_07.nc4
     - Found all A1     met fields for 2019/07/15 18:30
     - Found all A3cld  met fields for 2019/07/15 19:30
     - Found all A3dyn  met fields for 2019/07/15 19:30
     - Found all A3mstC met fields for 2019/07/15 19:30
     - Found all A3mstE met fields for 2019/07/15 19:30
     - Found all I3     met fields for 2019/07/15 21:00
---> DATE: 2019/07/15  UTC: 18:10
---> DATE: 2019/07/15  UTC: 18:20
---> DATE: 2019/07/15  UTC: 18:30
---> DATE: 2019/07/15  UTC: 18:40
---> DATE: 2019/07/15  UTC: 18:50
---> DATE: 2019/07/15  UTC: 19:00
     - Found all A1     met fields for 2019/07/15 19:30
---> DATE: 2019/07/15  UTC: 19:10
---> DATE: 2019/07/15  UTC: 19:20
---> DATE: 2019/07/15  UTC: 19:30
---> DATE: 2019/07/15  UTC: 19:40
---> DATE: 2019/07/15  UTC: 19:50
---> DATE: 2019/07/15  UTC: 20:00
     - Found all A1     met fields for 2019/07/15 20:30
---> DATE: 2019/07/15  UTC: 20:10
---> DATE: 2019/07/15  UTC: 20:20
---> DATE: 2019/07/15  UTC: 20:30
---> DATE: 2019/07/15  UTC: 20:40
---> DATE: 2019/07/15  UTC: 20:50
---> DATE: 2019/07/15  UTC: 21:00
HEMCO: Opening /projects/b56h/ExtData//HEMCO/OFFLINE_LIGHTNING/v2020-03/MERRA2/2019/FLASH_CTH_MERRA2_0.5x0.625_2019_07.nc4
     - Found all A1     met fields for 2019/07/15 21:30
     - Found all A3cld  met fields for 2019/07/15 22:30
     - Found all A3dyn  met fields for 2019/07/15 22:30
     - Found all A3mstC met fields for 2019/07/15 22:30
     - Found all A3mstE met fields for 2019/07/15 22:30
     - Found all I3     met fields for 2019/07/16 00:00
---> DATE: 2019/07/15  UTC: 21:10
---> DATE: 2019/07/15  UTC: 21:20
---> DATE: 2019/07/15  UTC: 21:30
---> DATE: 2019/07/15  UTC: 21:40
---> DATE: 2019/07/15  UTC: 21:50
---> DATE: 2019/07/15  UTC: 22:00
     - Found all A1     met fields for 2019/07/15 22:30
---> DATE: 2019/07/15  UTC: 22:10
---> DATE: 2019/07/15  UTC: 22:20
---> DATE: 2019/07/15  UTC: 22:30
---> DATE: 2019/07/15  UTC: 22:40
---> DATE: 2019/07/15  UTC: 22:50
---> DATE: 2019/07/15  UTC: 23:00
     - Found all A1     met fields for 2019/07/15 23:30
---> DATE: 2019/07/15  UTC: 23:10
---> DATE: 2019/07/15  UTC: 23:20
---> DATE: 2019/07/15  UTC: 23:30
---> DATE: 2019/07/15  UTC: 23:40
---> DATE: 2019/07/15  UTC: 23:50
---> DATE: 2019/07/16  UTC: 00:00
HEMCO: Opening /projects/b56h/ExtData//HEMCO/OFFLINE_DUST/v2025-03/0.5x0.625/MERRA2/2019/07/dust_emissions_05.MERRA2.20190716.nc
HEMCO: Opening /projects/b56h/ExtData//HEMCO/OFFLINE_BIOVOC/v2021-12/0.5x0.625/2019/07/biovoc_05.20190716.nc
HEMCO: Opening /projects/b56h/ExtData//HEMCO/OFFLINE_SEASALT/v2019-01/0.5x0.625/2019/07/seasalt_05.20190716.nc
HEMCO: Opening /projects/b56h/ExtData//HEMCO/OFFLINE_SOILNOX/v2021-12/0.5x0.625/2019/07/soilnox_05.20190716.nc
HEMCO: Opening /projects/b56h/ExtData//GEOS_4x5/MERRA2/2019/07/MERRA2.20190716.A1.4x5.nc4
HEMCO: Opening /projects/b56h/ExtData//GEOS_4x5/MERRA2/2019/07/MERRA2.20190716.A3cld.4x5.nc4
HEMCO: Opening /projects/b56h/ExtData//GEOS_4x5/MERRA2/2019/07/MERRA2.20190716.A3dyn.4x5.nc4
HEMCO: Opening /projects/b56h/ExtData//GEOS_4x5/MERRA2/2019/07/MERRA2.20190716.A3mstC.4x5.nc4
HEMCO: Opening /projects/b56h/ExtData//GEOS_4x5/MERRA2/2019/07/MERRA2.20190716.A3mstE.4x5.nc4
HEMCO: Opening /projects/b56h/ExtData//GEOS_4x5/MERRA2/2019/07/MERRA2.20190716.I3.4x5.nc4
HEMCO: Opening /projects/b56h/ExtData//GEOS_4x5/MERRA2/2019/07/MERRA2.20190717.I3.4x5.nc4
HEMCO: Opening /projects/b56h/ExtData//HEMCO/Yuan_XLAI/v2021-06/Yuan_proc_MODIS_XLAI.025x025.2019.nc
HEMCO: Opening /projects/b56h/ExtData//HEMCO/OFFLINE_LIGHTNING/v2020-03/MERRA2/2019/FLASH_CTH_MERRA2_0.5x0.625_2019_07.nc4
     - Found all A1     met fields for 2019/07/16 00:30
     - Found all A3cld  met fields for 2019/07/16 01:30
     - Found all A3dyn  met fields for 2019/07/16 01:30
     - Found all A3mstC met fields for 2019/07/16 01:30
     - Found all A3mstE met fields for 2019/07/16 01:30
     - Found all I3     met fields for 2019/07/16 03:00
HEMCO (VOLCANO): Opening /projects/b56h/ExtData//HEMCO/VOLCANO/v2024-04/2019/07/so2_volcanic_emissions_Carns.20190716.rc
---> DATE: 2019/07/16  UTC: 00:10
---> DATE: 2019/07/16  UTC: 00:20
---> DATE: 2019/07/16  UTC: 00:30
---> DATE: 2019/07/16  UTC: 00:40
---> DATE: 2019/07/16  UTC: 00:50
---> DATE: 2019/07/16  UTC: 01:00
     - Found all A1     met fields for 2019/07/16 01:30
---> DATE: 2019/07/16  UTC: 01:10
---> DATE: 2019/07/16  UTC: 01:20
---> DATE: 2019/07/16  UTC: 01:30
---> DATE: 2019/07/16  UTC: 01:40
---> DATE: 2019/07/16  UTC: 01:50
---> DATE: 2019/07/16  UTC: 02:00
     - Found all A1     met fields for 2019/07/16 02:30
---> DATE: 2019/07/16  UTC: 02:10
---> DATE: 2019/07/16  UTC: 02:20
---> DATE: 2019/07/16  UTC: 02:30
---> DATE: 2019/07/16  UTC: 02:40
---> DATE: 2019/07/16  UTC: 02:50
---> DATE: 2019/07/16  UTC: 03:00
HEMCO: Opening /projects/b56h/ExtData//HEMCO/OFFLINE_LIGHTNING/v2020-03/MERRA2/2019/FLASH_CTH_MERRA2_0.5x0.625_2019_07.nc4
     - Found all A1     met fields for 2019/07/16 03:30
     - Found all A3cld  met fields for 2019/07/16 04:30
     - Found all A3dyn  met fields for 2019/07/16 04:30
     - Found all A3mstC met fields for 2019/07/16 04:30
     - Found all A3mstE met fields for 2019/07/16 04:30
     - Found all I3     met fields for 2019/07/16 06:00
---> DATE: 2019/07/16  UTC: 03:10
---> DATE: 2019/07/16  UTC: 03:20
---> DATE: 2019/07/16  UTC: 03:30
---> DATE: 2019/07/16  UTC: 03:40
---> DATE: 2019/07/16  UTC: 03:50
---> DATE: 2019/07/16  UTC: 04:00
     - Found all A1     met fields for 2019/07/16 04:30
---> DATE: 2019/07/16  UTC: 04:10
---> DATE: 2019/07/16  UTC: 04:20
---> DATE: 2019/07/16  UTC: 04:30
---> DATE: 2019/07/16  UTC: 04:40
---> DATE: 2019/07/16  UTC: 04:50
---> DATE: 2019/07/16  UTC: 05:00
     - Found all A1     met fields for 2019/07/16 05:30
---> DATE: 2019/07/16  UTC: 05:10
---> DATE: 2019/07/16  UTC: 05:20
---> DATE: 2019/07/16  UTC: 05:30
---> DATE: 2019/07/16  UTC: 05:40
---> DATE: 2019/07/16  UTC: 05:50
---> DATE: 2019/07/16  UTC: 06:00
HEMCO: Opening /projects/b56h/ExtData//HEMCO/OFFLINE_LIGHTNING/v2020-03/MERRA2/2019/FLASH_CTH_MERRA2_0.5x0.625_2019_07.nc4
     - Found all A1     met fields for 2019/07/16 06:30
     - Found all A3cld  met fields for 2019/07/16 07:30
     - Found all A3dyn  met fields for 2019/07/16 07:30
     - Found all A3mstC met fields for 2019/07/16 07:30
     - Found all A3mstE met fields for 2019/07/16 07:30
     - Found all I3     met fields for 2019/07/16 09:00
---> DATE: 2019/07/16  UTC: 06:10
---> DATE: 2019/07/16  UTC: 06:20
---> DATE: 2019/07/16  UTC: 06:30
---> DATE: 2019/07/16  UTC: 06:40
---> DATE: 2019/07/16  UTC: 06:50
---> DATE: 2019/07/16  UTC: 07:00
     - Found all A1     met fields for 2019/07/16 07:30
---> DATE: 2019/07/16  UTC: 07:10
---> DATE: 2019/07/16  UTC: 07:20
---> DATE: 2019/07/16  UTC: 07:30
---> DATE: 2019/07/16  UTC: 07:40
---> DATE: 2019/07/16  UTC: 07:50
---> DATE: 2019/07/16  UTC: 08:00
     - Found all A1     met fields for 2019/07/16 08:30
---> DATE: 2019/07/16  UTC: 08:10
---> DATE: 2019/07/16  UTC: 08:20
---> DATE: 2019/07/16  UTC: 08:30
---> DATE: 2019/07/16  UTC: 08:40
---> DATE: 2019/07/16  UTC: 08:50
---> DATE: 2019/07/16  UTC: 09:00
HEMCO: Opening /projects/b56h/ExtData//HEMCO/OFFLINE_LIGHTNING/v2020-03/MERRA2/2019/FLASH_CTH_MERRA2_0.5x0.625_2019_07.nc4
     - Found all A1     met fields for 2019/07/16 09:30
     - Found all A3cld  met fields for 2019/07/16 10:30
     - Found all A3dyn  met fields for 2019/07/16 10:30
     - Found all A3mstC met fields for 2019/07/16 10:30
     - Found all A3mstE met fields for 2019/07/16 10:30
     - Found all I3     met fields for 2019/07/16 12:00
---> DATE: 2019/07/16  UTC: 09:10
---> DATE: 2019/07/16  UTC: 09:20
---> DATE: 2019/07/16  UTC: 09:30
---> DATE: 2019/07/16  UTC: 09:40
---> DATE: 2019/07/16  UTC: 09:50
---> DATE: 2019/07/16  UTC: 10:00
     - Found all A1     met fields for 2019/07/16 10:30
---> DATE: 2019/07/16  UTC: 10:10
---> DATE: 2019/07/16  UTC: 10:20
---> DATE: 2019/07/16  UTC: 10:30
---> DATE: 2019/07/16  UTC: 10:40
---> DATE: 2019/07/16  UTC: 10:50
---> DATE: 2019/07/16  UTC: 11:00
     - Found all A1     met fields for 2019/07/16 11:30
---> DATE: 2019/07/16  UTC: 11:10
---> DATE: 2019/07/16  UTC: 11:20
---> DATE: 2019/07/16  UTC: 11:30
---> DATE: 2019/07/16  UTC: 11:40
---> DATE: 2019/07/16  UTC: 11:50
---> DATE: 2019/07/16  UTC: 12:00
HEMCO: Opening /projects/b56h/ExtData//HEMCO/OFFLINE_LIGHTNING/v2020-03/MERRA2/2019/FLASH_CTH_MERRA2_0.5x0.625_2019_07.nc4
     - Found all A1     met fields for 2019/07/16 12:30
     - Found all A3cld  met fields for 2019/07/16 13:30
     - Found all A3dyn  met fields for 2019/07/16 13:30
     - Found all A3mstC met fields for 2019/07/16 13:30
     - Found all A3mstE met fields for 2019/07/16 13:30
     - Found all I3     met fields for 2019/07/16 15:00
---> DATE: 2019/07/16  UTC: 12:10
---> DATE: 2019/07/16  UTC: 12:20
---> DATE: 2019/07/16  UTC: 12:30
---> DATE: 2019/07/16  UTC: 12:40
---> DATE: 2019/07/16  UTC: 12:50
---> DATE: 2019/07/16  UTC: 13:00
     - Found all A1     met fields for 2019/07/16 13:30
---> DATE: 2019/07/16  UTC: 13:10
---> DATE: 2019/07/16  UTC: 13:20
---> DATE: 2019/07/16  UTC: 13:30
---> DATE: 2019/07/16  UTC: 13:40
---> DATE: 2019/07/16  UTC: 13:50
---> DATE: 2019/07/16  UTC: 14:00
     - Found all A1     met fields for 2019/07/16 14:30
---> DATE: 2019/07/16  UTC: 14:10
---> DATE: 2019/07/16  UTC: 14:20
---> DATE: 2019/07/16  UTC: 14:30
---> DATE: 2019/07/16  UTC: 14:40
---> DATE: 2019/07/16  UTC: 14:50
---> DATE: 2019/07/16  UTC: 15:00
HEMCO: Opening /projects/b56h/ExtData//HEMCO/OFFLINE_LIGHTNING/v2020-03/MERRA2/2019/FLASH_CTH_MERRA2_0.5x0.625_2019_07.nc4
     - Found all A1     met fields for 2019/07/16 15:30
     - Found all A3cld  met fields for 2019/07/16 16:30
     - Found all A3dyn  met fields for 2019/07/16 16:30
     - Found all A3mstC met fields for 2019/07/16 16:30
     - Found all A3mstE met fields for 2019/07/16 16:30
     - Found all I3     met fields for 2019/07/16 18:00
---> DATE: 2019/07/16  UTC: 15:10
---> DATE: 2019/07/16  UTC: 15:20
---> DATE: 2019/07/16  UTC: 15:30
---> DATE: 2019/07/16  UTC: 15:40
---> DATE: 2019/07/16  UTC: 15:50
---> DATE: 2019/07/16  UTC: 16:00
     - Found all A1     met fields for 2019/07/16 16:30
---> DATE: 2019/07/16  UTC: 16:10
---> DATE: 2019/07/16  UTC: 16:20
---> DATE: 2019/07/16  UTC: 16:30
---> DATE: 2019/07/16  UTC: 16:40
---> DATE: 2019/07/16  UTC: 16:50
---> DATE: 2019/07/16  UTC: 17:00
     - Found all A1     met fields for 2019/07/16 17:30
---> DATE: 2019/07/16  UTC: 17:10
---> DATE: 2019/07/16  UTC: 17:20
---> DATE: 2019/07/16  UTC: 17:30
---> DATE: 2019/07/16  UTC: 17:40
---> DATE: 2019/07/16  UTC: 17:50
---> DATE: 2019/07/16  UTC: 18:00
HEMCO: Opening /projects/b56h/ExtData//HEMCO/OFFLINE_LIGHTNING/v2020-03/MERRA2/2019/FLASH_CTH_MERRA2_0.5x0.625_2019_07.nc4
     - Found all A1     met fields for 2019/07/16 18:30
     - Found all A3cld  met fields for 2019/07/16 19:30
     - Found all A3dyn  met fields for 2019/07/16 19:30
     - Found all A3mstC met fields for 2019/07/16 19:30
     - Found all A3mstE met fields for 2019/07/16 19:30
     - Found all I3     met fields for 2019/07/16 21:00
---> DATE: 2019/07/16  UTC: 18:10
---> DATE: 2019/07/16  UTC: 18:20
---> DATE: 2019/07/16  UTC: 18:30
---> DATE: 2019/07/16  UTC: 18:40
---> DATE: 2019/07/16  UTC: 18:50
---> DATE: 2019/07/16  UTC: 19:00
     - Found all A1     met fields for 2019/07/16 19:30
---> DATE: 2019/07/16  UTC: 19:10
---> DATE: 2019/07/16  UTC: 19:20
---> DATE: 2019/07/16  UTC: 19:30
---> DATE: 2019/07/16  UTC: 19:40
---> DATE: 2019/07/16  UTC: 19:50
---> DATE: 2019/07/16  UTC: 20:00
     - Found all A1     met fields for 2019/07/16 20:30
---> DATE: 2019/07/16  UTC: 20:10
---> DATE: 2019/07/16  UTC: 20:20
---> DATE: 2019/07/16  UTC: 20:30
---> DATE: 2019/07/16  UTC: 20:40
---> DATE: 2019/07/16  UTC: 20:50
---> DATE: 2019/07/16  UTC: 21:00
HEMCO: Opening /projects/b56h/ExtData//HEMCO/OFFLINE_LIGHTNING/v2020-03/MERRA2/2019/FLASH_CTH_MERRA2_0.5x0.625_2019_07.nc4
     - Found all A1     met fields for 2019/07/16 21:30
     - Found all A3cld  met fields for 2019/07/16 22:30
     - Found all A3dyn  met fields for 2019/07/16 22:30
     - Found all A3mstC met fields for 2019/07/16 22:30
     - Found all A3mstE met fields for 2019/07/16 22:30
     - Found all I3     met fields for 2019/07/17 00:00
---> DATE: 2019/07/16  UTC: 21:10
---> DATE: 2019/07/16  UTC: 21:20
---> DATE: 2019/07/16  UTC: 21:30
---> DATE: 2019/07/16  UTC: 21:40
---> DATE: 2019/07/16  UTC: 21:50
---> DATE: 2019/07/16  UTC: 22:00
     - Found all A1     met fields for 2019/07/16 22:30
---> DATE: 2019/07/16  UTC: 22:10
---> DATE: 2019/07/16  UTC: 22:20
---> DATE: 2019/07/16  UTC: 22:30
---> DATE: 2019/07/16  UTC: 22:40
---> DATE: 2019/07/16  UTC: 22:50
---> DATE: 2019/07/16  UTC: 23:00
     - Found all A1     met fields for 2019/07/16 23:30
---> DATE: 2019/07/16  UTC: 23:10
---> DATE: 2019/07/16  UTC: 23:20
---> DATE: 2019/07/16  UTC: 23:30
---> DATE: 2019/07/16  UTC: 23:40
---> DATE: 2019/07/16  UTC: 23:50
---> DATE: 2019/07/17  UTC: 00:00
HEMCO: Opening /projects/b56h/ExtData//HEMCO/OFFLINE_DUST/v2025-03/0.5x0.625/MERRA2/2019/07/dust_emissions_05.MERRA2.20190717.nc
HEMCO: Opening /projects/b56h/ExtData//HEMCO/OFFLINE_BIOVOC/v2021-12/0.5x0.625/2019/07/biovoc_05.20190717.nc
HEMCO: Opening /projects/b56h/ExtData//HEMCO/OFFLINE_SEASALT/v2019-01/0.5x0.625/2019/07/seasalt_05.20190717.nc
HEMCO: Opening /projects/b56h/ExtData//HEMCO/OFFLINE_SOILNOX/v2021-12/0.5x0.625/2019/07/soilnox_05.20190717.nc
HEMCO: Opening /projects/b56h/ExtData//GEOS_4x5/MERRA2/2019/07/MERRA2.20190717.A1.4x5.nc4
HEMCO: Opening /projects/b56h/ExtData//GEOS_4x5/MERRA2/2019/07/MERRA2.20190717.A3cld.4x5.nc4
HEMCO: Opening /projects/b56h/ExtData//GEOS_4x5/MERRA2/2019/07/MERRA2.20190717.A3dyn.4x5.nc4
HEMCO: Opening /projects/b56h/ExtData//GEOS_4x5/MERRA2/2019/07/MERRA2.20190717.A3mstC.4x5.nc4
HEMCO: Opening /projects/b56h/ExtData//GEOS_4x5/MERRA2/2019/07/MERRA2.20190717.A3mstE.4x5.nc4
HEMCO: Opening /projects/b56h/ExtData//GEOS_4x5/MERRA2/2019/07/MERRA2.20190717.I3.4x5.nc4
HEMCO: Opening /projects/b56h/ExtData//GEOS_4x5/MERRA2/2019/07/MERRA2.20190718.I3.4x5.nc4
HEMCO: Opening /projects/b56h/ExtData//HEMCO/Yuan_XLAI/v2021-06/Yuan_proc_MODIS_XLAI.025x025.2019.nc
HEMCO: Opening /projects/b56h/ExtData//HEMCO/OFFLINE_LIGHTNING/v2020-03/MERRA2/2019/FLASH_CTH_MERRA2_0.5x0.625_2019_07.nc4
     - Found all A1     met fields for 2019/07/17 00:30
     - Found all A3cld  met fields for 2019/07/17 01:30
     - Found all A3dyn  met fields for 2019/07/17 01:30
     - Found all A3mstC met fields for 2019/07/17 01:30
     - Found all A3mstE met fields for 2019/07/17 01:30
     - Found all I3     met fields for 2019/07/17 03:00
HEMCO (VOLCANO): Opening /projects/b56h/ExtData//HEMCO/VOLCANO/v2024-04/2019/07/so2_volcanic_emissions_Carns.20190717.rc
---> DATE: 2019/07/17  UTC: 00:10
---> DATE: 2019/07/17  UTC: 00:20
---> DATE: 2019/07/17  UTC: 00:30
---> DATE: 2019/07/17  UTC: 00:40
---> DATE: 2019/07/17  UTC: 00:50
---> DATE: 2019/07/17  UTC: 01:00
     - Found all A1     met fields for 2019/07/17 01:30
---> DATE: 2019/07/17  UTC: 01:10
---> DATE: 2019/07/17  UTC: 01:20
---> DATE: 2019/07/17  UTC: 01:30
---> DATE: 2019/07/17  UTC: 01:40
---> DATE: 2019/07/17  UTC: 01:50
---> DATE: 2019/07/17  UTC: 02:00
     - Found all A1     met fields for 2019/07/17 02:30
---> DATE: 2019/07/17  UTC: 02:10
---> DATE: 2019/07/17  UTC: 02:20
---> DATE: 2019/07/17  UTC: 02:30
---> DATE: 2019/07/17  UTC: 02:40
---> DATE: 2019/07/17  UTC: 02:50
---> DATE: 2019/07/17  UTC: 03:00
HEMCO: Opening /projects/b56h/ExtData//HEMCO/OFFLINE_LIGHTNING/v2020-03/MERRA2/2019/FLASH_CTH_MERRA2_0.5x0.625_2019_07.nc4
     - Found all A1     met fields for 2019/07/17 03:30
     - Found all A3cld  met fields for 2019/07/17 04:30
     - Found all A3dyn  met fields for 2019/07/17 04:30
     - Found all A3mstC met fields for 2019/07/17 04:30
     - Found all A3mstE met fields for 2019/07/17 04:30
     - Found all I3     met fields for 2019/07/17 06:00
---> DATE: 2019/07/17  UTC: 03:10
---> DATE: 2019/07/17  UTC: 03:20
---> DATE: 2019/07/17  UTC: 03:30
---> DATE: 2019/07/17  UTC: 03:40
---> DATE: 2019/07/17  UTC: 03:50
---> DATE: 2019/07/17  UTC: 04:00
     - Found all A1     met fields for 2019/07/17 04:30
---> DATE: 2019/07/17  UTC: 04:10
---> DATE: 2019/07/17  UTC: 04:20
---> DATE: 2019/07/17  UTC: 04:30
---> DATE: 2019/07/17  UTC: 04:40
---> DATE: 2019/07/17  UTC: 04:50
---> DATE: 2019/07/17  UTC: 05:00
     - Found all A1     met fields for 2019/07/17 05:30
---> DATE: 2019/07/17  UTC: 05:10
---> DATE: 2019/07/17  UTC: 05:20
---> DATE: 2019/07/17  UTC: 05:30
---> DATE: 2019/07/17  UTC: 05:40
---> DATE: 2019/07/17  UTC: 05:50
---> DATE: 2019/07/17  UTC: 06:00
HEMCO: Opening /projects/b56h/ExtData//HEMCO/OFFLINE_LIGHTNING/v2020-03/MERRA2/2019/FLASH_CTH_MERRA2_0.5x0.625_2019_07.nc4
     - Found all A1     met fields for 2019/07/17 06:30
     - Found all A3cld  met fields for 2019/07/17 07:30
     - Found all A3dyn  met fields for 2019/07/17 07:30
     - Found all A3mstC met fields for 2019/07/17 07:30
     - Found all A3mstE met fields for 2019/07/17 07:30
     - Found all I3     met fields for 2019/07/17 09:00
---> DATE: 2019/07/17  UTC: 06:10
---> DATE: 2019/07/17  UTC: 06:20
---> DATE: 2019/07/17  UTC: 06:30
---> DATE: 2019/07/17  UTC: 06:40
---> DATE: 2019/07/17  UTC: 06:50
---> DATE: 2019/07/17  UTC: 07:00
     - Found all A1     met fields for 2019/07/17 07:30
---> DATE: 2019/07/17  UTC: 07:10
---> DATE: 2019/07/17  UTC: 07:20
---> DATE: 2019/07/17  UTC: 07:30
---> DATE: 2019/07/17  UTC: 07:40
---> DATE: 2019/07/17  UTC: 07:50
---> DATE: 2019/07/17  UTC: 08:00
     - Found all A1     met fields for 2019/07/17 08:30
---> DATE: 2019/07/17  UTC: 08:10
---> DATE: 2019/07/17  UTC: 08:20
---> DATE: 2019/07/17  UTC: 08:30
---> DATE: 2019/07/17  UTC: 08:40
---> DATE: 2019/07/17  UTC: 08:50
---> DATE: 2019/07/17  UTC: 09:00
HEMCO: Opening /projects/b56h/ExtData//HEMCO/OFFLINE_LIGHTNING/v2020-03/MERRA2/2019/FLASH_CTH_MERRA2_0.5x0.625_2019_07.nc4
     - Found all A1     met fields for 2019/07/17 09:30
     - Found all A3cld  met fields for 2019/07/17 10:30
     - Found all A3dyn  met fields for 2019/07/17 10:30
     - Found all A3mstC met fields for 2019/07/17 10:30
     - Found all A3mstE met fields for 2019/07/17 10:30
     - Found all I3     met fields for 2019/07/17 12:00
---> DATE: 2019/07/17  UTC: 09:10
---> DATE: 2019/07/17  UTC: 09:20
---> DATE: 2019/07/17  UTC: 09:30
---> DATE: 2019/07/17  UTC: 09:40
---> DATE: 2019/07/17  UTC: 09:50
---> DATE: 2019/07/17  UTC: 10:00
     - Found all A1     met fields for 2019/07/17 10:30
---> DATE: 2019/07/17  UTC: 10:10
---> DATE: 2019/07/17  UTC: 10:20
---> DATE: 2019/07/17  UTC: 10:30
---> DATE: 2019/07/17  UTC: 10:40
---> DATE: 2019/07/17  UTC: 10:50
---> DATE: 2019/07/17  UTC: 11:00
     - Found all A1     met fields for 2019/07/17 11:30
---> DATE: 2019/07/17  UTC: 11:10
---> DATE: 2019/07/17  UTC: 11:20
---> DATE: 2019/07/17  UTC: 11:30
---> DATE: 2019/07/17  UTC: 11:40
---> DATE: 2019/07/17  UTC: 11:50
---> DATE: 2019/07/17  UTC: 12:00
HEMCO: Opening /projects/b56h/ExtData//HEMCO/OFFLINE_LIGHTNING/v2020-03/MERRA2/2019/FLASH_CTH_MERRA2_0.5x0.625_2019_07.nc4
     - Found all A1     met fields for 2019/07/17 12:30
     - Found all A3cld  met fields for 2019/07/17 13:30
     - Found all A3dyn  met fields for 2019/07/17 13:30
     - Found all A3mstC met fields for 2019/07/17 13:30
     - Found all A3mstE met fields for 2019/07/17 13:30
     - Found all I3     met fields for 2019/07/17 15:00
---> DATE: 2019/07/17  UTC: 12:10
---> DATE: 2019/07/17  UTC: 12:20
---> DATE: 2019/07/17  UTC: 12:30
---> DATE: 2019/07/17  UTC: 12:40
---> DATE: 2019/07/17  UTC: 12:50
---> DATE: 2019/07/17  UTC: 13:00
     - Found all A1     met fields for 2019/07/17 13:30
---> DATE: 2019/07/17  UTC: 13:10
---> DATE: 2019/07/17  UTC: 13:20
---> DATE: 2019/07/17  UTC: 13:30
---> DATE: 2019/07/17  UTC: 13:40
---> DATE: 2019/07/17  UTC: 13:50
---> DATE: 2019/07/17  UTC: 14:00
     - Found all A1     met fields for 2019/07/17 14:30
---> DATE: 2019/07/17  UTC: 14:10
---> DATE: 2019/07/17  UTC: 14:20
---> DATE: 2019/07/17  UTC: 14:30
---> DATE: 2019/07/17  UTC: 14:40
---> DATE: 2019/07/17  UTC: 14:50
---> DATE: 2019/07/17  UTC: 15:00
HEMCO: Opening /projects/b56h/ExtData//HEMCO/OFFLINE_LIGHTNING/v2020-03/MERRA2/2019/FLASH_CTH_MERRA2_0.5x0.625_2019_07.nc4
     - Found all A1     met fields for 2019/07/17 15:30
     - Found all A3cld  met fields for 2019/07/17 16:30
     - Found all A3dyn  met fields for 2019/07/17 16:30
     - Found all A3mstC met fields for 2019/07/17 16:30
     - Found all A3mstE met fields for 2019/07/17 16:30
     - Found all I3     met fields for 2019/07/17 18:00
---> DATE: 2019/07/17  UTC: 15:10
---> DATE: 2019/07/17  UTC: 15:20
---> DATE: 2019/07/17  UTC: 15:30
---> DATE: 2019/07/17  UTC: 15:40
---> DATE: 2019/07/17  UTC: 15:50
---> DATE: 2019/07/17  UTC: 16:00
     - Found all A1     met fields for 2019/07/17 16:30
---> DATE: 2019/07/17  UTC: 16:10
---> DATE: 2019/07/17  UTC: 16:20
---> DATE: 2019/07/17  UTC: 16:30
---> DATE: 2019/07/17  UTC: 16:40
---> DATE: 2019/07/17  UTC: 16:50
---> DATE: 2019/07/17  UTC: 17:00
     - Found all A1     met fields for 2019/07/17 17:30
---> DATE: 2019/07/17  UTC: 17:10
---> DATE: 2019/07/17  UTC: 17:20
---> DATE: 2019/07/17  UTC: 17:30
---> DATE: 2019/07/17  UTC: 17:40
---> DATE: 2019/07/17  UTC: 17:50
---> DATE: 2019/07/17  UTC: 18:00
HEMCO: Opening /projects/b56h/ExtData//HEMCO/OFFLINE_LIGHTNING/v2020-03/MERRA2/2019/FLASH_CTH_MERRA2_0.5x0.625_2019_07.nc4
     - Found all A1     met fields for 2019/07/17 18:30
     - Found all A3cld  met fields for 2019/07/17 19:30
     - Found all A3dyn  met fields for 2019/07/17 19:30
     - Found all A3mstC met fields for 2019/07/17 19:30
     - Found all A3mstE met fields for 2019/07/17 19:30
     - Found all I3     met fields for 2019/07/17 21:00
---> DATE: 2019/07/17  UTC: 18:10
---> DATE: 2019/07/17  UTC: 18:20
---> DATE: 2019/07/17  UTC: 18:30
---> DATE: 2019/07/17  UTC: 18:40
---> DATE: 2019/07/17  UTC: 18:50
---> DATE: 2019/07/17  UTC: 19:00
     - Found all A1     met fields for 2019/07/17 19:30
---> DATE: 2019/07/17  UTC: 19:10
---> DATE: 2019/07/17  UTC: 19:20
---> DATE: 2019/07/17  UTC: 19:30
---> DATE: 2019/07/17  UTC: 19:40
---> DATE: 2019/07/17  UTC: 19:50
---> DATE: 2019/07/17  UTC: 20:00
     - Found all A1     met fields for 2019/07/17 20:30
---> DATE: 2019/07/17  UTC: 20:10
---> DATE: 2019/07/17  UTC: 20:20
---> DATE: 2019/07/17  UTC: 20:30
---> DATE: 2019/07/17  UTC: 20:40
---> DATE: 2019/07/17  UTC: 20:50
---> DATE: 2019/07/17  UTC: 21:00
HEMCO: Opening /projects/b56h/ExtData//HEMCO/OFFLINE_LIGHTNING/v2020-03/MERRA2/2019/FLASH_CTH_MERRA2_0.5x0.625_2019_07.nc4
     - Found all A1     met fields for 2019/07/17 21:30
     - Found all A3cld  met fields for 2019/07/17 22:30
     - Found all A3dyn  met fields for 2019/07/17 22:30
     - Found all A3mstC met fields for 2019/07/17 22:30
     - Found all A3mstE met fields for 2019/07/17 22:30
     - Found all I3     met fields for 2019/07/18 00:00
---> DATE: 2019/07/17  UTC: 21:10
---> DATE: 2019/07/17  UTC: 21:20
---> DATE: 2019/07/17  UTC: 21:30
---> DATE: 2019/07/17  UTC: 21:40
---> DATE: 2019/07/17  UTC: 21:50
---> DATE: 2019/07/17  UTC: 22:00
     - Found all A1     met fields for 2019/07/17 22:30
---> DATE: 2019/07/17  UTC: 22:10
---> DATE: 2019/07/17  UTC: 22:20
---> DATE: 2019/07/17  UTC: 22:30
---> DATE: 2019/07/17  UTC: 22:40
---> DATE: 2019/07/17  UTC: 22:50
---> DATE: 2019/07/17  UTC: 23:00
     - Found all A1     met fields for 2019/07/17 23:30
---> DATE: 2019/07/17  UTC: 23:10
---> DATE: 2019/07/17  UTC: 23:20
---> DATE: 2019/07/17  UTC: 23:30
---> DATE: 2019/07/17  UTC: 23:40
---> DATE: 2019/07/17  UTC: 23:50
---> DATE: 2019/07/18  UTC: 00:00
HEMCO: Opening /projects/b56h/ExtData//HEMCO/OFFLINE_DUST/v2025-03/0.5x0.625/MERRA2/2019/07/dust_emissions_05.MERRA2.20190718.nc
HEMCO: Opening /projects/b56h/ExtData//HEMCO/OFFLINE_BIOVOC/v2021-12/0.5x0.625/2019/07/biovoc_05.20190718.nc
HEMCO: Opening /projects/b56h/ExtData//HEMCO/OFFLINE_SEASALT/v2019-01/0.5x0.625/2019/07/seasalt_05.20190718.nc
HEMCO: Opening /projects/b56h/ExtData//HEMCO/OFFLINE_SOILNOX/v2021-12/0.5x0.625/2019/07/soilnox_05.20190718.nc
HEMCO: Opening /projects/b56h/ExtData//GEOS_4x5/MERRA2/2019/07/MERRA2.20190718.A1.4x5.nc4
HEMCO: Opening /projects/b56h/ExtData//GEOS_4x5/MERRA2/2019/07/MERRA2.20190718.A3cld.4x5.nc4
HEMCO: Opening /projects/b56h/ExtData//GEOS_4x5/MERRA2/2019/07/MERRA2.20190718.A3dyn.4x5.nc4
HEMCO: Opening /projects/b56h/ExtData//GEOS_4x5/MERRA2/2019/07/MERRA2.20190718.A3mstC.4x5.nc4
HEMCO: Opening /projects/b56h/ExtData//GEOS_4x5/MERRA2/2019/07/MERRA2.20190718.A3mstE.4x5.nc4
HEMCO: Opening /projects/b56h/ExtData//GEOS_4x5/MERRA2/2019/07/MERRA2.20190718.I3.4x5.nc4
HEMCO: Opening /projects/b56h/ExtData//GEOS_4x5/MERRA2/2019/07/MERRA2.20190719.I3.4x5.nc4
HEMCO: Opening /projects/b56h/ExtData//HEMCO/Yuan_XLAI/v2021-06/Yuan_proc_MODIS_XLAI.025x025.2019.nc
HEMCO: Opening /projects/b56h/ExtData//HEMCO/OFFLINE_LIGHTNING/v2020-03/MERRA2/2019/FLASH_CTH_MERRA2_0.5x0.625_2019_07.nc4
     - Found all A1     met fields for 2019/07/18 00:30
     - Found all A3cld  met fields for 2019/07/18 01:30
     - Found all A3dyn  met fields for 2019/07/18 01:30
     - Found all A3mstC met fields for 2019/07/18 01:30
     - Found all A3mstE met fields for 2019/07/18 01:30
     - Found all I3     met fields for 2019/07/18 03:00
HEMCO (VOLCANO): Opening /projects/b56h/ExtData//HEMCO/VOLCANO/v2024-04/2019/07/so2_volcanic_emissions_Carns.20190718.rc
---> DATE: 2019/07/18  UTC: 00:10
---> DATE: 2019/07/18  UTC: 00:20
---> DATE: 2019/07/18  UTC: 00:30
---> DATE: 2019/07/18  UTC: 00:40
---> DATE: 2019/07/18  UTC: 00:50
---> DATE: 2019/07/18  UTC: 01:00
     - Found all A1     met fields for 2019/07/18 01:30
---> DATE: 2019/07/18  UTC: 01:10
---> DATE: 2019/07/18  UTC: 01:20
---> DATE: 2019/07/18  UTC: 01:30
---> DATE: 2019/07/18  UTC: 01:40
---> DATE: 2019/07/18  UTC: 01:50
---> DATE: 2019/07/18  UTC: 02:00
     - Found all A1     met fields for 2019/07/18 02:30
---> DATE: 2019/07/18  UTC: 02:10
---> DATE: 2019/07/18  UTC: 02:20
---> DATE: 2019/07/18  UTC: 02:30
---> DATE: 2019/07/18  UTC: 02:40
---> DATE: 2019/07/18  UTC: 02:50
---> DATE: 2019/07/18  UTC: 03:00
HEMCO: Opening /projects/b56h/ExtData//HEMCO/OFFLINE_LIGHTNING/v2020-03/MERRA2/2019/FLASH_CTH_MERRA2_0.5x0.625_2019_07.nc4
     - Found all A1     met fields for 2019/07/18 03:30
     - Found all A3cld  met fields for 2019/07/18 04:30
     - Found all A3dyn  met fields for 2019/07/18 04:30
     - Found all A3mstC met fields for 2019/07/18 04:30
     - Found all A3mstE met fields for 2019/07/18 04:30
     - Found all I3     met fields for 2019/07/18 06:00
---> DATE: 2019/07/18  UTC: 03:10
---> DATE: 2019/07/18  UTC: 03:20
---> DATE: 2019/07/18  UTC: 03:30
---> DATE: 2019/07/18  UTC: 03:40
---> DATE: 2019/07/18  UTC: 03:50
---> DATE: 2019/07/18  UTC: 04:00
     - Found all A1     met fields for 2019/07/18 04:30
---> DATE: 2019/07/18  UTC: 04:10
---> DATE: 2019/07/18  UTC: 04:20
---> DATE: 2019/07/18  UTC: 04:30
---> DATE: 2019/07/18  UTC: 04:40
---> DATE: 2019/07/18  UTC: 04:50
---> DATE: 2019/07/18  UTC: 05:00
     - Found all A1     met fields for 2019/07/18 05:30
---> DATE: 2019/07/18  UTC: 05:10
---> DATE: 2019/07/18  UTC: 05:20
---> DATE: 2019/07/18  UTC: 05:30
---> DATE: 2019/07/18  UTC: 05:40
---> DATE: 2019/07/18  UTC: 05:50
---> DATE: 2019/07/18  UTC: 06:00
HEMCO: Opening /projects/b56h/ExtData//HEMCO/OFFLINE_LIGHTNING/v2020-03/MERRA2/2019/FLASH_CTH_MERRA2_0.5x0.625_2019_07.nc4
     - Found all A1     met fields for 2019/07/18 06:30
     - Found all A3cld  met fields for 2019/07/18 07:30
     - Found all A3dyn  met fields for 2019/07/18 07:30
     - Found all A3mstC met fields for 2019/07/18 07:30
     - Found all A3mstE met fields for 2019/07/18 07:30
     - Found all I3     met fields for 2019/07/18 09:00
---> DATE: 2019/07/18  UTC: 06:10
---> DATE: 2019/07/18  UTC: 06:20
---> DATE: 2019/07/18  UTC: 06:30
---> DATE: 2019/07/18  UTC: 06:40
---> DATE: 2019/07/18  UTC: 06:50
---> DATE: 2019/07/18  UTC: 07:00
     - Found all A1     met fields for 2019/07/18 07:30
---> DATE: 2019/07/18  UTC: 07:10
---> DATE: 2019/07/18  UTC: 07:20
---> DATE: 2019/07/18  UTC: 07:30
---> DATE: 2019/07/18  UTC: 07:40
---> DATE: 2019/07/18  UTC: 07:50
---> DATE: 2019/07/18  UTC: 08:00
     - Found all A1     met fields for 2019/07/18 08:30
---> DATE: 2019/07/18  UTC: 08:10
---> DATE: 2019/07/18  UTC: 08:20
---> DATE: 2019/07/18  UTC: 08:30
---> DATE: 2019/07/18  UTC: 08:40
---> DATE: 2019/07/18  UTC: 08:50
---> DATE: 2019/07/18  UTC: 09:00
HEMCO: Opening /projects/b56h/ExtData//HEMCO/OFFLINE_LIGHTNING/v2020-03/MERRA2/2019/FLASH_CTH_MERRA2_0.5x0.625_2019_07.nc4
     - Found all A1     met fields for 2019/07/18 09:30
     - Found all A3cld  met fields for 2019/07/18 10:30
     - Found all A3dyn  met fields for 2019/07/18 10:30
     - Found all A3mstC met fields for 2019/07/18 10:30
     - Found all A3mstE met fields for 2019/07/18 10:30
     - Found all I3     met fields for 2019/07/18 12:00
---> DATE: 2019/07/18  UTC: 09:10
---> DATE: 2019/07/18  UTC: 09:20
---> DATE: 2019/07/18  UTC: 09:30
---> DATE: 2019/07/18  UTC: 09:40
---> DATE: 2019/07/18  UTC: 09:50
---> DATE: 2019/07/18  UTC: 10:00
     - Found all A1     met fields for 2019/07/18 10:30
---> DATE: 2019/07/18  UTC: 10:10
---> DATE: 2019/07/18  UTC: 10:20
---> DATE: 2019/07/18  UTC: 10:30
---> DATE: 2019/07/18  UTC: 10:40
---> DATE: 2019/07/18  UTC: 10:50
---> DATE: 2019/07/18  UTC: 11:00
     - Found all A1     met fields for 2019/07/18 11:30
---> DATE: 2019/07/18  UTC: 11:10
---> DATE: 2019/07/18  UTC: 11:20
---> DATE: 2019/07/18  UTC: 11:30
---> DATE: 2019/07/18  UTC: 11:40
---> DATE: 2019/07/18  UTC: 11:50
---> DATE: 2019/07/18  UTC: 12:00
HEMCO: Opening /projects/b56h/ExtData//HEMCO/OFFLINE_LIGHTNING/v2020-03/MERRA2/2019/FLASH_CTH_MERRA2_0.5x0.625_2019_07.nc4
     - Found all A1     met fields for 2019/07/18 12:30
     - Found all A3cld  met fields for 2019/07/18 13:30
     - Found all A3dyn  met fields for 2019/07/18 13:30
     - Found all A3mstC met fields for 2019/07/18 13:30
     - Found all A3mstE met fields for 2019/07/18 13:30
     - Found all I3     met fields for 2019/07/18 15:00
---> DATE: 2019/07/18  UTC: 12:10
---> DATE: 2019/07/18  UTC: 12:20
---> DATE: 2019/07/18  UTC: 12:30
---> DATE: 2019/07/18  UTC: 12:40
---> DATE: 2019/07/18  UTC: 12:50
---> DATE: 2019/07/18  UTC: 13:00
     - Found all A1     met fields for 2019/07/18 13:30
---> DATE: 2019/07/18  UTC: 13:10
---> DATE: 2019/07/18  UTC: 13:20
---> DATE: 2019/07/18  UTC: 13:30
---> DATE: 2019/07/18  UTC: 13:40
---> DATE: 2019/07/18  UTC: 13:50
---> DATE: 2019/07/18  UTC: 14:00
     - Found all A1     met fields for 2019/07/18 14:30
---> DATE: 2019/07/18  UTC: 14:10
---> DATE: 2019/07/18  UTC: 14:20
---> DATE: 2019/07/18  UTC: 14:30
---> DATE: 2019/07/18  UTC: 14:40
---> DATE: 2019/07/18  UTC: 14:50
---> DATE: 2019/07/18  UTC: 15:00
HEMCO: Opening /projects/b56h/ExtData//HEMCO/OFFLINE_LIGHTNING/v2020-03/MERRA2/2019/FLASH_CTH_MERRA2_0.5x0.625_2019_07.nc4
     - Found all A1     met fields for 2019/07/18 15:30
     - Found all A3cld  met fields for 2019/07/18 16:30
     - Found all A3dyn  met fields for 2019/07/18 16:30
     - Found all A3mstC met fields for 2019/07/18 16:30
     - Found all A3mstE met fields for 2019/07/18 16:30
     - Found all I3     met fields for 2019/07/18 18:00
---> DATE: 2019/07/18  UTC: 15:10
---> DATE: 2019/07/18  UTC: 15:20
---> DATE: 2019/07/18  UTC: 15:30
---> DATE: 2019/07/18  UTC: 15:40
---> DATE: 2019/07/18  UTC: 15:50
---> DATE: 2019/07/18  UTC: 16:00
     - Found all A1     met fields for 2019/07/18 16:30
---> DATE: 2019/07/18  UTC: 16:10
---> DATE: 2019/07/18  UTC: 16:20
---> DATE: 2019/07/18  UTC: 16:30
---> DATE: 2019/07/18  UTC: 16:40
---> DATE: 2019/07/18  UTC: 16:50
---> DATE: 2019/07/18  UTC: 17:00
     - Found all A1     met fields for 2019/07/18 17:30
---> DATE: 2019/07/18  UTC: 17:10
---> DATE: 2019/07/18  UTC: 17:20
---> DATE: 2019/07/18  UTC: 17:30
---> DATE: 2019/07/18  UTC: 17:40
---> DATE: 2019/07/18  UTC: 17:50
---> DATE: 2019/07/18  UTC: 18:00
HEMCO: Opening /projects/b56h/ExtData//HEMCO/OFFLINE_LIGHTNING/v2020-03/MERRA2/2019/FLASH_CTH_MERRA2_0.5x0.625_2019_07.nc4
     - Found all A1     met fields for 2019/07/18 18:30
     - Found all A3cld  met fields for 2019/07/18 19:30
     - Found all A3dyn  met fields for 2019/07/18 19:30
     - Found all A3mstC met fields for 2019/07/18 19:30
     - Found all A3mstE met fields for 2019/07/18 19:30
     - Found all I3     met fields for 2019/07/18 21:00
---> DATE: 2019/07/18  UTC: 18:10
---> DATE: 2019/07/18  UTC: 18:20
---> DATE: 2019/07/18  UTC: 18:30
---> DATE: 2019/07/18  UTC: 18:40
---> DATE: 2019/07/18  UTC: 18:50
---> DATE: 2019/07/18  UTC: 19:00
     - Found all A1     met fields for 2019/07/18 19:30
---> DATE: 2019/07/18  UTC: 19:10
---> DATE: 2019/07/18  UTC: 19:20
---> DATE: 2019/07/18  UTC: 19:30
---> DATE: 2019/07/18  UTC: 19:40
---> DATE: 2019/07/18  UTC: 19:50
---> DATE: 2019/07/18  UTC: 20:00
     - Found all A1     met fields for 2019/07/18 20:30
---> DATE: 2019/07/18  UTC: 20:10
---> DATE: 2019/07/18  UTC: 20:20
---> DATE: 2019/07/18  UTC: 20:30
---> DATE: 2019/07/18  UTC: 20:40
---> DATE: 2019/07/18  UTC: 20:50
---> DATE: 2019/07/18  UTC: 21:00
HEMCO: Opening /projects/b56h/ExtData//HEMCO/OFFLINE_LIGHTNING/v2020-03/MERRA2/2019/FLASH_CTH_MERRA2_0.5x0.625_2019_07.nc4
     - Found all A1     met fields for 2019/07/18 21:30
     - Found all A3cld  met fields for 2019/07/18 22:30
     - Found all A3dyn  met fields for 2019/07/18 22:30
     - Found all A3mstC met fields for 2019/07/18 22:30
     - Found all A3mstE met fields for 2019/07/18 22:30
     - Found all I3     met fields for 2019/07/19 00:00
---> DATE: 2019/07/18  UTC: 21:10
---> DATE: 2019/07/18  UTC: 21:20
---> DATE: 2019/07/18  UTC: 21:30
---> DATE: 2019/07/18  UTC: 21:40
---> DATE: 2019/07/18  UTC: 21:50
---> DATE: 2019/07/18  UTC: 22:00
     - Found all A1     met fields for 2019/07/18 22:30
---> DATE: 2019/07/18  UTC: 22:10
---> DATE: 2019/07/18  UTC: 22:20
---> DATE: 2019/07/18  UTC: 22:30
---> DATE: 2019/07/18  UTC: 22:40
---> DATE: 2019/07/18  UTC: 22:50
---> DATE: 2019/07/18  UTC: 23:00
     - Found all A1     met fields for 2019/07/18 23:30
---> DATE: 2019/07/18  UTC: 23:10
---> DATE: 2019/07/18  UTC: 23:20
---> DATE: 2019/07/18  UTC: 23:30
---> DATE: 2019/07/18  UTC: 23:40
---> DATE: 2019/07/18  UTC: 23:50
---> DATE: 2019/07/19  UTC: 00:00
HEMCO: Opening /projects/b56h/ExtData//HEMCO/OFFLINE_DUST/v2025-03/0.5x0.625/MERRA2/2019/07/dust_emissions_05.MERRA2.20190719.nc
HEMCO: Opening /projects/b56h/ExtData//HEMCO/OFFLINE_BIOVOC/v2021-12/0.5x0.625/2019/07/biovoc_05.20190719.nc
HEMCO: Opening /projects/b56h/ExtData//HEMCO/OFFLINE_SEASALT/v2019-01/0.5x0.625/2019/07/seasalt_05.20190719.nc
HEMCO: Opening /projects/b56h/ExtData//HEMCO/OFFLINE_SOILNOX/v2021-12/0.5x0.625/2019/07/soilnox_05.20190719.nc
HEMCO: Opening /projects/b56h/ExtData//GEOS_4x5/MERRA2/2019/07/MERRA2.20190719.A1.4x5.nc4
HEMCO: Opening /projects/b56h/ExtData//GEOS_4x5/MERRA2/2019/07/MERRA2.20190719.A3cld.4x5.nc4
HEMCO: Opening /projects/b56h/ExtData//GEOS_4x5/MERRA2/2019/07/MERRA2.20190719.A3dyn.4x5.nc4
HEMCO: Opening /projects/b56h/ExtData//GEOS_4x5/MERRA2/2019/07/MERRA2.20190719.A3mstC.4x5.nc4
HEMCO: Opening /projects/b56h/ExtData//GEOS_4x5/MERRA2/2019/07/MERRA2.20190719.A3mstE.4x5.nc4
HEMCO: Opening /projects/b56h/ExtData//GEOS_4x5/MERRA2/2019/07/MERRA2.20190719.I3.4x5.nc4
HEMCO: Opening /projects/b56h/ExtData//GEOS_4x5/MERRA2/2019/07/MERRA2.20190720.I3.4x5.nc4
HEMCO: Opening /projects/b56h/ExtData//HEMCO/Yuan_XLAI/v2021-06/Yuan_proc_MODIS_XLAI.025x025.2019.nc
HEMCO: Opening /projects/b56h/ExtData//HEMCO/OFFLINE_LIGHTNING/v2020-03/MERRA2/2019/FLASH_CTH_MERRA2_0.5x0.625_2019_07.nc4
     - Found all A1     met fields for 2019/07/19 00:30
     - Found all A3cld  met fields for 2019/07/19 01:30
     - Found all A3dyn  met fields for 2019/07/19 01:30
     - Found all A3mstC met fields for 2019/07/19 01:30
     - Found all A3mstE met fields for 2019/07/19 01:30
     - Found all I3     met fields for 2019/07/19 03:00
HEMCO (VOLCANO): Opening /projects/b56h/ExtData//HEMCO/VOLCANO/v2024-04/2019/07/so2_volcanic_emissions_Carns.20190719.rc
---> DATE: 2019/07/19  UTC: 00:10
---> DATE: 2019/07/19  UTC: 00:20
---> DATE: 2019/07/19  UTC: 00:30
---> DATE: 2019/07/19  UTC: 00:40
---> DATE: 2019/07/19  UTC: 00:50
---> DATE: 2019/07/19  UTC: 01:00
     - Found all A1     met fields for 2019/07/19 01:30
---> DATE: 2019/07/19  UTC: 01:10
---> DATE: 2019/07/19  UTC: 01:20
---> DATE: 2019/07/19  UTC: 01:30
---> DATE: 2019/07/19  UTC: 01:40
---> DATE: 2019/07/19  UTC: 01:50
---> DATE: 2019/07/19  UTC: 02:00
     - Found all A1     met fields for 2019/07/19 02:30
---> DATE: 2019/07/19  UTC: 02:10
---> DATE: 2019/07/19  UTC: 02:20
---> DATE: 2019/07/19  UTC: 02:30
---> DATE: 2019/07/19  UTC: 02:40
---> DATE: 2019/07/19  UTC: 02:50
---> DATE: 2019/07/19  UTC: 03:00
HEMCO: Opening /projects/b56h/ExtData//HEMCO/OFFLINE_LIGHTNING/v2020-03/MERRA2/2019/FLASH_CTH_MERRA2_0.5x0.625_2019_07.nc4
     - Found all A1     met fields for 2019/07/19 03:30
     - Found all A3cld  met fields for 2019/07/19 04:30
     - Found all A3dyn  met fields for 2019/07/19 04:30
     - Found all A3mstC met fields for 2019/07/19 04:30
     - Found all A3mstE met fields for 2019/07/19 04:30
     - Found all I3     met fields for 2019/07/19 06:00
---> DATE: 2019/07/19  UTC: 03:10
---> DATE: 2019/07/19  UTC: 03:20
---> DATE: 2019/07/19  UTC: 03:30
---> DATE: 2019/07/19  UTC: 03:40
---> DATE: 2019/07/19  UTC: 03:50
---> DATE: 2019/07/19  UTC: 04:00
     - Found all A1     met fields for 2019/07/19 04:30
---> DATE: 2019/07/19  UTC: 04:10
---> DATE: 2019/07/19  UTC: 04:20
---> DATE: 2019/07/19  UTC: 04:30
---> DATE: 2019/07/19  UTC: 04:40
---> DATE: 2019/07/19  UTC: 04:50
---> DATE: 2019/07/19  UTC: 05:00
     - Found all A1     met fields for 2019/07/19 05:30
---> DATE: 2019/07/19  UTC: 05:10
---> DATE: 2019/07/19  UTC: 05:20
---> DATE: 2019/07/19  UTC: 05:30
---> DATE: 2019/07/19  UTC: 05:40
---> DATE: 2019/07/19  UTC: 05:50
---> DATE: 2019/07/19  UTC: 06:00
HEMCO: Opening /projects/b56h/ExtData//HEMCO/OFFLINE_LIGHTNING/v2020-03/MERRA2/2019/FLASH_CTH_MERRA2_0.5x0.625_2019_07.nc4
     - Found all A1     met fields for 2019/07/19 06:30
     - Found all A3cld  met fields for 2019/07/19 07:30
     - Found all A3dyn  met fields for 2019/07/19 07:30
     - Found all A3mstC met fields for 2019/07/19 07:30
     - Found all A3mstE met fields for 2019/07/19 07:30
     - Found all I3     met fields for 2019/07/19 09:00
---> DATE: 2019/07/19  UTC: 06:10
---> DATE: 2019/07/19  UTC: 06:20
---> DATE: 2019/07/19  UTC: 06:30
---> DATE: 2019/07/19  UTC: 06:40
---> DATE: 2019/07/19  UTC: 06:50
---> DATE: 2019/07/19  UTC: 07:00
     - Found all A1     met fields for 2019/07/19 07:30
---> DATE: 2019/07/19  UTC: 07:10
---> DATE: 2019/07/19  UTC: 07:20
---> DATE: 2019/07/19  UTC: 07:30
---> DATE: 2019/07/19  UTC: 07:40
---> DATE: 2019/07/19  UTC: 07:50
---> DATE: 2019/07/19  UTC: 08:00
     - Found all A1     met fields for 2019/07/19 08:30
---> DATE: 2019/07/19  UTC: 08:10
---> DATE: 2019/07/19  UTC: 08:20
---> DATE: 2019/07/19  UTC: 08:30
---> DATE: 2019/07/19  UTC: 08:40
---> DATE: 2019/07/19  UTC: 08:50
---> DATE: 2019/07/19  UTC: 09:00
HEMCO: Opening /projects/b56h/ExtData//HEMCO/OFFLINE_LIGHTNING/v2020-03/MERRA2/2019/FLASH_CTH_MERRA2_0.5x0.625_2019_07.nc4
     - Found all A1     met fields for 2019/07/19 09:30
     - Found all A3cld  met fields for 2019/07/19 10:30
     - Found all A3dyn  met fields for 2019/07/19 10:30
     - Found all A3mstC met fields for 2019/07/19 10:30
     - Found all A3mstE met fields for 2019/07/19 10:30
     - Found all I3     met fields for 2019/07/19 12:00
---> DATE: 2019/07/19  UTC: 09:10
---> DATE: 2019/07/19  UTC: 09:20
---> DATE: 2019/07/19  UTC: 09:30
---> DATE: 2019/07/19  UTC: 09:40
---> DATE: 2019/07/19  UTC: 09:50
---> DATE: 2019/07/19  UTC: 10:00
     - Found all A1     met fields for 2019/07/19 10:30
---> DATE: 2019/07/19  UTC: 10:10
---> DATE: 2019/07/19  UTC: 10:20
---> DATE: 2019/07/19  UTC: 10:30
---> DATE: 2019/07/19  UTC: 10:40
---> DATE: 2019/07/19  UTC: 10:50
---> DATE: 2019/07/19  UTC: 11:00
     - Found all A1     met fields for 2019/07/19 11:30
---> DATE: 2019/07/19  UTC: 11:10
---> DATE: 2019/07/19  UTC: 11:20
---> DATE: 2019/07/19  UTC: 11:30
---> DATE: 2019/07/19  UTC: 11:40
---> DATE: 2019/07/19  UTC: 11:50
---> DATE: 2019/07/19  UTC: 12:00
HEMCO: Opening /projects/b56h/ExtData//HEMCO/OFFLINE_LIGHTNING/v2020-03/MERRA2/2019/FLASH_CTH_MERRA2_0.5x0.625_2019_07.nc4
     - Found all A1     met fields for 2019/07/19 12:30
     - Found all A3cld  met fields for 2019/07/19 13:30
     - Found all A3dyn  met fields for 2019/07/19 13:30
     - Found all A3mstC met fields for 2019/07/19 13:30
     - Found all A3mstE met fields for 2019/07/19 13:30
     - Found all I3     met fields for 2019/07/19 15:00
---> DATE: 2019/07/19  UTC: 12:10
---> DATE: 2019/07/19  UTC: 12:20
---> DATE: 2019/07/19  UTC: 12:30
---> DATE: 2019/07/19  UTC: 12:40
---> DATE: 2019/07/19  UTC: 12:50
---> DATE: 2019/07/19  UTC: 13:00
     - Found all A1     met fields for 2019/07/19 13:30
---> DATE: 2019/07/19  UTC: 13:10
---> DATE: 2019/07/19  UTC: 13:20
---> DATE: 2019/07/19  UTC: 13:30
---> DATE: 2019/07/19  UTC: 13:40
---> DATE: 2019/07/19  UTC: 13:50
---> DATE: 2019/07/19  UTC: 14:00
     - Found all A1     met fields for 2019/07/19 14:30
---> DATE: 2019/07/19  UTC: 14:10
---> DATE: 2019/07/19  UTC: 14:20
---> DATE: 2019/07/19  UTC: 14:30
---> DATE: 2019/07/19  UTC: 14:40
---> DATE: 2019/07/19  UTC: 14:50
---> DATE: 2019/07/19  UTC: 15:00
HEMCO: Opening /projects/b56h/ExtData//HEMCO/OFFLINE_LIGHTNING/v2020-03/MERRA2/2019/FLASH_CTH_MERRA2_0.5x0.625_2019_07.nc4
     - Found all A1     met fields for 2019/07/19 15:30
     - Found all A3cld  met fields for 2019/07/19 16:30
     - Found all A3dyn  met fields for 2019/07/19 16:30
     - Found all A3mstC met fields for 2019/07/19 16:30
     - Found all A3mstE met fields for 2019/07/19 16:30
     - Found all I3     met fields for 2019/07/19 18:00
---> DATE: 2019/07/19  UTC: 15:10
---> DATE: 2019/07/19  UTC: 15:20
---> DATE: 2019/07/19  UTC: 15:30
---> DATE: 2019/07/19  UTC: 15:40
---> DATE: 2019/07/19  UTC: 15:50
---> DATE: 2019/07/19  UTC: 16:00
     - Found all A1     met fields for 2019/07/19 16:30
---> DATE: 2019/07/19  UTC: 16:10
---> DATE: 2019/07/19  UTC: 16:20
---> DATE: 2019/07/19  UTC: 16:30
---> DATE: 2019/07/19  UTC: 16:40
---> DATE: 2019/07/19  UTC: 16:50
---> DATE: 2019/07/19  UTC: 17:00
     - Found all A1     met fields for 2019/07/19 17:30
---> DATE: 2019/07/19  UTC: 17:10
---> DATE: 2019/07/19  UTC: 17:20
---> DATE: 2019/07/19  UTC: 17:30
---> DATE: 2019/07/19  UTC: 17:40
---> DATE: 2019/07/19  UTC: 17:50
---> DATE: 2019/07/19  UTC: 18:00
HEMCO: Opening /projects/b56h/ExtData//HEMCO/OFFLINE_LIGHTNING/v2020-03/MERRA2/2019/FLASH_CTH_MERRA2_0.5x0.625_2019_07.nc4
     - Found all A1     met fields for 2019/07/19 18:30
     - Found all A3cld  met fields for 2019/07/19 19:30
     - Found all A3dyn  met fields for 2019/07/19 19:30
     - Found all A3mstC met fields for 2019/07/19 19:30
     - Found all A3mstE met fields for 2019/07/19 19:30
     - Found all I3     met fields for 2019/07/19 21:00
---> DATE: 2019/07/19  UTC: 18:10
---> DATE: 2019/07/19  UTC: 18:20
---> DATE: 2019/07/19  UTC: 18:30
---> DATE: 2019/07/19  UTC: 18:40
---> DATE: 2019/07/19  UTC: 18:50
---> DATE: 2019/07/19  UTC: 19:00
     - Found all A1     met fields for 2019/07/19 19:30
---> DATE: 2019/07/19  UTC: 19:10
---> DATE: 2019/07/19  UTC: 19:20
---> DATE: 2019/07/19  UTC: 19:30
---> DATE: 2019/07/19  UTC: 19:40
---> DATE: 2019/07/19  UTC: 19:50
---> DATE: 2019/07/19  UTC: 20:00
     - Found all A1     met fields for 2019/07/19 20:30
---> DATE: 2019/07/19  UTC: 20:10
---> DATE: 2019/07/19  UTC: 20:20
---> DATE: 2019/07/19  UTC: 20:30
---> DATE: 2019/07/19  UTC: 20:40
---> DATE: 2019/07/19  UTC: 20:50
---> DATE: 2019/07/19  UTC: 21:00
HEMCO: Opening /projects/b56h/ExtData//HEMCO/OFFLINE_LIGHTNING/v2020-03/MERRA2/2019/FLASH_CTH_MERRA2_0.5x0.625_2019_07.nc4
     - Found all A1     met fields for 2019/07/19 21:30
     - Found all A3cld  met fields for 2019/07/19 22:30
     - Found all A3dyn  met fields for 2019/07/19 22:30
     - Found all A3mstC met fields for 2019/07/19 22:30
     - Found all A3mstE met fields for 2019/07/19 22:30
     - Found all I3     met fields for 2019/07/20 00:00
---> DATE: 2019/07/19  UTC: 21:10
---> DATE: 2019/07/19  UTC: 21:20
---> DATE: 2019/07/19  UTC: 21:30
---> DATE: 2019/07/19  UTC: 21:40
---> DATE: 2019/07/19  UTC: 21:50
---> DATE: 2019/07/19  UTC: 22:00
     - Found all A1     met fields for 2019/07/19 22:30
---> DATE: 2019/07/19  UTC: 22:10
---> DATE: 2019/07/19  UTC: 22:20
---> DATE: 2019/07/19  UTC: 22:30
---> DATE: 2019/07/19  UTC: 22:40
---> DATE: 2019/07/19  UTC: 22:50
---> DATE: 2019/07/19  UTC: 23:00
     - Found all A1     met fields for 2019/07/19 23:30
---> DATE: 2019/07/19  UTC: 23:10
---> DATE: 2019/07/19  UTC: 23:20
---> DATE: 2019/07/19  UTC: 23:30
---> DATE: 2019/07/19  UTC: 23:40
---> DATE: 2019/07/19  UTC: 23:50
---> DATE: 2019/07/20  UTC: 00:00
HEMCO: Opening /projects/b56h/ExtData//HEMCO/OFFLINE_DUST/v2025-03/0.5x0.625/MERRA2/2019/07/dust_emissions_05.MERRA2.20190720.nc
HEMCO: Opening /projects/b56h/ExtData//HEMCO/OFFLINE_BIOVOC/v2021-12/0.5x0.625/2019/07/biovoc_05.20190720.nc
HEMCO: Opening /projects/b56h/ExtData//HEMCO/OFFLINE_SEASALT/v2019-01/0.5x0.625/2019/07/seasalt_05.20190720.nc
HEMCO: Opening /projects/b56h/ExtData//HEMCO/OFFLINE_SOILNOX/v2021-12/0.5x0.625/2019/07/soilnox_05.20190720.nc
HEMCO: Opening /projects/b56h/ExtData//GEOS_4x5/MERRA2/2019/07/MERRA2.20190720.A1.4x5.nc4
HEMCO: Opening /projects/b56h/ExtData//GEOS_4x5/MERRA2/2019/07/MERRA2.20190720.A3cld.4x5.nc4
HEMCO: Opening /projects/b56h/ExtData//GEOS_4x5/MERRA2/2019/07/MERRA2.20190720.A3dyn.4x5.nc4
HEMCO: Opening /projects/b56h/ExtData//GEOS_4x5/MERRA2/2019/07/MERRA2.20190720.A3mstC.4x5.nc4
HEMCO: Opening /projects/b56h/ExtData//GEOS_4x5/MERRA2/2019/07/MERRA2.20190720.A3mstE.4x5.nc4
HEMCO: Opening /projects/b56h/ExtData//GEOS_4x5/MERRA2/2019/07/MERRA2.20190720.I3.4x5.nc4
HEMCO: Opening /projects/b56h/ExtData//GEOS_4x5/MERRA2/2019/07/MERRA2.20190721.I3.4x5.nc4
HEMCO: Opening /projects/b56h/ExtData//HEMCO/Yuan_XLAI/v2021-06/Yuan_proc_MODIS_XLAI.025x025.2019.nc
HEMCO: Opening /projects/b56h/ExtData//HEMCO/OFFLINE_LIGHTNING/v2020-03/MERRA2/2019/FLASH_CTH_MERRA2_0.5x0.625_2019_07.nc4
     - Found all A1     met fields for 2019/07/20 00:30
     - Found all A3cld  met fields for 2019/07/20 01:30
     - Found all A3dyn  met fields for 2019/07/20 01:30
     - Found all A3mstC met fields for 2019/07/20 01:30
     - Found all A3mstE met fields for 2019/07/20 01:30
     - Found all I3     met fields for 2019/07/20 03:00
HEMCO (VOLCANO): Opening /projects/b56h/ExtData//HEMCO/VOLCANO/v2024-04/2019/07/so2_volcanic_emissions_Carns.20190720.rc
---> DATE: 2019/07/20  UTC: 00:10
---> DATE: 2019/07/20  UTC: 00:20
---> DATE: 2019/07/20  UTC: 00:30
---> DATE: 2019/07/20  UTC: 00:40
---> DATE: 2019/07/20  UTC: 00:50
---> DATE: 2019/07/20  UTC: 01:00
     - Found all A1     met fields for 2019/07/20 01:30
---> DATE: 2019/07/20  UTC: 01:10
---> DATE: 2019/07/20  UTC: 01:20
---> DATE: 2019/07/20  UTC: 01:30
---> DATE: 2019/07/20  UTC: 01:40
---> DATE: 2019/07/20  UTC: 01:50
---> DATE: 2019/07/20  UTC: 02:00
     - Found all A1     met fields for 2019/07/20 02:30
---> DATE: 2019/07/20  UTC: 02:10
---> DATE: 2019/07/20  UTC: 02:20
---> DATE: 2019/07/20  UTC: 02:30
---> DATE: 2019/07/20  UTC: 02:40
---> DATE: 2019/07/20  UTC: 02:50
---> DATE: 2019/07/20  UTC: 03:00
HEMCO: Opening /projects/b56h/ExtData//HEMCO/OFFLINE_LIGHTNING/v2020-03/MERRA2/2019/FLASH_CTH_MERRA2_0.5x0.625_2019_07.nc4
     - Found all A1     met fields for 2019/07/20 03:30
     - Found all A3cld  met fields for 2019/07/20 04:30
     - Found all A3dyn  met fields for 2019/07/20 04:30
     - Found all A3mstC met fields for 2019/07/20 04:30
     - Found all A3mstE met fields for 2019/07/20 04:30
     - Found all I3     met fields for 2019/07/20 06:00
---> DATE: 2019/07/20  UTC: 03:10
---> DATE: 2019/07/20  UTC: 03:20
---> DATE: 2019/07/20  UTC: 03:30
---> DATE: 2019/07/20  UTC: 03:40
---> DATE: 2019/07/20  UTC: 03:50
---> DATE: 2019/07/20  UTC: 04:00
     - Found all A1     met fields for 2019/07/20 04:30
---> DATE: 2019/07/20  UTC: 04:10
---> DATE: 2019/07/20  UTC: 04:20
---> DATE: 2019/07/20  UTC: 04:30
---> DATE: 2019/07/20  UTC: 04:40
---> DATE: 2019/07/20  UTC: 04:50
---> DATE: 2019/07/20  UTC: 05:00
     - Found all A1     met fields for 2019/07/20 05:30
---> DATE: 2019/07/20  UTC: 05:10
---> DATE: 2019/07/20  UTC: 05:20
---> DATE: 2019/07/20  UTC: 05:30
---> DATE: 2019/07/20  UTC: 05:40
---> DATE: 2019/07/20  UTC: 05:50
---> DATE: 2019/07/20  UTC: 06:00
HEMCO: Opening /projects/b56h/ExtData//HEMCO/OFFLINE_LIGHTNING/v2020-03/MERRA2/2019/FLASH_CTH_MERRA2_0.5x0.625_2019_07.nc4
     - Found all A1     met fields for 2019/07/20 06:30
     - Found all A3cld  met fields for 2019/07/20 07:30
     - Found all A3dyn  met fields for 2019/07/20 07:30
     - Found all A3mstC met fields for 2019/07/20 07:30
     - Found all A3mstE met fields for 2019/07/20 07:30
     - Found all I3     met fields for 2019/07/20 09:00
---> DATE: 2019/07/20  UTC: 06:10
---> DATE: 2019/07/20  UTC: 06:20
---> DATE: 2019/07/20  UTC: 06:30
---> DATE: 2019/07/20  UTC: 06:40
---> DATE: 2019/07/20  UTC: 06:50
---> DATE: 2019/07/20  UTC: 07:00
     - Found all A1     met fields for 2019/07/20 07:30
---> DATE: 2019/07/20  UTC: 07:10
---> DATE: 2019/07/20  UTC: 07:20
---> DATE: 2019/07/20  UTC: 07:30
---> DATE: 2019/07/20  UTC: 07:40
---> DATE: 2019/07/20  UTC: 07:50
---> DATE: 2019/07/20  UTC: 08:00
     - Found all A1     met fields for 2019/07/20 08:30
---> DATE: 2019/07/20  UTC: 08:10
---> DATE: 2019/07/20  UTC: 08:20
---> DATE: 2019/07/20  UTC: 08:30
---> DATE: 2019/07/20  UTC: 08:40
---> DATE: 2019/07/20  UTC: 08:50
---> DATE: 2019/07/20  UTC: 09:00
HEMCO: Opening /projects/b56h/ExtData//HEMCO/OFFLINE_LIGHTNING/v2020-03/MERRA2/2019/FLASH_CTH_MERRA2_0.5x0.625_2019_07.nc4
     - Found all A1     met fields for 2019/07/20 09:30
     - Found all A3cld  met fields for 2019/07/20 10:30
     - Found all A3dyn  met fields for 2019/07/20 10:30
     - Found all A3mstC met fields for 2019/07/20 10:30
     - Found all A3mstE met fields for 2019/07/20 10:30
     - Found all I3     met fields for 2019/07/20 12:00
---> DATE: 2019/07/20  UTC: 09:10
---> DATE: 2019/07/20  UTC: 09:20
---> DATE: 2019/07/20  UTC: 09:30
---> DATE: 2019/07/20  UTC: 09:40
---> DATE: 2019/07/20  UTC: 09:50
---> DATE: 2019/07/20  UTC: 10:00
     - Found all A1     met fields for 2019/07/20 10:30
---> DATE: 2019/07/20  UTC: 10:10
---> DATE: 2019/07/20  UTC: 10:20
---> DATE: 2019/07/20  UTC: 10:30
---> DATE: 2019/07/20  UTC: 10:40
---> DATE: 2019/07/20  UTC: 10:50
---> DATE: 2019/07/20  UTC: 11:00
     - Found all A1     met fields for 2019/07/20 11:30
---> DATE: 2019/07/20  UTC: 11:10
---> DATE: 2019/07/20  UTC: 11:20
---> DATE: 2019/07/20  UTC: 11:30
---> DATE: 2019/07/20  UTC: 11:40
---> DATE: 2019/07/20  UTC: 11:50
---> DATE: 2019/07/20  UTC: 12:00
HEMCO: Opening /projects/b56h/ExtData//HEMCO/OFFLINE_LIGHTNING/v2020-03/MERRA2/2019/FLASH_CTH_MERRA2_0.5x0.625_2019_07.nc4
     - Found all A1     met fields for 2019/07/20 12:30
     - Found all A3cld  met fields for 2019/07/20 13:30
     - Found all A3dyn  met fields for 2019/07/20 13:30
     - Found all A3mstC met fields for 2019/07/20 13:30
     - Found all A3mstE met fields for 2019/07/20 13:30
     - Found all I3     met fields for 2019/07/20 15:00
---> DATE: 2019/07/20  UTC: 12:10
---> DATE: 2019/07/20  UTC: 12:20
---> DATE: 2019/07/20  UTC: 12:30
---> DATE: 2019/07/20  UTC: 12:40
---> DATE: 2019/07/20  UTC: 12:50
---> DATE: 2019/07/20  UTC: 13:00
     - Found all A1     met fields for 2019/07/20 13:30
---> DATE: 2019/07/20  UTC: 13:10
---> DATE: 2019/07/20  UTC: 13:20
---> DATE: 2019/07/20  UTC: 13:30
---> DATE: 2019/07/20  UTC: 13:40
---> DATE: 2019/07/20  UTC: 13:50
---> DATE: 2019/07/20  UTC: 14:00
     - Found all A1     met fields for 2019/07/20 14:30
---> DATE: 2019/07/20  UTC: 14:10
---> DATE: 2019/07/20  UTC: 14:20
---> DATE: 2019/07/20  UTC: 14:30
---> DATE: 2019/07/20  UTC: 14:40
---> DATE: 2019/07/20  UTC: 14:50
---> DATE: 2019/07/20  UTC: 15:00
HEMCO: Opening /projects/b56h/ExtData//HEMCO/OFFLINE_LIGHTNING/v2020-03/MERRA2/2019/FLASH_CTH_MERRA2_0.5x0.625_2019_07.nc4
     - Found all A1     met fields for 2019/07/20 15:30
     - Found all A3cld  met fields for 2019/07/20 16:30
     - Found all A3dyn  met fields for 2019/07/20 16:30
     - Found all A3mstC met fields for 2019/07/20 16:30
     - Found all A3mstE met fields for 2019/07/20 16:30
     - Found all I3     met fields for 2019/07/20 18:00
---> DATE: 2019/07/20  UTC: 15:10
---> DATE: 2019/07/20  UTC: 15:20
---> DATE: 2019/07/20  UTC: 15:30
---> DATE: 2019/07/20  UTC: 15:40
---> DATE: 2019/07/20  UTC: 15:50
---> DATE: 2019/07/20  UTC: 16:00
     - Found all A1     met fields for 2019/07/20 16:30
---> DATE: 2019/07/20  UTC: 16:10
---> DATE: 2019/07/20  UTC: 16:20
---> DATE: 2019/07/20  UTC: 16:30
---> DATE: 2019/07/20  UTC: 16:40
---> DATE: 2019/07/20  UTC: 16:50
---> DATE: 2019/07/20  UTC: 17:00
     - Found all A1     met fields for 2019/07/20 17:30
---> DATE: 2019/07/20  UTC: 17:10
---> DATE: 2019/07/20  UTC: 17:20
---> DATE: 2019/07/20  UTC: 17:30
---> DATE: 2019/07/20  UTC: 17:40
---> DATE: 2019/07/20  UTC: 17:50
---> DATE: 2019/07/20  UTC: 18:00
HEMCO: Opening /projects/b56h/ExtData//HEMCO/OFFLINE_LIGHTNING/v2020-03/MERRA2/2019/FLASH_CTH_MERRA2_0.5x0.625_2019_07.nc4
     - Found all A1     met fields for 2019/07/20 18:30
     - Found all A3cld  met fields for 2019/07/20 19:30
     - Found all A3dyn  met fields for 2019/07/20 19:30
     - Found all A3mstC met fields for 2019/07/20 19:30
     - Found all A3mstE met fields for 2019/07/20 19:30
     - Found all I3     met fields for 2019/07/20 21:00
---> DATE: 2019/07/20  UTC: 18:10
---> DATE: 2019/07/20  UTC: 18:20
---> DATE: 2019/07/20  UTC: 18:30
---> DATE: 2019/07/20  UTC: 18:40
---> DATE: 2019/07/20  UTC: 18:50
---> DATE: 2019/07/20  UTC: 19:00
     - Found all A1     met fields for 2019/07/20 19:30
---> DATE: 2019/07/20  UTC: 19:10
---> DATE: 2019/07/20  UTC: 19:20
---> DATE: 2019/07/20  UTC: 19:30
---> DATE: 2019/07/20  UTC: 19:40
---> DATE: 2019/07/20  UTC: 19:50
---> DATE: 2019/07/20  UTC: 20:00
     - Found all A1     met fields for 2019/07/20 20:30
---> DATE: 2019/07/20  UTC: 20:10
---> DATE: 2019/07/20  UTC: 20:20
---> DATE: 2019/07/20  UTC: 20:30
---> DATE: 2019/07/20  UTC: 20:40
---> DATE: 2019/07/20  UTC: 20:50
---> DATE: 2019/07/20  UTC: 21:00
HEMCO: Opening /projects/b56h/ExtData//HEMCO/OFFLINE_LIGHTNING/v2020-03/MERRA2/2019/FLASH_CTH_MERRA2_0.5x0.625_2019_07.nc4
     - Found all A1     met fields for 2019/07/20 21:30
     - Found all A3cld  met fields for 2019/07/20 22:30
     - Found all A3dyn  met fields for 2019/07/20 22:30
     - Found all A3mstC met fields for 2019/07/20 22:30
     - Found all A3mstE met fields for 2019/07/20 22:30
     - Found all I3     met fields for 2019/07/21 00:00
---> DATE: 2019/07/20  UTC: 21:10
---> DATE: 2019/07/20  UTC: 21:20
---> DATE: 2019/07/20  UTC: 21:30
---> DATE: 2019/07/20  UTC: 21:40
---> DATE: 2019/07/20  UTC: 21:50
---> DATE: 2019/07/20  UTC: 22:00
     - Found all A1     met fields for 2019/07/20 22:30
---> DATE: 2019/07/20  UTC: 22:10
---> DATE: 2019/07/20  UTC: 22:20
---> DATE: 2019/07/20  UTC: 22:30
---> DATE: 2019/07/20  UTC: 22:40
---> DATE: 2019/07/20  UTC: 22:50
---> DATE: 2019/07/20  UTC: 23:00
     - Found all A1     met fields for 2019/07/20 23:30
---> DATE: 2019/07/20  UTC: 23:10
---> DATE: 2019/07/20  UTC: 23:20
---> DATE: 2019/07/20  UTC: 23:30
---> DATE: 2019/07/20  UTC: 23:40
---> DATE: 2019/07/20  UTC: 23:50
---> DATE: 2019/07/21  UTC: 00:00
HEMCO: Opening /projects/b56h/ExtData//HEMCO/OFFLINE_DUST/v2025-03/0.5x0.625/MERRA2/2019/07/dust_emissions_05.MERRA2.20190721.nc
HEMCO: Opening /projects/b56h/ExtData//HEMCO/OFFLINE_BIOVOC/v2021-12/0.5x0.625/2019/07/biovoc_05.20190721.nc
HEMCO: Opening /projects/b56h/ExtData//HEMCO/OFFLINE_SEASALT/v2019-01/0.5x0.625/2019/07/seasalt_05.20190721.nc
HEMCO: Opening /projects/b56h/ExtData//HEMCO/OFFLINE_SOILNOX/v2021-12/0.5x0.625/2019/07/soilnox_05.20190721.nc
HEMCO: Opening /projects/b56h/ExtData//GEOS_4x5/MERRA2/2019/07/MERRA2.20190721.A1.4x5.nc4
HEMCO: Opening /projects/b56h/ExtData//GEOS_4x5/MERRA2/2019/07/MERRA2.20190721.A3cld.4x5.nc4
HEMCO: Opening /projects/b56h/ExtData//GEOS_4x5/MERRA2/2019/07/MERRA2.20190721.A3dyn.4x5.nc4
HEMCO: Opening /projects/b56h/ExtData//GEOS_4x5/MERRA2/2019/07/MERRA2.20190721.A3mstC.4x5.nc4
HEMCO: Opening /projects/b56h/ExtData//GEOS_4x5/MERRA2/2019/07/MERRA2.20190721.A3mstE.4x5.nc4
HEMCO: Opening /projects/b56h/ExtData//GEOS_4x5/MERRA2/2019/07/MERRA2.20190721.I3.4x5.nc4
HEMCO: Opening /projects/b56h/ExtData//GEOS_4x5/MERRA2/2019/07/MERRA2.20190722.I3.4x5.nc4
HEMCO: Opening /projects/b56h/ExtData//HEMCO/Yuan_XLAI/v2021-06/Yuan_proc_MODIS_XLAI.025x025.2019.nc
HEMCO: Opening /projects/b56h/ExtData//HEMCO/OFFLINE_LIGHTNING/v2020-03/MERRA2/2019/FLASH_CTH_MERRA2_0.5x0.625_2019_07.nc4
     - Found all A1     met fields for 2019/07/21 00:30
     - Found all A3cld  met fields for 2019/07/21 01:30
     - Found all A3dyn  met fields for 2019/07/21 01:30
     - Found all A3mstC met fields for 2019/07/21 01:30
     - Found all A3mstE met fields for 2019/07/21 01:30
     - Found all I3     met fields for 2019/07/21 03:00
HEMCO (VOLCANO): Opening /projects/b56h/ExtData//HEMCO/VOLCANO/v2024-04/2019/07/so2_volcanic_emissions_Carns.20190721.rc
---> DATE: 2019/07/21  UTC: 00:10
---> DATE: 2019/07/21  UTC: 00:20
---> DATE: 2019/07/21  UTC: 00:30
---> DATE: 2019/07/21  UTC: 00:40
---> DATE: 2019/07/21  UTC: 00:50
---> DATE: 2019/07/21  UTC: 01:00
     - Found all A1     met fields for 2019/07/21 01:30
---> DATE: 2019/07/21  UTC: 01:10
---> DATE: 2019/07/21  UTC: 01:20
---> DATE: 2019/07/21  UTC: 01:30
---> DATE: 2019/07/21  UTC: 01:40
---> DATE: 2019/07/21  UTC: 01:50
---> DATE: 2019/07/21  UTC: 02:00
     - Found all A1     met fields for 2019/07/21 02:30
---> DATE: 2019/07/21  UTC: 02:10
---> DATE: 2019/07/21  UTC: 02:20
---> DATE: 2019/07/21  UTC: 02:30
---> DATE: 2019/07/21  UTC: 02:40
---> DATE: 2019/07/21  UTC: 02:50
---> DATE: 2019/07/21  UTC: 03:00
HEMCO: Opening /projects/b56h/ExtData//HEMCO/OFFLINE_LIGHTNING/v2020-03/MERRA2/2019/FLASH_CTH_MERRA2_0.5x0.625_2019_07.nc4
     - Found all A1     met fields for 2019/07/21 03:30
     - Found all A3cld  met fields for 2019/07/21 04:30
     - Found all A3dyn  met fields for 2019/07/21 04:30
     - Found all A3mstC met fields for 2019/07/21 04:30
     - Found all A3mstE met fields for 2019/07/21 04:30
     - Found all I3     met fields for 2019/07/21 06:00
---> DATE: 2019/07/21  UTC: 03:10
---> DATE: 2019/07/21  UTC: 03:20
---> DATE: 2019/07/21  UTC: 03:30
---> DATE: 2019/07/21  UTC: 03:40
---> DATE: 2019/07/21  UTC: 03:50
---> DATE: 2019/07/21  UTC: 04:00
     - Found all A1     met fields for 2019/07/21 04:30
---> DATE: 2019/07/21  UTC: 04:10
---> DATE: 2019/07/21  UTC: 04:20
---> DATE: 2019/07/21  UTC: 04:30
---> DATE: 2019/07/21  UTC: 04:40
---> DATE: 2019/07/21  UTC: 04:50
---> DATE: 2019/07/21  UTC: 05:00
     - Found all A1     met fields for 2019/07/21 05:30
---> DATE: 2019/07/21  UTC: 05:10
---> DATE: 2019/07/21  UTC: 05:20
---> DATE: 2019/07/21  UTC: 05:30
---> DATE: 2019/07/21  UTC: 05:40
---> DATE: 2019/07/21  UTC: 05:50
---> DATE: 2019/07/21  UTC: 06:00
HEMCO: Opening /projects/b56h/ExtData//HEMCO/OFFLINE_LIGHTNING/v2020-03/MERRA2/2019/FLASH_CTH_MERRA2_0.5x0.625_2019_07.nc4
     - Found all A1     met fields for 2019/07/21 06:30
     - Found all A3cld  met fields for 2019/07/21 07:30
     - Found all A3dyn  met fields for 2019/07/21 07:30
     - Found all A3mstC met fields for 2019/07/21 07:30
     - Found all A3mstE met fields for 2019/07/21 07:30
     - Found all I3     met fields for 2019/07/21 09:00
---> DATE: 2019/07/21  UTC: 06:10
---> DATE: 2019/07/21  UTC: 06:20
---> DATE: 2019/07/21  UTC: 06:30
---> DATE: 2019/07/21  UTC: 06:40
---> DATE: 2019/07/21  UTC: 06:50
---> DATE: 2019/07/21  UTC: 07:00
     - Found all A1     met fields for 2019/07/21 07:30
---> DATE: 2019/07/21  UTC: 07:10
---> DATE: 2019/07/21  UTC: 07:20
---> DATE: 2019/07/21  UTC: 07:30
---> DATE: 2019/07/21  UTC: 07:40
---> DATE: 2019/07/21  UTC: 07:50
---> DATE: 2019/07/21  UTC: 08:00
     - Found all A1     met fields for 2019/07/21 08:30
---> DATE: 2019/07/21  UTC: 08:10
---> DATE: 2019/07/21  UTC: 08:20
---> DATE: 2019/07/21  UTC: 08:30
---> DATE: 2019/07/21  UTC: 08:40
---> DATE: 2019/07/21  UTC: 08:50
---> DATE: 2019/07/21  UTC: 09:00
HEMCO: Opening /projects/b56h/ExtData//HEMCO/OFFLINE_LIGHTNING/v2020-03/MERRA2/2019/FLASH_CTH_MERRA2_0.5x0.625_2019_07.nc4
     - Found all A1     met fields for 2019/07/21 09:30
     - Found all A3cld  met fields for 2019/07/21 10:30
     - Found all A3dyn  met fields for 2019/07/21 10:30
     - Found all A3mstC met fields for 2019/07/21 10:30
     - Found all A3mstE met fields for 2019/07/21 10:30
     - Found all I3     met fields for 2019/07/21 12:00
---> DATE: 2019/07/21  UTC: 09:10
---> DATE: 2019/07/21  UTC: 09:20
---> DATE: 2019/07/21  UTC: 09:30
---> DATE: 2019/07/21  UTC: 09:40
---> DATE: 2019/07/21  UTC: 09:50
---> DATE: 2019/07/21  UTC: 10:00
     - Found all A1     met fields for 2019/07/21 10:30
---> DATE: 2019/07/21  UTC: 10:10
---> DATE: 2019/07/21  UTC: 10:20
---> DATE: 2019/07/21  UTC: 10:30
---> DATE: 2019/07/21  UTC: 10:40
---> DATE: 2019/07/21  UTC: 10:50
---> DATE: 2019/07/21  UTC: 11:00
     - Found all A1     met fields for 2019/07/21 11:30
---> DATE: 2019/07/21  UTC: 11:10
---> DATE: 2019/07/21  UTC: 11:20
---> DATE: 2019/07/21  UTC: 11:30
---> DATE: 2019/07/21  UTC: 11:40
---> DATE: 2019/07/21  UTC: 11:50
---> DATE: 2019/07/21  UTC: 12:00
HEMCO: Opening /projects/b56h/ExtData//HEMCO/OFFLINE_LIGHTNING/v2020-03/MERRA2/2019/FLASH_CTH_MERRA2_0.5x0.625_2019_07.nc4
     - Found all A1     met fields for 2019/07/21 12:30
     - Found all A3cld  met fields for 2019/07/21 13:30
     - Found all A3dyn  met fields for 2019/07/21 13:30
     - Found all A3mstC met fields for 2019/07/21 13:30
     - Found all A3mstE met fields for 2019/07/21 13:30
     - Found all I3     met fields for 2019/07/21 15:00
---> DATE: 2019/07/21  UTC: 12:10
---> DATE: 2019/07/21  UTC: 12:20
---> DATE: 2019/07/21  UTC: 12:30
---> DATE: 2019/07/21  UTC: 12:40
---> DATE: 2019/07/21  UTC: 12:50
---> DATE: 2019/07/21  UTC: 13:00
     - Found all A1     met fields for 2019/07/21 13:30
---> DATE: 2019/07/21  UTC: 13:10
---> DATE: 2019/07/21  UTC: 13:20
---> DATE: 2019/07/21  UTC: 13:30
---> DATE: 2019/07/21  UTC: 13:40
---> DATE: 2019/07/21  UTC: 13:50
---> DATE: 2019/07/21  UTC: 14:00
     - Found all A1     met fields for 2019/07/21 14:30
---> DATE: 2019/07/21  UTC: 14:10
---> DATE: 2019/07/21  UTC: 14:20
---> DATE: 2019/07/21  UTC: 14:30
---> DATE: 2019/07/21  UTC: 14:40
---> DATE: 2019/07/21  UTC: 14:50
---> DATE: 2019/07/21  UTC: 15:00
HEMCO: Opening /projects/b56h/ExtData//HEMCO/OFFLINE_LIGHTNING/v2020-03/MERRA2/2019/FLASH_CTH_MERRA2_0.5x0.625_2019_07.nc4
     - Found all A1     met fields for 2019/07/21 15:30
     - Found all A3cld  met fields for 2019/07/21 16:30
     - Found all A3dyn  met fields for 2019/07/21 16:30
     - Found all A3mstC met fields for 2019/07/21 16:30
     - Found all A3mstE met fields for 2019/07/21 16:30
     - Found all I3     met fields for 2019/07/21 18:00
---> DATE: 2019/07/21  UTC: 15:10
---> DATE: 2019/07/21  UTC: 15:20
---> DATE: 2019/07/21  UTC: 15:30
---> DATE: 2019/07/21  UTC: 15:40
---> DATE: 2019/07/21  UTC: 15:50
---> DATE: 2019/07/21  UTC: 16:00
     - Found all A1     met fields for 2019/07/21 16:30
---> DATE: 2019/07/21  UTC: 16:10
---> DATE: 2019/07/21  UTC: 16:20
---> DATE: 2019/07/21  UTC: 16:30
---> DATE: 2019/07/21  UTC: 16:40
---> DATE: 2019/07/21  UTC: 16:50
---> DATE: 2019/07/21  UTC: 17:00
     - Found all A1     met fields for 2019/07/21 17:30
---> DATE: 2019/07/21  UTC: 17:10
---> DATE: 2019/07/21  UTC: 17:20
---> DATE: 2019/07/21  UTC: 17:30
---> DATE: 2019/07/21  UTC: 17:40
---> DATE: 2019/07/21  UTC: 17:50
---> DATE: 2019/07/21  UTC: 18:00
HEMCO: Opening /projects/b56h/ExtData//HEMCO/OFFLINE_LIGHTNING/v2020-03/MERRA2/2019/FLASH_CTH_MERRA2_0.5x0.625_2019_07.nc4
     - Found all A1     met fields for 2019/07/21 18:30
     - Found all A3cld  met fields for 2019/07/21 19:30
     - Found all A3dyn  met fields for 2019/07/21 19:30
     - Found all A3mstC met fields for 2019/07/21 19:30
     - Found all A3mstE met fields for 2019/07/21 19:30
     - Found all I3     met fields for 2019/07/21 21:00
---> DATE: 2019/07/21  UTC: 18:10
---> DATE: 2019/07/21  UTC: 18:20
---> DATE: 2019/07/21  UTC: 18:30
---> DATE: 2019/07/21  UTC: 18:40
---> DATE: 2019/07/21  UTC: 18:50
---> DATE: 2019/07/21  UTC: 19:00
     - Found all A1     met fields for 2019/07/21 19:30
---> DATE: 2019/07/21  UTC: 19:10
---> DATE: 2019/07/21  UTC: 19:20
---> DATE: 2019/07/21  UTC: 19:30
---> DATE: 2019/07/21  UTC: 19:40
---> DATE: 2019/07/21  UTC: 19:50
---> DATE: 2019/07/21  UTC: 20:00
     - Found all A1     met fields for 2019/07/21 20:30
---> DATE: 2019/07/21  UTC: 20:10
---> DATE: 2019/07/21  UTC: 20:20
---> DATE: 2019/07/21  UTC: 20:30
---> DATE: 2019/07/21  UTC: 20:40
---> DATE: 2019/07/21  UTC: 20:50
---> DATE: 2019/07/21  UTC: 21:00
HEMCO: Opening /projects/b56h/ExtData//HEMCO/OFFLINE_LIGHTNING/v2020-03/MERRA2/2019/FLASH_CTH_MERRA2_0.5x0.625_2019_07.nc4
     - Found all A1     met fields for 2019/07/21 21:30
     - Found all A3cld  met fields for 2019/07/21 22:30
     - Found all A3dyn  met fields for 2019/07/21 22:30
     - Found all A3mstC met fields for 2019/07/21 22:30
     - Found all A3mstE met fields for 2019/07/21 22:30
     - Found all I3     met fields for 2019/07/22 00:00
---> DATE: 2019/07/21  UTC: 21:10
---> DATE: 2019/07/21  UTC: 21:20
---> DATE: 2019/07/21  UTC: 21:30
---> DATE: 2019/07/21  UTC: 21:40
---> DATE: 2019/07/21  UTC: 21:50
---> DATE: 2019/07/21  UTC: 22:00
     - Found all A1     met fields for 2019/07/21 22:30
---> DATE: 2019/07/21  UTC: 22:10
---> DATE: 2019/07/21  UTC: 22:20
---> DATE: 2019/07/21  UTC: 22:30
---> DATE: 2019/07/21  UTC: 22:40
---> DATE: 2019/07/21  UTC: 22:50
---> DATE: 2019/07/21  UTC: 23:00
     - Found all A1     met fields for 2019/07/21 23:30
---> DATE: 2019/07/21  UTC: 23:10
---> DATE: 2019/07/21  UTC: 23:20
---> DATE: 2019/07/21  UTC: 23:30
---> DATE: 2019/07/21  UTC: 23:40
---> DATE: 2019/07/21  UTC: 23:50
---> DATE: 2019/07/22  UTC: 00:00
HEMCO: Opening /projects/b56h/ExtData//HEMCO/OFFLINE_DUST/v2025-03/0.5x0.625/MERRA2/2019/07/dust_emissions_05.MERRA2.20190722.nc
HEMCO: Opening /projects/b56h/ExtData//HEMCO/OFFLINE_BIOVOC/v2021-12/0.5x0.625/2019/07/biovoc_05.20190722.nc
HEMCO: Opening /projects/b56h/ExtData//HEMCO/OFFLINE_SEASALT/v2019-01/0.5x0.625/2019/07/seasalt_05.20190722.nc
HEMCO: Opening /projects/b56h/ExtData//HEMCO/OFFLINE_SOILNOX/v2021-12/0.5x0.625/2019/07/soilnox_05.20190722.nc
HEMCO: Opening /projects/b56h/ExtData//GEOS_4x5/MERRA2/2019/07/MERRA2.20190722.A1.4x5.nc4
HEMCO: Opening /projects/b56h/ExtData//GEOS_4x5/MERRA2/2019/07/MERRA2.20190722.A3cld.4x5.nc4
HEMCO: Opening /projects/b56h/ExtData//GEOS_4x5/MERRA2/2019/07/MERRA2.20190722.A3dyn.4x5.nc4
HEMCO: Opening /projects/b56h/ExtData//GEOS_4x5/MERRA2/2019/07/MERRA2.20190722.A3mstC.4x5.nc4
HEMCO: Opening /projects/b56h/ExtData//GEOS_4x5/MERRA2/2019/07/MERRA2.20190722.A3mstE.4x5.nc4
HEMCO: Opening /projects/b56h/ExtData//GEOS_4x5/MERRA2/2019/07/MERRA2.20190722.I3.4x5.nc4
HEMCO: Opening /projects/b56h/ExtData//GEOS_4x5/MERRA2/2019/07/MERRA2.20190723.I3.4x5.nc4
HEMCO: Opening /projects/b56h/ExtData//HEMCO/Yuan_XLAI/v2021-06/Yuan_proc_MODIS_XLAI.025x025.2019.nc
HEMCO: Opening /projects/b56h/ExtData//HEMCO/OFFLINE_LIGHTNING/v2020-03/MERRA2/2019/FLASH_CTH_MERRA2_0.5x0.625_2019_07.nc4
     - Found all A1     met fields for 2019/07/22 00:30
     - Found all A3cld  met fields for 2019/07/22 01:30
     - Found all A3dyn  met fields for 2019/07/22 01:30
     - Found all A3mstC met fields for 2019/07/22 01:30
     - Found all A3mstE met fields for 2019/07/22 01:30
     - Found all I3     met fields for 2019/07/22 03:00
HEMCO (VOLCANO): Opening /projects/b56h/ExtData//HEMCO/VOLCANO/v2024-04/2019/07/so2_volcanic_emissions_Carns.20190722.rc
---> DATE: 2019/07/22  UTC: 00:10
---> DATE: 2019/07/22  UTC: 00:20
---> DATE: 2019/07/22  UTC: 00:30
---> DATE: 2019/07/22  UTC: 00:40
---> DATE: 2019/07/22  UTC: 00:50
---> DATE: 2019/07/22  UTC: 01:00
     - Found all A1     met fields for 2019/07/22 01:30
---> DATE: 2019/07/22  UTC: 01:10
---> DATE: 2019/07/22  UTC: 01:20
---> DATE: 2019/07/22  UTC: 01:30
---> DATE: 2019/07/22  UTC: 01:40
---> DATE: 2019/07/22  UTC: 01:50
---> DATE: 2019/07/22  UTC: 02:00
     - Found all A1     met fields for 2019/07/22 02:30
---> DATE: 2019/07/22  UTC: 02:10
---> DATE: 2019/07/22  UTC: 02:20
---> DATE: 2019/07/22  UTC: 02:30
---> DATE: 2019/07/22  UTC: 02:40
---> DATE: 2019/07/22  UTC: 02:50
---> DATE: 2019/07/22  UTC: 03:00
HEMCO: Opening /projects/b56h/ExtData//HEMCO/OFFLINE_LIGHTNING/v2020-03/MERRA2/2019/FLASH_CTH_MERRA2_0.5x0.625_2019_07.nc4
     - Found all A1     met fields for 2019/07/22 03:30
     - Found all A3cld  met fields for 2019/07/22 04:30
     - Found all A3dyn  met fields for 2019/07/22 04:30
     - Found all A3mstC met fields for 2019/07/22 04:30
     - Found all A3mstE met fields for 2019/07/22 04:30
     - Found all I3     met fields for 2019/07/22 06:00
---> DATE: 2019/07/22  UTC: 03:10
---> DATE: 2019/07/22  UTC: 03:20
---> DATE: 2019/07/22  UTC: 03:30
---> DATE: 2019/07/22  UTC: 03:40
---> DATE: 2019/07/22  UTC: 03:50
---> DATE: 2019/07/22  UTC: 04:00
     - Found all A1     met fields for 2019/07/22 04:30
---> DATE: 2019/07/22  UTC: 04:10
---> DATE: 2019/07/22  UTC: 04:20
---> DATE: 2019/07/22  UTC: 04:30
---> DATE: 2019/07/22  UTC: 04:40
---> DATE: 2019/07/22  UTC: 04:50
---> DATE: 2019/07/22  UTC: 05:00
     - Found all A1     met fields for 2019/07/22 05:30
---> DATE: 2019/07/22  UTC: 05:10
---> DATE: 2019/07/22  UTC: 05:20
---> DATE: 2019/07/22  UTC: 05:30
---> DATE: 2019/07/22  UTC: 05:40
---> DATE: 2019/07/22  UTC: 05:50
---> DATE: 2019/07/22  UTC: 06:00
HEMCO: Opening /projects/b56h/ExtData//HEMCO/OFFLINE_LIGHTNING/v2020-03/MERRA2/2019/FLASH_CTH_MERRA2_0.5x0.625_2019_07.nc4
     - Found all A1     met fields for 2019/07/22 06:30
     - Found all A3cld  met fields for 2019/07/22 07:30
     - Found all A3dyn  met fields for 2019/07/22 07:30
     - Found all A3mstC met fields for 2019/07/22 07:30
     - Found all A3mstE met fields for 2019/07/22 07:30
     - Found all I3     met fields for 2019/07/22 09:00
---> DATE: 2019/07/22  UTC: 06:10
---> DATE: 2019/07/22  UTC: 06:20
---> DATE: 2019/07/22  UTC: 06:30
---> DATE: 2019/07/22  UTC: 06:40
---> DATE: 2019/07/22  UTC: 06:50
---> DATE: 2019/07/22  UTC: 07:00
     - Found all A1     met fields for 2019/07/22 07:30
---> DATE: 2019/07/22  UTC: 07:10
---> DATE: 2019/07/22  UTC: 07:20
---> DATE: 2019/07/22  UTC: 07:30
---> DATE: 2019/07/22  UTC: 07:40
---> DATE: 2019/07/22  UTC: 07:50
---> DATE: 2019/07/22  UTC: 08:00
     - Found all A1     met fields for 2019/07/22 08:30
---> DATE: 2019/07/22  UTC: 08:10
---> DATE: 2019/07/22  UTC: 08:20
---> DATE: 2019/07/22  UTC: 08:30
---> DATE: 2019/07/22  UTC: 08:40
---> DATE: 2019/07/22  UTC: 08:50
---> DATE: 2019/07/22  UTC: 09:00
HEMCO: Opening /projects/b56h/ExtData//HEMCO/OFFLINE_LIGHTNING/v2020-03/MERRA2/2019/FLASH_CTH_MERRA2_0.5x0.625_2019_07.nc4
     - Found all A1     met fields for 2019/07/22 09:30
     - Found all A3cld  met fields for 2019/07/22 10:30
     - Found all A3dyn  met fields for 2019/07/22 10:30
     - Found all A3mstC met fields for 2019/07/22 10:30
     - Found all A3mstE met fields for 2019/07/22 10:30
     - Found all I3     met fields for 2019/07/22 12:00
---> DATE: 2019/07/22  UTC: 09:10
---> DATE: 2019/07/22  UTC: 09:20
---> DATE: 2019/07/22  UTC: 09:30
---> DATE: 2019/07/22  UTC: 09:40
---> DATE: 2019/07/22  UTC: 09:50
---> DATE: 2019/07/22  UTC: 10:00
     - Found all A1     met fields for 2019/07/22 10:30
---> DATE: 2019/07/22  UTC: 10:10
---> DATE: 2019/07/22  UTC: 10:20
---> DATE: 2019/07/22  UTC: 10:30
---> DATE: 2019/07/22  UTC: 10:40
---> DATE: 2019/07/22  UTC: 10:50
---> DATE: 2019/07/22  UTC: 11:00
     - Found all A1     met fields for 2019/07/22 11:30
---> DATE: 2019/07/22  UTC: 11:10
---> DATE: 2019/07/22  UTC: 11:20
---> DATE: 2019/07/22  UTC: 11:30
---> DATE: 2019/07/22  UTC: 11:40
---> DATE: 2019/07/22  UTC: 11:50
---> DATE: 2019/07/22  UTC: 12:00
HEMCO: Opening /projects/b56h/ExtData//HEMCO/OFFLINE_LIGHTNING/v2020-03/MERRA2/2019/FLASH_CTH_MERRA2_0.5x0.625_2019_07.nc4
     - Found all A1     met fields for 2019/07/22 12:30
     - Found all A3cld  met fields for 2019/07/22 13:30
     - Found all A3dyn  met fields for 2019/07/22 13:30
     - Found all A3mstC met fields for 2019/07/22 13:30
     - Found all A3mstE met fields for 2019/07/22 13:30
     - Found all I3     met fields for 2019/07/22 15:00
---> DATE: 2019/07/22  UTC: 12:10
---> DATE: 2019/07/22  UTC: 12:20
---> DATE: 2019/07/22  UTC: 12:30
---> DATE: 2019/07/22  UTC: 12:40
---> DATE: 2019/07/22  UTC: 12:50
---> DATE: 2019/07/22  UTC: 13:00
     - Found all A1     met fields for 2019/07/22 13:30
---> DATE: 2019/07/22  UTC: 13:10
---> DATE: 2019/07/22  UTC: 13:20
---> DATE: 2019/07/22  UTC: 13:30
---> DATE: 2019/07/22  UTC: 13:40
---> DATE: 2019/07/22  UTC: 13:50
---> DATE: 2019/07/22  UTC: 14:00
     - Found all A1     met fields for 2019/07/22 14:30
---> DATE: 2019/07/22  UTC: 14:10
---> DATE: 2019/07/22  UTC: 14:20
---> DATE: 2019/07/22  UTC: 14:30
---> DATE: 2019/07/22  UTC: 14:40
---> DATE: 2019/07/22  UTC: 14:50
---> DATE: 2019/07/22  UTC: 15:00
HEMCO: Opening /projects/b56h/ExtData//HEMCO/OFFLINE_LIGHTNING/v2020-03/MERRA2/2019/FLASH_CTH_MERRA2_0.5x0.625_2019_07.nc4
     - Found all A1     met fields for 2019/07/22 15:30
     - Found all A3cld  met fields for 2019/07/22 16:30
     - Found all A3dyn  met fields for 2019/07/22 16:30
     - Found all A3mstC met fields for 2019/07/22 16:30
     - Found all A3mstE met fields for 2019/07/22 16:30
     - Found all I3     met fields for 2019/07/22 18:00
---> DATE: 2019/07/22  UTC: 15:10
---> DATE: 2019/07/22  UTC: 15:20
---> DATE: 2019/07/22  UTC: 15:30
---> DATE: 2019/07/22  UTC: 15:40
---> DATE: 2019/07/22  UTC: 15:50
---> DATE: 2019/07/22  UTC: 16:00
     - Found all A1     met fields for 2019/07/22 16:30
---> DATE: 2019/07/22  UTC: 16:10
---> DATE: 2019/07/22  UTC: 16:20
---> DATE: 2019/07/22  UTC: 16:30
---> DATE: 2019/07/22  UTC: 16:40
---> DATE: 2019/07/22  UTC: 16:50
---> DATE: 2019/07/22  UTC: 17:00
     - Found all A1     met fields for 2019/07/22 17:30
---> DATE: 2019/07/22  UTC: 17:10
---> DATE: 2019/07/22  UTC: 17:20
---> DATE: 2019/07/22  UTC: 17:30
---> DATE: 2019/07/22  UTC: 17:40
---> DATE: 2019/07/22  UTC: 17:50
---> DATE: 2019/07/22  UTC: 18:00
HEMCO: Opening /projects/b56h/ExtData//HEMCO/OFFLINE_LIGHTNING/v2020-03/MERRA2/2019/FLASH_CTH_MERRA2_0.5x0.625_2019_07.nc4
     - Found all A1     met fields for 2019/07/22 18:30
     - Found all A3cld  met fields for 2019/07/22 19:30
     - Found all A3dyn  met fields for 2019/07/22 19:30
     - Found all A3mstC met fields for 2019/07/22 19:30
     - Found all A3mstE met fields for 2019/07/22 19:30
     - Found all I3     met fields for 2019/07/22 21:00
---> DATE: 2019/07/22  UTC: 18:10
---> DATE: 2019/07/22  UTC: 18:20
---> DATE: 2019/07/22  UTC: 18:30
---> DATE: 2019/07/22  UTC: 18:40
---> DATE: 2019/07/22  UTC: 18:50
---> DATE: 2019/07/22  UTC: 19:00
     - Found all A1     met fields for 2019/07/22 19:30
---> DATE: 2019/07/22  UTC: 19:10
---> DATE: 2019/07/22  UTC: 19:20
---> DATE: 2019/07/22  UTC: 19:30
---> DATE: 2019/07/22  UTC: 19:40
---> DATE: 2019/07/22  UTC: 19:50
---> DATE: 2019/07/22  UTC: 20:00
     - Found all A1     met fields for 2019/07/22 20:30
---> DATE: 2019/07/22  UTC: 20:10
---> DATE: 2019/07/22  UTC: 20:20
---> DATE: 2019/07/22  UTC: 20:30
---> DATE: 2019/07/22  UTC: 20:40
---> DATE: 2019/07/22  UTC: 20:50
---> DATE: 2019/07/22  UTC: 21:00
HEMCO: Opening /projects/b56h/ExtData//HEMCO/OFFLINE_LIGHTNING/v2020-03/MERRA2/2019/FLASH_CTH_MERRA2_0.5x0.625_2019_07.nc4
     - Found all A1     met fields for 2019/07/22 21:30
     - Found all A3cld  met fields for 2019/07/22 22:30
     - Found all A3dyn  met fields for 2019/07/22 22:30
     - Found all A3mstC met fields for 2019/07/22 22:30
     - Found all A3mstE met fields for 2019/07/22 22:30
     - Found all I3     met fields for 2019/07/23 00:00
---> DATE: 2019/07/22  UTC: 21:10
---> DATE: 2019/07/22  UTC: 21:20
---> DATE: 2019/07/22  UTC: 21:30
---> DATE: 2019/07/22  UTC: 21:40
---> DATE: 2019/07/22  UTC: 21:50
---> DATE: 2019/07/22  UTC: 22:00
     - Found all A1     met fields for 2019/07/22 22:30
---> DATE: 2019/07/22  UTC: 22:10
---> DATE: 2019/07/22  UTC: 22:20
---> DATE: 2019/07/22  UTC: 22:30
---> DATE: 2019/07/22  UTC: 22:40
---> DATE: 2019/07/22  UTC: 22:50
---> DATE: 2019/07/22  UTC: 23:00
     - Found all A1     met fields for 2019/07/22 23:30
---> DATE: 2019/07/22  UTC: 23:10
---> DATE: 2019/07/22  UTC: 23:20
---> DATE: 2019/07/22  UTC: 23:30
---> DATE: 2019/07/22  UTC: 23:40
---> DATE: 2019/07/22  UTC: 23:50
---> DATE: 2019/07/23  UTC: 00:00
HEMCO: Opening /projects/b56h/ExtData//HEMCO/OFFLINE_DUST/v2025-03/0.5x0.625/MERRA2/2019/07/dust_emissions_05.MERRA2.20190723.nc
HEMCO: Opening /projects/b56h/ExtData//HEMCO/OFFLINE_BIOVOC/v2021-12/0.5x0.625/2019/07/biovoc_05.20190723.nc
HEMCO: Opening /projects/b56h/ExtData//HEMCO/OFFLINE_SEASALT/v2019-01/0.5x0.625/2019/07/seasalt_05.20190723.nc
HEMCO: Opening /projects/b56h/ExtData//HEMCO/OFFLINE_SOILNOX/v2021-12/0.5x0.625/2019/07/soilnox_05.20190723.nc
HEMCO: Opening /projects/b56h/ExtData//GEOS_4x5/MERRA2/2019/07/MERRA2.20190723.A1.4x5.nc4
HEMCO: Opening /projects/b56h/ExtData//GEOS_4x5/MERRA2/2019/07/MERRA2.20190723.A3cld.4x5.nc4
HEMCO: Opening /projects/b56h/ExtData//GEOS_4x5/MERRA2/2019/07/MERRA2.20190723.A3dyn.4x5.nc4
HEMCO: Opening /projects/b56h/ExtData//GEOS_4x5/MERRA2/2019/07/MERRA2.20190723.A3mstC.4x5.nc4
HEMCO: Opening /projects/b56h/ExtData//GEOS_4x5/MERRA2/2019/07/MERRA2.20190723.A3mstE.4x5.nc4
HEMCO: Opening /projects/b56h/ExtData//GEOS_4x5/MERRA2/2019/07/MERRA2.20190723.I3.4x5.nc4
HEMCO: Opening /projects/b56h/ExtData//GEOS_4x5/MERRA2/2019/07/MERRA2.20190724.I3.4x5.nc4
HEMCO: Opening /projects/b56h/ExtData//HEMCO/Yuan_XLAI/v2021-06/Yuan_proc_MODIS_XLAI.025x025.2019.nc
HEMCO: Opening /projects/b56h/ExtData//HEMCO/OFFLINE_LIGHTNING/v2020-03/MERRA2/2019/FLASH_CTH_MERRA2_0.5x0.625_2019_07.nc4
     - Found all A1     met fields for 2019/07/23 00:30
     - Found all A3cld  met fields for 2019/07/23 01:30
     - Found all A3dyn  met fields for 2019/07/23 01:30
     - Found all A3mstC met fields for 2019/07/23 01:30
     - Found all A3mstE met fields for 2019/07/23 01:30
     - Found all I3     met fields for 2019/07/23 03:00
HEMCO (VOLCANO): Opening /projects/b56h/ExtData//HEMCO/VOLCANO/v2024-04/2019/07/so2_volcanic_emissions_Carns.20190723.rc
---> DATE: 2019/07/23  UTC: 00:10
---> DATE: 2019/07/23  UTC: 00:20
---> DATE: 2019/07/23  UTC: 00:30
---> DATE: 2019/07/23  UTC: 00:40
---> DATE: 2019/07/23  UTC: 00:50
---> DATE: 2019/07/23  UTC: 01:00
     - Found all A1     met fields for 2019/07/23 01:30
---> DATE: 2019/07/23  UTC: 01:10
---> DATE: 2019/07/23  UTC: 01:20
---> DATE: 2019/07/23  UTC: 01:30
---> DATE: 2019/07/23  UTC: 01:40
---> DATE: 2019/07/23  UTC: 01:50
---> DATE: 2019/07/23  UTC: 02:00
     - Found all A1     met fields for 2019/07/23 02:30
---> DATE: 2019/07/23  UTC: 02:10
---> DATE: 2019/07/23  UTC: 02:20
---> DATE: 2019/07/23  UTC: 02:30
---> DATE: 2019/07/23  UTC: 02:40
---> DATE: 2019/07/23  UTC: 02:50
---> DATE: 2019/07/23  UTC: 03:00
HEMCO: Opening /projects/b56h/ExtData//HEMCO/OFFLINE_LIGHTNING/v2020-03/MERRA2/2019/FLASH_CTH_MERRA2_0.5x0.625_2019_07.nc4
     - Found all A1     met fields for 2019/07/23 03:30
     - Found all A3cld  met fields for 2019/07/23 04:30
     - Found all A3dyn  met fields for 2019/07/23 04:30
     - Found all A3mstC met fields for 2019/07/23 04:30
     - Found all A3mstE met fields for 2019/07/23 04:30
     - Found all I3     met fields for 2019/07/23 06:00
---> DATE: 2019/07/23  UTC: 03:10
---> DATE: 2019/07/23  UTC: 03:20
---> DATE: 2019/07/23  UTC: 03:30
---> DATE: 2019/07/23  UTC: 03:40
---> DATE: 2019/07/23  UTC: 03:50
---> DATE: 2019/07/23  UTC: 04:00
     - Found all A1     met fields for 2019/07/23 04:30
---> DATE: 2019/07/23  UTC: 04:10
---> DATE: 2019/07/23  UTC: 04:20
---> DATE: 2019/07/23  UTC: 04:30
---> DATE: 2019/07/23  UTC: 04:40
---> DATE: 2019/07/23  UTC: 04:50
---> DATE: 2019/07/23  UTC: 05:00
     - Found all A1     met fields for 2019/07/23 05:30
---> DATE: 2019/07/23  UTC: 05:10
---> DATE: 2019/07/23  UTC: 05:20
---> DATE: 2019/07/23  UTC: 05:30
---> DATE: 2019/07/23  UTC: 05:40
---> DATE: 2019/07/23  UTC: 05:50
---> DATE: 2019/07/23  UTC: 06:00
HEMCO: Opening /projects/b56h/ExtData//HEMCO/OFFLINE_LIGHTNING/v2020-03/MERRA2/2019/FLASH_CTH_MERRA2_0.5x0.625_2019_07.nc4
     - Found all A1     met fields for 2019/07/23 06:30
     - Found all A3cld  met fields for 2019/07/23 07:30
     - Found all A3dyn  met fields for 2019/07/23 07:30
     - Found all A3mstC met fields for 2019/07/23 07:30
     - Found all A3mstE met fields for 2019/07/23 07:30
     - Found all I3     met fields for 2019/07/23 09:00
---> DATE: 2019/07/23  UTC: 06:10
---> DATE: 2019/07/23  UTC: 06:20
---> DATE: 2019/07/23  UTC: 06:30
---> DATE: 2019/07/23  UTC: 06:40
---> DATE: 2019/07/23  UTC: 06:50
---> DATE: 2019/07/23  UTC: 07:00
     - Found all A1     met fields for 2019/07/23 07:30
---> DATE: 2019/07/23  UTC: 07:10
---> DATE: 2019/07/23  UTC: 07:20
---> DATE: 2019/07/23  UTC: 07:30
---> DATE: 2019/07/23  UTC: 07:40
---> DATE: 2019/07/23  UTC: 07:50
---> DATE: 2019/07/23  UTC: 08:00
     - Found all A1     met fields for 2019/07/23 08:30
---> DATE: 2019/07/23  UTC: 08:10
---> DATE: 2019/07/23  UTC: 08:20
---> DATE: 2019/07/23  UTC: 08:30
---> DATE: 2019/07/23  UTC: 08:40
---> DATE: 2019/07/23  UTC: 08:50
---> DATE: 2019/07/23  UTC: 09:00
HEMCO: Opening /projects/b56h/ExtData//HEMCO/OFFLINE_LIGHTNING/v2020-03/MERRA2/2019/FLASH_CTH_MERRA2_0.5x0.625_2019_07.nc4
     - Found all A1     met fields for 2019/07/23 09:30
     - Found all A3cld  met fields for 2019/07/23 10:30
     - Found all A3dyn  met fields for 2019/07/23 10:30
     - Found all A3mstC met fields for 2019/07/23 10:30
     - Found all A3mstE met fields for 2019/07/23 10:30
     - Found all I3     met fields for 2019/07/23 12:00
---> DATE: 2019/07/23  UTC: 09:10
---> DATE: 2019/07/23  UTC: 09:20
---> DATE: 2019/07/23  UTC: 09:30
---> DATE: 2019/07/23  UTC: 09:40
---> DATE: 2019/07/23  UTC: 09:50
---> DATE: 2019/07/23  UTC: 10:00
     - Found all A1     met fields for 2019/07/23 10:30
---> DATE: 2019/07/23  UTC: 10:10
---> DATE: 2019/07/23  UTC: 10:20
---> DATE: 2019/07/23  UTC: 10:30
---> DATE: 2019/07/23  UTC: 10:40
---> DATE: 2019/07/23  UTC: 10:50
---> DATE: 2019/07/23  UTC: 11:00
     - Found all A1     met fields for 2019/07/23 11:30
---> DATE: 2019/07/23  UTC: 11:10
---> DATE: 2019/07/23  UTC: 11:20
---> DATE: 2019/07/23  UTC: 11:30
---> DATE: 2019/07/23  UTC: 11:40
---> DATE: 2019/07/23  UTC: 11:50
---> DATE: 2019/07/23  UTC: 12:00
HEMCO: Opening /projects/b56h/ExtData//HEMCO/OFFLINE_LIGHTNING/v2020-03/MERRA2/2019/FLASH_CTH_MERRA2_0.5x0.625_2019_07.nc4
     - Found all A1     met fields for 2019/07/23 12:30
     - Found all A3cld  met fields for 2019/07/23 13:30
     - Found all A3dyn  met fields for 2019/07/23 13:30
     - Found all A3mstC met fields for 2019/07/23 13:30
     - Found all A3mstE met fields for 2019/07/23 13:30
     - Found all I3     met fields for 2019/07/23 15:00
---> DATE: 2019/07/23  UTC: 12:10
---> DATE: 2019/07/23  UTC: 12:20
---> DATE: 2019/07/23  UTC: 12:30
---> DATE: 2019/07/23  UTC: 12:40
---> DATE: 2019/07/23  UTC: 12:50
---> DATE: 2019/07/23  UTC: 13:00
     - Found all A1     met fields for 2019/07/23 13:30
---> DATE: 2019/07/23  UTC: 13:10
---> DATE: 2019/07/23  UTC: 13:20
---> DATE: 2019/07/23  UTC: 13:30
---> DATE: 2019/07/23  UTC: 13:40
---> DATE: 2019/07/23  UTC: 13:50
---> DATE: 2019/07/23  UTC: 14:00
     - Found all A1     met fields for 2019/07/23 14:30
---> DATE: 2019/07/23  UTC: 14:10
---> DATE: 2019/07/23  UTC: 14:20
---> DATE: 2019/07/23  UTC: 14:30
---> DATE: 2019/07/23  UTC: 14:40
---> DATE: 2019/07/23  UTC: 14:50
---> DATE: 2019/07/23  UTC: 15:00
HEMCO: Opening /projects/b56h/ExtData//HEMCO/OFFLINE_LIGHTNING/v2020-03/MERRA2/2019/FLASH_CTH_MERRA2_0.5x0.625_2019_07.nc4
     - Found all A1     met fields for 2019/07/23 15:30
     - Found all A3cld  met fields for 2019/07/23 16:30
     - Found all A3dyn  met fields for 2019/07/23 16:30
     - Found all A3mstC met fields for 2019/07/23 16:30
     - Found all A3mstE met fields for 2019/07/23 16:30
     - Found all I3     met fields for 2019/07/23 18:00
---> DATE: 2019/07/23  UTC: 15:10
---> DATE: 2019/07/23  UTC: 15:20
---> DATE: 2019/07/23  UTC: 15:30
---> DATE: 2019/07/23  UTC: 15:40
---> DATE: 2019/07/23  UTC: 15:50
---> DATE: 2019/07/23  UTC: 16:00
     - Found all A1     met fields for 2019/07/23 16:30
---> DATE: 2019/07/23  UTC: 16:10
---> DATE: 2019/07/23  UTC: 16:20
---> DATE: 2019/07/23  UTC: 16:30
---> DATE: 2019/07/23  UTC: 16:40
---> DATE: 2019/07/23  UTC: 16:50
---> DATE: 2019/07/23  UTC: 17:00
     - Found all A1     met fields for 2019/07/23 17:30
---> DATE: 2019/07/23  UTC: 17:10
---> DATE: 2019/07/23  UTC: 17:20
---> DATE: 2019/07/23  UTC: 17:30
---> DATE: 2019/07/23  UTC: 17:40
---> DATE: 2019/07/23  UTC: 17:50
---> DATE: 2019/07/23  UTC: 18:00
HEMCO: Opening /projects/b56h/ExtData//HEMCO/OFFLINE_LIGHTNING/v2020-03/MERRA2/2019/FLASH_CTH_MERRA2_0.5x0.625_2019_07.nc4
     - Found all A1     met fields for 2019/07/23 18:30
     - Found all A3cld  met fields for 2019/07/23 19:30
     - Found all A3dyn  met fields for 2019/07/23 19:30
     - Found all A3mstC met fields for 2019/07/23 19:30
     - Found all A3mstE met fields for 2019/07/23 19:30
     - Found all I3     met fields for 2019/07/23 21:00
---> DATE: 2019/07/23  UTC: 18:10
---> DATE: 2019/07/23  UTC: 18:20
---> DATE: 2019/07/23  UTC: 18:30
---> DATE: 2019/07/23  UTC: 18:40
---> DATE: 2019/07/23  UTC: 18:50
---> DATE: 2019/07/23  UTC: 19:00
     - Found all A1     met fields for 2019/07/23 19:30
---> DATE: 2019/07/23  UTC: 19:10
---> DATE: 2019/07/23  UTC: 19:20
---> DATE: 2019/07/23  UTC: 19:30
---> DATE: 2019/07/23  UTC: 19:40
---> DATE: 2019/07/23  UTC: 19:50
---> DATE: 2019/07/23  UTC: 20:00
     - Found all A1     met fields for 2019/07/23 20:30
---> DATE: 2019/07/23  UTC: 20:10
---> DATE: 2019/07/23  UTC: 20:20
---> DATE: 2019/07/23  UTC: 20:30
---> DATE: 2019/07/23  UTC: 20:40
---> DATE: 2019/07/23  UTC: 20:50
---> DATE: 2019/07/23  UTC: 21:00
HEMCO: Opening /projects/b56h/ExtData//HEMCO/OFFLINE_LIGHTNING/v2020-03/MERRA2/2019/FLASH_CTH_MERRA2_0.5x0.625_2019_07.nc4
     - Found all A1     met fields for 2019/07/23 21:30
     - Found all A3cld  met fields for 2019/07/23 22:30
     - Found all A3dyn  met fields for 2019/07/23 22:30
     - Found all A3mstC met fields for 2019/07/23 22:30
     - Found all A3mstE met fields for 2019/07/23 22:30
     - Found all I3     met fields for 2019/07/24 00:00
---> DATE: 2019/07/23  UTC: 21:10
---> DATE: 2019/07/23  UTC: 21:20
---> DATE: 2019/07/23  UTC: 21:30
---> DATE: 2019/07/23  UTC: 21:40
---> DATE: 2019/07/23  UTC: 21:50
---> DATE: 2019/07/23  UTC: 22:00
     - Found all A1     met fields for 2019/07/23 22:30
---> DATE: 2019/07/23  UTC: 22:10
---> DATE: 2019/07/23  UTC: 22:20
---> DATE: 2019/07/23  UTC: 22:30
---> DATE: 2019/07/23  UTC: 22:40
---> DATE: 2019/07/23  UTC: 22:50
---> DATE: 2019/07/23  UTC: 23:00
     - Found all A1     met fields for 2019/07/23 23:30
---> DATE: 2019/07/23  UTC: 23:10
---> DATE: 2019/07/23  UTC: 23:20
---> DATE: 2019/07/23  UTC: 23:30
---> DATE: 2019/07/23  UTC: 23:40
---> DATE: 2019/07/23  UTC: 23:50
---> DATE: 2019/07/24  UTC: 00:00
HEMCO: Opening /projects/b56h/ExtData//HEMCO/OFFLINE_DUST/v2025-03/0.5x0.625/MERRA2/2019/07/dust_emissions_05.MERRA2.20190724.nc
HEMCO: Opening /projects/b56h/ExtData//HEMCO/OFFLINE_BIOVOC/v2021-12/0.5x0.625/2019/07/biovoc_05.20190724.nc
HEMCO: Opening /projects/b56h/ExtData//HEMCO/OFFLINE_SEASALT/v2019-01/0.5x0.625/2019/07/seasalt_05.20190724.nc
HEMCO: Opening /projects/b56h/ExtData//HEMCO/OFFLINE_SOILNOX/v2021-12/0.5x0.625/2019/07/soilnox_05.20190724.nc
HEMCO: Opening /projects/b56h/ExtData//GEOS_4x5/MERRA2/2019/07/MERRA2.20190724.A1.4x5.nc4
HEMCO: Opening /projects/b56h/ExtData//GEOS_4x5/MERRA2/2019/07/MERRA2.20190724.A3cld.4x5.nc4
HEMCO: Opening /projects/b56h/ExtData//GEOS_4x5/MERRA2/2019/07/MERRA2.20190724.A3dyn.4x5.nc4
HEMCO: Opening /projects/b56h/ExtData//GEOS_4x5/MERRA2/2019/07/MERRA2.20190724.A3mstC.4x5.nc4
HEMCO: Opening /projects/b56h/ExtData//GEOS_4x5/MERRA2/2019/07/MERRA2.20190724.A3mstE.4x5.nc4
HEMCO: Opening /projects/b56h/ExtData//GEOS_4x5/MERRA2/2019/07/MERRA2.20190724.I3.4x5.nc4
HEMCO: Opening /projects/b56h/ExtData//GEOS_4x5/MERRA2/2019/07/MERRA2.20190725.I3.4x5.nc4
HEMCO: Opening /projects/b56h/ExtData//HEMCO/Yuan_XLAI/v2021-06/Yuan_proc_MODIS_XLAI.025x025.2019.nc
HEMCO: Opening /projects/b56h/ExtData//HEMCO/OFFLINE_LIGHTNING/v2020-03/MERRA2/2019/FLASH_CTH_MERRA2_0.5x0.625_2019_07.nc4
     - Found all A1     met fields for 2019/07/24 00:30
     - Found all A3cld  met fields for 2019/07/24 01:30
     - Found all A3dyn  met fields for 2019/07/24 01:30
     - Found all A3mstC met fields for 2019/07/24 01:30
     - Found all A3mstE met fields for 2019/07/24 01:30
     - Found all I3     met fields for 2019/07/24 03:00
HEMCO (VOLCANO): Opening /projects/b56h/ExtData//HEMCO/VOLCANO/v2024-04/2019/07/so2_volcanic_emissions_Carns.20190724.rc
---> DATE: 2019/07/24  UTC: 00:10
---> DATE: 2019/07/24  UTC: 00:20
---> DATE: 2019/07/24  UTC: 00:30
---> DATE: 2019/07/24  UTC: 00:40
---> DATE: 2019/07/24  UTC: 00:50
---> DATE: 2019/07/24  UTC: 01:00
     - Found all A1     met fields for 2019/07/24 01:30
---> DATE: 2019/07/24  UTC: 01:10
---> DATE: 2019/07/24  UTC: 01:20
---> DATE: 2019/07/24  UTC: 01:30
---> DATE: 2019/07/24  UTC: 01:40
---> DATE: 2019/07/24  UTC: 01:50
---> DATE: 2019/07/24  UTC: 02:00
     - Found all A1     met fields for 2019/07/24 02:30
---> DATE: 2019/07/24  UTC: 02:10
---> DATE: 2019/07/24  UTC: 02:20
---> DATE: 2019/07/24  UTC: 02:30
---> DATE: 2019/07/24  UTC: 02:40
---> DATE: 2019/07/24  UTC: 02:50
---> DATE: 2019/07/24  UTC: 03:00
HEMCO: Opening /projects/b56h/ExtData//HEMCO/OFFLINE_LIGHTNING/v2020-03/MERRA2/2019/FLASH_CTH_MERRA2_0.5x0.625_2019_07.nc4
     - Found all A1     met fields for 2019/07/24 03:30
     - Found all A3cld  met fields for 2019/07/24 04:30
     - Found all A3dyn  met fields for 2019/07/24 04:30
     - Found all A3mstC met fields for 2019/07/24 04:30
     - Found all A3mstE met fields for 2019/07/24 04:30
     - Found all I3     met fields for 2019/07/24 06:00
---> DATE: 2019/07/24  UTC: 03:10
---> DATE: 2019/07/24  UTC: 03:20
---> DATE: 2019/07/24  UTC: 03:30
---> DATE: 2019/07/24  UTC: 03:40
---> DATE: 2019/07/24  UTC: 03:50
---> DATE: 2019/07/24  UTC: 04:00
     - Found all A1     met fields for 2019/07/24 04:30
---> DATE: 2019/07/24  UTC: 04:10
---> DATE: 2019/07/24  UTC: 04:20
---> DATE: 2019/07/24  UTC: 04:30
---> DATE: 2019/07/24  UTC: 04:40
---> DATE: 2019/07/24  UTC: 04:50
---> DATE: 2019/07/24  UTC: 05:00
     - Found all A1     met fields for 2019/07/24 05:30
---> DATE: 2019/07/24  UTC: 05:10
---> DATE: 2019/07/24  UTC: 05:20
---> DATE: 2019/07/24  UTC: 05:30
---> DATE: 2019/07/24  UTC: 05:40
---> DATE: 2019/07/24  UTC: 05:50
---> DATE: 2019/07/24  UTC: 06:00
HEMCO: Opening /projects/b56h/ExtData//HEMCO/OFFLINE_LIGHTNING/v2020-03/MERRA2/2019/FLASH_CTH_MERRA2_0.5x0.625_2019_07.nc4
     - Found all A1     met fields for 2019/07/24 06:30
     - Found all A3cld  met fields for 2019/07/24 07:30
     - Found all A3dyn  met fields for 2019/07/24 07:30
     - Found all A3mstC met fields for 2019/07/24 07:30
     - Found all A3mstE met fields for 2019/07/24 07:30
     - Found all I3     met fields for 2019/07/24 09:00
---> DATE: 2019/07/24  UTC: 06:10
---> DATE: 2019/07/24  UTC: 06:20
---> DATE: 2019/07/24  UTC: 06:30
---> DATE: 2019/07/24  UTC: 06:40
---> DATE: 2019/07/24  UTC: 06:50
---> DATE: 2019/07/24  UTC: 07:00
     - Found all A1     met fields for 2019/07/24 07:30
---> DATE: 2019/07/24  UTC: 07:10
---> DATE: 2019/07/24  UTC: 07:20
---> DATE: 2019/07/24  UTC: 07:30
---> DATE: 2019/07/24  UTC: 07:40
---> DATE: 2019/07/24  UTC: 07:50
---> DATE: 2019/07/24  UTC: 08:00
     - Found all A1     met fields for 2019/07/24 08:30
---> DATE: 2019/07/24  UTC: 08:10
---> DATE: 2019/07/24  UTC: 08:20
---> DATE: 2019/07/24  UTC: 08:30
---> DATE: 2019/07/24  UTC: 08:40
---> DATE: 2019/07/24  UTC: 08:50
---> DATE: 2019/07/24  UTC: 09:00
HEMCO: Opening /projects/b56h/ExtData//HEMCO/OFFLINE_LIGHTNING/v2020-03/MERRA2/2019/FLASH_CTH_MERRA2_0.5x0.625_2019_07.nc4
     - Found all A1     met fields for 2019/07/24 09:30
     - Found all A3cld  met fields for 2019/07/24 10:30
     - Found all A3dyn  met fields for 2019/07/24 10:30
     - Found all A3mstC met fields for 2019/07/24 10:30
     - Found all A3mstE met fields for 2019/07/24 10:30
     - Found all I3     met fields for 2019/07/24 12:00
---> DATE: 2019/07/24  UTC: 09:10
---> DATE: 2019/07/24  UTC: 09:20
---> DATE: 2019/07/24  UTC: 09:30
---> DATE: 2019/07/24  UTC: 09:40
---> DATE: 2019/07/24  UTC: 09:50
---> DATE: 2019/07/24  UTC: 10:00
     - Found all A1     met fields for 2019/07/24 10:30
---> DATE: 2019/07/24  UTC: 10:10
---> DATE: 2019/07/24  UTC: 10:20
---> DATE: 2019/07/24  UTC: 10:30
---> DATE: 2019/07/24  UTC: 10:40
---> DATE: 2019/07/24  UTC: 10:50
---> DATE: 2019/07/24  UTC: 11:00
     - Found all A1     met fields for 2019/07/24 11:30
---> DATE: 2019/07/24  UTC: 11:10
---> DATE: 2019/07/24  UTC: 11:20
---> DATE: 2019/07/24  UTC: 11:30
---> DATE: 2019/07/24  UTC: 11:40
---> DATE: 2019/07/24  UTC: 11:50
---> DATE: 2019/07/24  UTC: 12:00
HEMCO: Opening /projects/b56h/ExtData//HEMCO/OFFLINE_LIGHTNING/v2020-03/MERRA2/2019/FLASH_CTH_MERRA2_0.5x0.625_2019_07.nc4
     - Found all A1     met fields for 2019/07/24 12:30
     - Found all A3cld  met fields for 2019/07/24 13:30
     - Found all A3dyn  met fields for 2019/07/24 13:30
     - Found all A3mstC met fields for 2019/07/24 13:30
     - Found all A3mstE met fields for 2019/07/24 13:30
     - Found all I3     met fields for 2019/07/24 15:00
---> DATE: 2019/07/24  UTC: 12:10
---> DATE: 2019/07/24  UTC: 12:20
---> DATE: 2019/07/24  UTC: 12:30
---> DATE: 2019/07/24  UTC: 12:40
---> DATE: 2019/07/24  UTC: 12:50
---> DATE: 2019/07/24  UTC: 13:00
     - Found all A1     met fields for 2019/07/24 13:30
---> DATE: 2019/07/24  UTC: 13:10
---> DATE: 2019/07/24  UTC: 13:20
---> DATE: 2019/07/24  UTC: 13:30
---> DATE: 2019/07/24  UTC: 13:40
---> DATE: 2019/07/24  UTC: 13:50
---> DATE: 2019/07/24  UTC: 14:00
     - Found all A1     met fields for 2019/07/24 14:30
---> DATE: 2019/07/24  UTC: 14:10
---> DATE: 2019/07/24  UTC: 14:20
---> DATE: 2019/07/24  UTC: 14:30
---> DATE: 2019/07/24  UTC: 14:40
---> DATE: 2019/07/24  UTC: 14:50
---> DATE: 2019/07/24  UTC: 15:00
HEMCO: Opening /projects/b56h/ExtData//HEMCO/OFFLINE_LIGHTNING/v2020-03/MERRA2/2019/FLASH_CTH_MERRA2_0.5x0.625_2019_07.nc4
     - Found all A1     met fields for 2019/07/24 15:30
     - Found all A3cld  met fields for 2019/07/24 16:30
     - Found all A3dyn  met fields for 2019/07/24 16:30
     - Found all A3mstC met fields for 2019/07/24 16:30
     - Found all A3mstE met fields for 2019/07/24 16:30
     - Found all I3     met fields for 2019/07/24 18:00
---> DATE: 2019/07/24  UTC: 15:10
---> DATE: 2019/07/24  UTC: 15:20
---> DATE: 2019/07/24  UTC: 15:30
---> DATE: 2019/07/24  UTC: 15:40
---> DATE: 2019/07/24  UTC: 15:50
---> DATE: 2019/07/24  UTC: 16:00
     - Found all A1     met fields for 2019/07/24 16:30
---> DATE: 2019/07/24  UTC: 16:10
---> DATE: 2019/07/24  UTC: 16:20
---> DATE: 2019/07/24  UTC: 16:30
---> DATE: 2019/07/24  UTC: 16:40
---> DATE: 2019/07/24  UTC: 16:50
---> DATE: 2019/07/24  UTC: 17:00
     - Found all A1     met fields for 2019/07/24 17:30
---> DATE: 2019/07/24  UTC: 17:10
---> DATE: 2019/07/24  UTC: 17:20
---> DATE: 2019/07/24  UTC: 17:30
---> DATE: 2019/07/24  UTC: 17:40
---> DATE: 2019/07/24  UTC: 17:50
---> DATE: 2019/07/24  UTC: 18:00
HEMCO: Opening /projects/b56h/ExtData//HEMCO/OFFLINE_LIGHTNING/v2020-03/MERRA2/2019/FLASH_CTH_MERRA2_0.5x0.625_2019_07.nc4
     - Found all A1     met fields for 2019/07/24 18:30
     - Found all A3cld  met fields for 2019/07/24 19:30
     - Found all A3dyn  met fields for 2019/07/24 19:30
     - Found all A3mstC met fields for 2019/07/24 19:30
     - Found all A3mstE met fields for 2019/07/24 19:30
     - Found all I3     met fields for 2019/07/24 21:00
---> DATE: 2019/07/24  UTC: 18:10
---> DATE: 2019/07/24  UTC: 18:20
---> DATE: 2019/07/24  UTC: 18:30
---> DATE: 2019/07/24  UTC: 18:40
---> DATE: 2019/07/24  UTC: 18:50
---> DATE: 2019/07/24  UTC: 19:00
     - Found all A1     met fields for 2019/07/24 19:30
---> DATE: 2019/07/24  UTC: 19:10
---> DATE: 2019/07/24  UTC: 19:20
---> DATE: 2019/07/24  UTC: 19:30
---> DATE: 2019/07/24  UTC: 19:40
---> DATE: 2019/07/24  UTC: 19:50
---> DATE: 2019/07/24  UTC: 20:00
     - Found all A1     met fields for 2019/07/24 20:30
---> DATE: 2019/07/24  UTC: 20:10
---> DATE: 2019/07/24  UTC: 20:20
---> DATE: 2019/07/24  UTC: 20:30
---> DATE: 2019/07/24  UTC: 20:40
---> DATE: 2019/07/24  UTC: 20:50
---> DATE: 2019/07/24  UTC: 21:00
HEMCO: Opening /projects/b56h/ExtData//HEMCO/OFFLINE_LIGHTNING/v2020-03/MERRA2/2019/FLASH_CTH_MERRA2_0.5x0.625_2019_07.nc4
     - Found all A1     met fields for 2019/07/24 21:30
     - Found all A3cld  met fields for 2019/07/24 22:30
     - Found all A3dyn  met fields for 2019/07/24 22:30
     - Found all A3mstC met fields for 2019/07/24 22:30
     - Found all A3mstE met fields for 2019/07/24 22:30
     - Found all I3     met fields for 2019/07/25 00:00
---> DATE: 2019/07/24  UTC: 21:10
---> DATE: 2019/07/24  UTC: 21:20
---> DATE: 2019/07/24  UTC: 21:30
---> DATE: 2019/07/24  UTC: 21:40
---> DATE: 2019/07/24  UTC: 21:50
---> DATE: 2019/07/24  UTC: 22:00
     - Found all A1     met fields for 2019/07/24 22:30
---> DATE: 2019/07/24  UTC: 22:10
---> DATE: 2019/07/24  UTC: 22:20
---> DATE: 2019/07/24  UTC: 22:30
---> DATE: 2019/07/24  UTC: 22:40
---> DATE: 2019/07/24  UTC: 22:50
---> DATE: 2019/07/24  UTC: 23:00
     - Found all A1     met fields for 2019/07/24 23:30
---> DATE: 2019/07/24  UTC: 23:10
---> DATE: 2019/07/24  UTC: 23:20
---> DATE: 2019/07/24  UTC: 23:30
---> DATE: 2019/07/24  UTC: 23:40
---> DATE: 2019/07/24  UTC: 23:50
---> DATE: 2019/07/25  UTC: 00:00
HEMCO: Opening /projects/b56h/ExtData//HEMCO/OFFLINE_DUST/v2025-03/0.5x0.625/MERRA2/2019/07/dust_emissions_05.MERRA2.20190725.nc
HEMCO: Opening /projects/b56h/ExtData//HEMCO/OFFLINE_BIOVOC/v2021-12/0.5x0.625/2019/07/biovoc_05.20190725.nc
HEMCO: Opening /projects/b56h/ExtData//HEMCO/OFFLINE_SEASALT/v2019-01/0.5x0.625/2019/07/seasalt_05.20190725.nc
HEMCO: Opening /projects/b56h/ExtData//HEMCO/OFFLINE_SOILNOX/v2021-12/0.5x0.625/2019/07/soilnox_05.20190725.nc
HEMCO: Opening /projects/b56h/ExtData//GEOS_4x5/MERRA2/2019/07/MERRA2.20190725.A1.4x5.nc4
HEMCO: Opening /projects/b56h/ExtData//GEOS_4x5/MERRA2/2019/07/MERRA2.20190725.A3cld.4x5.nc4
HEMCO: Opening /projects/b56h/ExtData//GEOS_4x5/MERRA2/2019/07/MERRA2.20190725.A3dyn.4x5.nc4
HEMCO: Opening /projects/b56h/ExtData//GEOS_4x5/MERRA2/2019/07/MERRA2.20190725.A3mstC.4x5.nc4
HEMCO: Opening /projects/b56h/ExtData//GEOS_4x5/MERRA2/2019/07/MERRA2.20190725.A3mstE.4x5.nc4
HEMCO: Opening /projects/b56h/ExtData//GEOS_4x5/MERRA2/2019/07/MERRA2.20190725.I3.4x5.nc4
HEMCO: Opening /projects/b56h/ExtData//GEOS_4x5/MERRA2/2019/07/MERRA2.20190726.I3.4x5.nc4
HEMCO: Opening /projects/b56h/ExtData//HEMCO/Yuan_XLAI/v2021-06/Yuan_proc_MODIS_XLAI.025x025.2019.nc
HEMCO: Opening /projects/b56h/ExtData//HEMCO/OFFLINE_LIGHTNING/v2020-03/MERRA2/2019/FLASH_CTH_MERRA2_0.5x0.625_2019_07.nc4
     - Found all A1     met fields for 2019/07/25 00:30
     - Found all A3cld  met fields for 2019/07/25 01:30
     - Found all A3dyn  met fields for 2019/07/25 01:30
     - Found all A3mstC met fields for 2019/07/25 01:30
     - Found all A3mstE met fields for 2019/07/25 01:30
     - Found all I3     met fields for 2019/07/25 03:00
HEMCO (VOLCANO): Opening /projects/b56h/ExtData//HEMCO/VOLCANO/v2024-04/2019/07/so2_volcanic_emissions_Carns.20190725.rc
---> DATE: 2019/07/25  UTC: 00:10
---> DATE: 2019/07/25  UTC: 00:20
---> DATE: 2019/07/25  UTC: 00:30
---> DATE: 2019/07/25  UTC: 00:40
---> DATE: 2019/07/25  UTC: 00:50
---> DATE: 2019/07/25  UTC: 01:00
     - Found all A1     met fields for 2019/07/25 01:30
---> DATE: 2019/07/25  UTC: 01:10
---> DATE: 2019/07/25  UTC: 01:20
---> DATE: 2019/07/25  UTC: 01:30
---> DATE: 2019/07/25  UTC: 01:40
---> DATE: 2019/07/25  UTC: 01:50
---> DATE: 2019/07/25  UTC: 02:00
     - Found all A1     met fields for 2019/07/25 02:30
---> DATE: 2019/07/25  UTC: 02:10
---> DATE: 2019/07/25  UTC: 02:20
---> DATE: 2019/07/25  UTC: 02:30
---> DATE: 2019/07/25  UTC: 02:40
---> DATE: 2019/07/25  UTC: 02:50
---> DATE: 2019/07/25  UTC: 03:00
HEMCO: Opening /projects/b56h/ExtData//HEMCO/OFFLINE_LIGHTNING/v2020-03/MERRA2/2019/FLASH_CTH_MERRA2_0.5x0.625_2019_07.nc4
     - Found all A1     met fields for 2019/07/25 03:30
     - Found all A3cld  met fields for 2019/07/25 04:30
     - Found all A3dyn  met fields for 2019/07/25 04:30
     - Found all A3mstC met fields for 2019/07/25 04:30
     - Found all A3mstE met fields for 2019/07/25 04:30
     - Found all I3     met fields for 2019/07/25 06:00
---> DATE: 2019/07/25  UTC: 03:10
---> DATE: 2019/07/25  UTC: 03:20
---> DATE: 2019/07/25  UTC: 03:30
---> DATE: 2019/07/25  UTC: 03:40
---> DATE: 2019/07/25  UTC: 03:50
---> DATE: 2019/07/25  UTC: 04:00
     - Found all A1     met fields for 2019/07/25 04:30
---> DATE: 2019/07/25  UTC: 04:10
---> DATE: 2019/07/25  UTC: 04:20
---> DATE: 2019/07/25  UTC: 04:30
---> DATE: 2019/07/25  UTC: 04:40
---> DATE: 2019/07/25  UTC: 04:50
---> DATE: 2019/07/25  UTC: 05:00
     - Found all A1     met fields for 2019/07/25 05:30
---> DATE: 2019/07/25  UTC: 05:10
---> DATE: 2019/07/25  UTC: 05:20
---> DATE: 2019/07/25  UTC: 05:30
---> DATE: 2019/07/25  UTC: 05:40
---> DATE: 2019/07/25  UTC: 05:50
---> DATE: 2019/07/25  UTC: 06:00
HEMCO: Opening /projects/b56h/ExtData//HEMCO/OFFLINE_LIGHTNING/v2020-03/MERRA2/2019/FLASH_CTH_MERRA2_0.5x0.625_2019_07.nc4
     - Found all A1     met fields for 2019/07/25 06:30
     - Found all A3cld  met fields for 2019/07/25 07:30
     - Found all A3dyn  met fields for 2019/07/25 07:30
     - Found all A3mstC met fields for 2019/07/25 07:30
     - Found all A3mstE met fields for 2019/07/25 07:30
     - Found all I3     met fields for 2019/07/25 09:00
---> DATE: 2019/07/25  UTC: 06:10
---> DATE: 2019/07/25  UTC: 06:20
---> DATE: 2019/07/25  UTC: 06:30
---> DATE: 2019/07/25  UTC: 06:40
---> DATE: 2019/07/25  UTC: 06:50
---> DATE: 2019/07/25  UTC: 07:00
     - Found all A1     met fields for 2019/07/25 07:30
---> DATE: 2019/07/25  UTC: 07:10
---> DATE: 2019/07/25  UTC: 07:20
---> DATE: 2019/07/25  UTC: 07:30
---> DATE: 2019/07/25  UTC: 07:40
---> DATE: 2019/07/25  UTC: 07:50
---> DATE: 2019/07/25  UTC: 08:00
     - Found all A1     met fields for 2019/07/25 08:30
---> DATE: 2019/07/25  UTC: 08:10
---> DATE: 2019/07/25  UTC: 08:20
---> DATE: 2019/07/25  UTC: 08:30
---> DATE: 2019/07/25  UTC: 08:40
---> DATE: 2019/07/25  UTC: 08:50
---> DATE: 2019/07/25  UTC: 09:00
HEMCO: Opening /projects/b56h/ExtData//HEMCO/OFFLINE_LIGHTNING/v2020-03/MERRA2/2019/FLASH_CTH_MERRA2_0.5x0.625_2019_07.nc4
     - Found all A1     met fields for 2019/07/25 09:30
     - Found all A3cld  met fields for 2019/07/25 10:30
     - Found all A3dyn  met fields for 2019/07/25 10:30
     - Found all A3mstC met fields for 2019/07/25 10:30
     - Found all A3mstE met fields for 2019/07/25 10:30
     - Found all I3     met fields for 2019/07/25 12:00
---> DATE: 2019/07/25  UTC: 09:10
---> DATE: 2019/07/25  UTC: 09:20
---> DATE: 2019/07/25  UTC: 09:30
---> DATE: 2019/07/25  UTC: 09:40
---> DATE: 2019/07/25  UTC: 09:50
---> DATE: 2019/07/25  UTC: 10:00
     - Found all A1     met fields for 2019/07/25 10:30
---> DATE: 2019/07/25  UTC: 10:10
---> DATE: 2019/07/25  UTC: 10:20
---> DATE: 2019/07/25  UTC: 10:30
---> DATE: 2019/07/25  UTC: 10:40
---> DATE: 2019/07/25  UTC: 10:50
---> DATE: 2019/07/25  UTC: 11:00
     - Found all A1     met fields for 2019/07/25 11:30
---> DATE: 2019/07/25  UTC: 11:10
---> DATE: 2019/07/25  UTC: 11:20
---> DATE: 2019/07/25  UTC: 11:30
---> DATE: 2019/07/25  UTC: 11:40
---> DATE: 2019/07/25  UTC: 11:50
---> DATE: 2019/07/25  UTC: 12:00
HEMCO: Opening /projects/b56h/ExtData//HEMCO/OFFLINE_LIGHTNING/v2020-03/MERRA2/2019/FLASH_CTH_MERRA2_0.5x0.625_2019_07.nc4
     - Found all A1     met fields for 2019/07/25 12:30
     - Found all A3cld  met fields for 2019/07/25 13:30
     - Found all A3dyn  met fields for 2019/07/25 13:30
     - Found all A3mstC met fields for 2019/07/25 13:30
     - Found all A3mstE met fields for 2019/07/25 13:30
     - Found all I3     met fields for 2019/07/25 15:00
---> DATE: 2019/07/25  UTC: 12:10
---> DATE: 2019/07/25  UTC: 12:20
---> DATE: 2019/07/25  UTC: 12:30
---> DATE: 2019/07/25  UTC: 12:40
---> DATE: 2019/07/25  UTC: 12:50
---> DATE: 2019/07/25  UTC: 13:00
     - Found all A1     met fields for 2019/07/25 13:30
---> DATE: 2019/07/25  UTC: 13:10
---> DATE: 2019/07/25  UTC: 13:20
---> DATE: 2019/07/25  UTC: 13:30
---> DATE: 2019/07/25  UTC: 13:40
---> DATE: 2019/07/25  UTC: 13:50
---> DATE: 2019/07/25  UTC: 14:00
     - Found all A1     met fields for 2019/07/25 14:30
---> DATE: 2019/07/25  UTC: 14:10
---> DATE: 2019/07/25  UTC: 14:20
---> DATE: 2019/07/25  UTC: 14:30
---> DATE: 2019/07/25  UTC: 14:40
---> DATE: 2019/07/25  UTC: 14:50
---> DATE: 2019/07/25  UTC: 15:00
HEMCO: Opening /projects/b56h/ExtData//HEMCO/OFFLINE_LIGHTNING/v2020-03/MERRA2/2019/FLASH_CTH_MERRA2_0.5x0.625_2019_07.nc4
     - Found all A1     met fields for 2019/07/25 15:30
     - Found all A3cld  met fields for 2019/07/25 16:30
     - Found all A3dyn  met fields for 2019/07/25 16:30
     - Found all A3mstC met fields for 2019/07/25 16:30
     - Found all A3mstE met fields for 2019/07/25 16:30
     - Found all I3     met fields for 2019/07/25 18:00
---> DATE: 2019/07/25  UTC: 15:10
---> DATE: 2019/07/25  UTC: 15:20
---> DATE: 2019/07/25  UTC: 15:30
---> DATE: 2019/07/25  UTC: 15:40
---> DATE: 2019/07/25  UTC: 15:50
---> DATE: 2019/07/25  UTC: 16:00
     - Found all A1     met fields for 2019/07/25 16:30
---> DATE: 2019/07/25  UTC: 16:10
---> DATE: 2019/07/25  UTC: 16:20
---> DATE: 2019/07/25  UTC: 16:30
---> DATE: 2019/07/25  UTC: 16:40
---> DATE: 2019/07/25  UTC: 16:50
---> DATE: 2019/07/25  UTC: 17:00
     - Found all A1     met fields for 2019/07/25 17:30
---> DATE: 2019/07/25  UTC: 17:10
---> DATE: 2019/07/25  UTC: 17:20
---> DATE: 2019/07/25  UTC: 17:30
---> DATE: 2019/07/25  UTC: 17:40
---> DATE: 2019/07/25  UTC: 17:50
---> DATE: 2019/07/25  UTC: 18:00
HEMCO: Opening /projects/b56h/ExtData//HEMCO/OFFLINE_LIGHTNING/v2020-03/MERRA2/2019/FLASH_CTH_MERRA2_0.5x0.625_2019_07.nc4
     - Found all A1     met fields for 2019/07/25 18:30
     - Found all A3cld  met fields for 2019/07/25 19:30
     - Found all A3dyn  met fields for 2019/07/25 19:30
     - Found all A3mstC met fields for 2019/07/25 19:30
     - Found all A3mstE met fields for 2019/07/25 19:30
     - Found all I3     met fields for 2019/07/25 21:00
---> DATE: 2019/07/25  UTC: 18:10
---> DATE: 2019/07/25  UTC: 18:20
---> DATE: 2019/07/25  UTC: 18:30
---> DATE: 2019/07/25  UTC: 18:40
---> DATE: 2019/07/25  UTC: 18:50
---> DATE: 2019/07/25  UTC: 19:00
     - Found all A1     met fields for 2019/07/25 19:30
---> DATE: 2019/07/25  UTC: 19:10
---> DATE: 2019/07/25  UTC: 19:20
---> DATE: 2019/07/25  UTC: 19:30
---> DATE: 2019/07/25  UTC: 19:40
---> DATE: 2019/07/25  UTC: 19:50
---> DATE: 2019/07/25  UTC: 20:00
     - Found all A1     met fields for 2019/07/25 20:30
---> DATE: 2019/07/25  UTC: 20:10
---> DATE: 2019/07/25  UTC: 20:20
---> DATE: 2019/07/25  UTC: 20:30
---> DATE: 2019/07/25  UTC: 20:40
---> DATE: 2019/07/25  UTC: 20:50
---> DATE: 2019/07/25  UTC: 21:00
HEMCO: Opening /projects/b56h/ExtData//HEMCO/OFFLINE_LIGHTNING/v2020-03/MERRA2/2019/FLASH_CTH_MERRA2_0.5x0.625_2019_07.nc4
     - Found all A1     met fields for 2019/07/25 21:30
     - Found all A3cld  met fields for 2019/07/25 22:30
     - Found all A3dyn  met fields for 2019/07/25 22:30
     - Found all A3mstC met fields for 2019/07/25 22:30
     - Found all A3mstE met fields for 2019/07/25 22:30
     - Found all I3     met fields for 2019/07/26 00:00
---> DATE: 2019/07/25  UTC: 21:10
---> DATE: 2019/07/25  UTC: 21:20
---> DATE: 2019/07/25  UTC: 21:30
---> DATE: 2019/07/25  UTC: 21:40
---> DATE: 2019/07/25  UTC: 21:50
---> DATE: 2019/07/25  UTC: 22:00
     - Found all A1     met fields for 2019/07/25 22:30
---> DATE: 2019/07/25  UTC: 22:10
---> DATE: 2019/07/25  UTC: 22:20
---> DATE: 2019/07/25  UTC: 22:30
---> DATE: 2019/07/25  UTC: 22:40
---> DATE: 2019/07/25  UTC: 22:50
---> DATE: 2019/07/25  UTC: 23:00
     - Found all A1     met fields for 2019/07/25 23:30
---> DATE: 2019/07/25  UTC: 23:10
---> DATE: 2019/07/25  UTC: 23:20
---> DATE: 2019/07/25  UTC: 23:30
---> DATE: 2019/07/25  UTC: 23:40
---> DATE: 2019/07/25  UTC: 23:50
---> DATE: 2019/07/26  UTC: 00:00
HEMCO: Opening /projects/b56h/ExtData//HEMCO/OFFLINE_DUST/v2025-03/0.5x0.625/MERRA2/2019/07/dust_emissions_05.MERRA2.20190726.nc
HEMCO: Opening /projects/b56h/ExtData//HEMCO/OFFLINE_BIOVOC/v2021-12/0.5x0.625/2019/07/biovoc_05.20190726.nc
HEMCO: Opening /projects/b56h/ExtData//HEMCO/OFFLINE_SEASALT/v2019-01/0.5x0.625/2019/07/seasalt_05.20190726.nc
HEMCO: Opening /projects/b56h/ExtData//HEMCO/OFFLINE_SOILNOX/v2021-12/0.5x0.625/2019/07/soilnox_05.20190726.nc
HEMCO: Opening /projects/b56h/ExtData//GEOS_4x5/MERRA2/2019/07/MERRA2.20190726.A1.4x5.nc4
HEMCO: Opening /projects/b56h/ExtData//GEOS_4x5/MERRA2/2019/07/MERRA2.20190726.A3cld.4x5.nc4
HEMCO: Opening /projects/b56h/ExtData//GEOS_4x5/MERRA2/2019/07/MERRA2.20190726.A3dyn.4x5.nc4
HEMCO: Opening /projects/b56h/ExtData//GEOS_4x5/MERRA2/2019/07/MERRA2.20190726.A3mstC.4x5.nc4
HEMCO: Opening /projects/b56h/ExtData//GEOS_4x5/MERRA2/2019/07/MERRA2.20190726.A3mstE.4x5.nc4
HEMCO: Opening /projects/b56h/ExtData//GEOS_4x5/MERRA2/2019/07/MERRA2.20190726.I3.4x5.nc4
HEMCO: Opening /projects/b56h/ExtData//GEOS_4x5/MERRA2/2019/07/MERRA2.20190727.I3.4x5.nc4
HEMCO: Opening /projects/b56h/ExtData//HEMCO/Yuan_XLAI/v2021-06/Yuan_proc_MODIS_XLAI.025x025.2019.nc
HEMCO: Opening /projects/b56h/ExtData//HEMCO/OFFLINE_LIGHTNING/v2020-03/MERRA2/2019/FLASH_CTH_MERRA2_0.5x0.625_2019_07.nc4
     - Found all A1     met fields for 2019/07/26 00:30
     - Found all A3cld  met fields for 2019/07/26 01:30
     - Found all A3dyn  met fields for 2019/07/26 01:30
     - Found all A3mstC met fields for 2019/07/26 01:30
     - Found all A3mstE met fields for 2019/07/26 01:30
     - Found all I3     met fields for 2019/07/26 03:00
HEMCO (VOLCANO): Opening /projects/b56h/ExtData//HEMCO/VOLCANO/v2024-04/2019/07/so2_volcanic_emissions_Carns.20190726.rc
---> DATE: 2019/07/26  UTC: 00:10
---> DATE: 2019/07/26  UTC: 00:20
---> DATE: 2019/07/26  UTC: 00:30
---> DATE: 2019/07/26  UTC: 00:40
---> DATE: 2019/07/26  UTC: 00:50
---> DATE: 2019/07/26  UTC: 01:00
     - Found all A1     met fields for 2019/07/26 01:30
---> DATE: 2019/07/26  UTC: 01:10
---> DATE: 2019/07/26  UTC: 01:20
---> DATE: 2019/07/26  UTC: 01:30
---> DATE: 2019/07/26  UTC: 01:40
---> DATE: 2019/07/26  UTC: 01:50
---> DATE: 2019/07/26  UTC: 02:00
     - Found all A1     met fields for 2019/07/26 02:30
---> DATE: 2019/07/26  UTC: 02:10
---> DATE: 2019/07/26  UTC: 02:20
---> DATE: 2019/07/26  UTC: 02:30
---> DATE: 2019/07/26  UTC: 02:40
---> DATE: 2019/07/26  UTC: 02:50
---> DATE: 2019/07/26  UTC: 03:00
HEMCO: Opening /projects/b56h/ExtData//HEMCO/OFFLINE_LIGHTNING/v2020-03/MERRA2/2019/FLASH_CTH_MERRA2_0.5x0.625_2019_07.nc4
     - Found all A1     met fields for 2019/07/26 03:30
     - Found all A3cld  met fields for 2019/07/26 04:30
     - Found all A3dyn  met fields for 2019/07/26 04:30
     - Found all A3mstC met fields for 2019/07/26 04:30
     - Found all A3mstE met fields for 2019/07/26 04:30
     - Found all I3     met fields for 2019/07/26 06:00
---> DATE: 2019/07/26  UTC: 03:10
---> DATE: 2019/07/26  UTC: 03:20
---> DATE: 2019/07/26  UTC: 03:30
---> DATE: 2019/07/26  UTC: 03:40
---> DATE: 2019/07/26  UTC: 03:50
---> DATE: 2019/07/26  UTC: 04:00
     - Found all A1     met fields for 2019/07/26 04:30
---> DATE: 2019/07/26  UTC: 04:10
---> DATE: 2019/07/26  UTC: 04:20
---> DATE: 2019/07/26  UTC: 04:30
---> DATE: 2019/07/26  UTC: 04:40
---> DATE: 2019/07/26  UTC: 04:50
---> DATE: 2019/07/26  UTC: 05:00
     - Found all A1     met fields for 2019/07/26 05:30
---> DATE: 2019/07/26  UTC: 05:10
---> DATE: 2019/07/26  UTC: 05:20
---> DATE: 2019/07/26  UTC: 05:30
---> DATE: 2019/07/26  UTC: 05:40
---> DATE: 2019/07/26  UTC: 05:50
---> DATE: 2019/07/26  UTC: 06:00
HEMCO: Opening /projects/b56h/ExtData//HEMCO/OFFLINE_LIGHTNING/v2020-03/MERRA2/2019/FLASH_CTH_MERRA2_0.5x0.625_2019_07.nc4
     - Found all A1     met fields for 2019/07/26 06:30
     - Found all A3cld  met fields for 2019/07/26 07:30
     - Found all A3dyn  met fields for 2019/07/26 07:30
     - Found all A3mstC met fields for 2019/07/26 07:30
     - Found all A3mstE met fields for 2019/07/26 07:30
     - Found all I3     met fields for 2019/07/26 09:00
---> DATE: 2019/07/26  UTC: 06:10
---> DATE: 2019/07/26  UTC: 06:20
---> DATE: 2019/07/26  UTC: 06:30
---> DATE: 2019/07/26  UTC: 06:40
---> DATE: 2019/07/26  UTC: 06:50
---> DATE: 2019/07/26  UTC: 07:00
     - Found all A1     met fields for 2019/07/26 07:30
---> DATE: 2019/07/26  UTC: 07:10
---> DATE: 2019/07/26  UTC: 07:20
---> DATE: 2019/07/26  UTC: 07:30
---> DATE: 2019/07/26  UTC: 07:40
---> DATE: 2019/07/26  UTC: 07:50
---> DATE: 2019/07/26  UTC: 08:00
     - Found all A1     met fields for 2019/07/26 08:30
---> DATE: 2019/07/26  UTC: 08:10
---> DATE: 2019/07/26  UTC: 08:20
---> DATE: 2019/07/26  UTC: 08:30
---> DATE: 2019/07/26  UTC: 08:40
---> DATE: 2019/07/26  UTC: 08:50
---> DATE: 2019/07/26  UTC: 09:00
HEMCO: Opening /projects/b56h/ExtData//HEMCO/OFFLINE_LIGHTNING/v2020-03/MERRA2/2019/FLASH_CTH_MERRA2_0.5x0.625_2019_07.nc4
     - Found all A1     met fields for 2019/07/26 09:30
     - Found all A3cld  met fields for 2019/07/26 10:30
     - Found all A3dyn  met fields for 2019/07/26 10:30
     - Found all A3mstC met fields for 2019/07/26 10:30
     - Found all A3mstE met fields for 2019/07/26 10:30
     - Found all I3     met fields for 2019/07/26 12:00
---> DATE: 2019/07/26  UTC: 09:10
---> DATE: 2019/07/26  UTC: 09:20
---> DATE: 2019/07/26  UTC: 09:30
---> DATE: 2019/07/26  UTC: 09:40
---> DATE: 2019/07/26  UTC: 09:50
---> DATE: 2019/07/26  UTC: 10:00
     - Found all A1     met fields for 2019/07/26 10:30
---> DATE: 2019/07/26  UTC: 10:10
---> DATE: 2019/07/26  UTC: 10:20
---> DATE: 2019/07/26  UTC: 10:30
---> DATE: 2019/07/26  UTC: 10:40
---> DATE: 2019/07/26  UTC: 10:50
---> DATE: 2019/07/26  UTC: 11:00
     - Found all A1     met fields for 2019/07/26 11:30
---> DATE: 2019/07/26  UTC: 11:10
---> DATE: 2019/07/26  UTC: 11:20
---> DATE: 2019/07/26  UTC: 11:30
---> DATE: 2019/07/26  UTC: 11:40
---> DATE: 2019/07/26  UTC: 11:50
---> DATE: 2019/07/26  UTC: 12:00
HEMCO: Opening /projects/b56h/ExtData//HEMCO/OFFLINE_LIGHTNING/v2020-03/MERRA2/2019/FLASH_CTH_MERRA2_0.5x0.625_2019_07.nc4
     - Found all A1     met fields for 2019/07/26 12:30
     - Found all A3cld  met fields for 2019/07/26 13:30
     - Found all A3dyn  met fields for 2019/07/26 13:30
     - Found all A3mstC met fields for 2019/07/26 13:30
     - Found all A3mstE met fields for 2019/07/26 13:30
     - Found all I3     met fields for 2019/07/26 15:00
---> DATE: 2019/07/26  UTC: 12:10
---> DATE: 2019/07/26  UTC: 12:20
---> DATE: 2019/07/26  UTC: 12:30
---> DATE: 2019/07/26  UTC: 12:40
---> DATE: 2019/07/26  UTC: 12:50
---> DATE: 2019/07/26  UTC: 13:00
     - Found all A1     met fields for 2019/07/26 13:30
---> DATE: 2019/07/26  UTC: 13:10
---> DATE: 2019/07/26  UTC: 13:20
---> DATE: 2019/07/26  UTC: 13:30
---> DATE: 2019/07/26  UTC: 13:40
---> DATE: 2019/07/26  UTC: 13:50
---> DATE: 2019/07/26  UTC: 14:00
     - Found all A1     met fields for 2019/07/26 14:30
---> DATE: 2019/07/26  UTC: 14:10
---> DATE: 2019/07/26  UTC: 14:20
---> DATE: 2019/07/26  UTC: 14:30
---> DATE: 2019/07/26  UTC: 14:40
---> DATE: 2019/07/26  UTC: 14:50
---> DATE: 2019/07/26  UTC: 15:00
HEMCO: Opening /projects/b56h/ExtData//HEMCO/OFFLINE_LIGHTNING/v2020-03/MERRA2/2019/FLASH_CTH_MERRA2_0.5x0.625_2019_07.nc4
     - Found all A1     met fields for 2019/07/26 15:30
     - Found all A3cld  met fields for 2019/07/26 16:30
     - Found all A3dyn  met fields for 2019/07/26 16:30
     - Found all A3mstC met fields for 2019/07/26 16:30
     - Found all A3mstE met fields for 2019/07/26 16:30
     - Found all I3     met fields for 2019/07/26 18:00
---> DATE: 2019/07/26  UTC: 15:10
---> DATE: 2019/07/26  UTC: 15:20
---> DATE: 2019/07/26  UTC: 15:30
---> DATE: 2019/07/26  UTC: 15:40
---> DATE: 2019/07/26  UTC: 15:50
---> DATE: 2019/07/26  UTC: 16:00
     - Found all A1     met fields for 2019/07/26 16:30
---> DATE: 2019/07/26  UTC: 16:10
---> DATE: 2019/07/26  UTC: 16:20
---> DATE: 2019/07/26  UTC: 16:30
---> DATE: 2019/07/26  UTC: 16:40
---> DATE: 2019/07/26  UTC: 16:50
---> DATE: 2019/07/26  UTC: 17:00
     - Found all A1     met fields for 2019/07/26 17:30
---> DATE: 2019/07/26  UTC: 17:10
---> DATE: 2019/07/26  UTC: 17:20
---> DATE: 2019/07/26  UTC: 17:30
---> DATE: 2019/07/26  UTC: 17:40
---> DATE: 2019/07/26  UTC: 17:50
---> DATE: 2019/07/26  UTC: 18:00
HEMCO: Opening /projects/b56h/ExtData//HEMCO/OFFLINE_LIGHTNING/v2020-03/MERRA2/2019/FLASH_CTH_MERRA2_0.5x0.625_2019_07.nc4
     - Found all A1     met fields for 2019/07/26 18:30
     - Found all A3cld  met fields for 2019/07/26 19:30
     - Found all A3dyn  met fields for 2019/07/26 19:30
     - Found all A3mstC met fields for 2019/07/26 19:30
     - Found all A3mstE met fields for 2019/07/26 19:30
     - Found all I3     met fields for 2019/07/26 21:00
---> DATE: 2019/07/26  UTC: 18:10
---> DATE: 2019/07/26  UTC: 18:20
---> DATE: 2019/07/26  UTC: 18:30
---> DATE: 2019/07/26  UTC: 18:40
---> DATE: 2019/07/26  UTC: 18:50
---> DATE: 2019/07/26  UTC: 19:00
     - Found all A1     met fields for 2019/07/26 19:30
---> DATE: 2019/07/26  UTC: 19:10
---> DATE: 2019/07/26  UTC: 19:20
---> DATE: 2019/07/26  UTC: 19:30
---> DATE: 2019/07/26  UTC: 19:40
---> DATE: 2019/07/26  UTC: 19:50
---> DATE: 2019/07/26  UTC: 20:00
     - Found all A1     met fields for 2019/07/26 20:30
---> DATE: 2019/07/26  UTC: 20:10
---> DATE: 2019/07/26  UTC: 20:20
---> DATE: 2019/07/26  UTC: 20:30
---> DATE: 2019/07/26  UTC: 20:40
---> DATE: 2019/07/26  UTC: 20:50
---> DATE: 2019/07/26  UTC: 21:00
HEMCO: Opening /projects/b56h/ExtData//HEMCO/OFFLINE_LIGHTNING/v2020-03/MERRA2/2019/FLASH_CTH_MERRA2_0.5x0.625_2019_07.nc4
     - Found all A1     met fields for 2019/07/26 21:30
     - Found all A3cld  met fields for 2019/07/26 22:30
     - Found all A3dyn  met fields for 2019/07/26 22:30
     - Found all A3mstC met fields for 2019/07/26 22:30
     - Found all A3mstE met fields for 2019/07/26 22:30
     - Found all I3     met fields for 2019/07/27 00:00
---> DATE: 2019/07/26  UTC: 21:10
---> DATE: 2019/07/26  UTC: 21:20
---> DATE: 2019/07/26  UTC: 21:30
---> DATE: 2019/07/26  UTC: 21:40
---> DATE: 2019/07/26  UTC: 21:50
---> DATE: 2019/07/26  UTC: 22:00
     - Found all A1     met fields for 2019/07/26 22:30
---> DATE: 2019/07/26  UTC: 22:10
---> DATE: 2019/07/26  UTC: 22:20
---> DATE: 2019/07/26  UTC: 22:30
---> DATE: 2019/07/26  UTC: 22:40
---> DATE: 2019/07/26  UTC: 22:50
---> DATE: 2019/07/26  UTC: 23:00
     - Found all A1     met fields for 2019/07/26 23:30
---> DATE: 2019/07/26  UTC: 23:10
---> DATE: 2019/07/26  UTC: 23:20
---> DATE: 2019/07/26  UTC: 23:30
---> DATE: 2019/07/26  UTC: 23:40
---> DATE: 2019/07/26  UTC: 23:50
---> DATE: 2019/07/27  UTC: 00:00
HEMCO: Opening /projects/b56h/ExtData//HEMCO/OFFLINE_DUST/v2025-03/0.5x0.625/MERRA2/2019/07/dust_emissions_05.MERRA2.20190727.nc
HEMCO: Opening /projects/b56h/ExtData//HEMCO/OFFLINE_BIOVOC/v2021-12/0.5x0.625/2019/07/biovoc_05.20190727.nc
HEMCO: Opening /projects/b56h/ExtData//HEMCO/OFFLINE_SEASALT/v2019-01/0.5x0.625/2019/07/seasalt_05.20190727.nc
HEMCO: Opening /projects/b56h/ExtData//HEMCO/OFFLINE_SOILNOX/v2021-12/0.5x0.625/2019/07/soilnox_05.20190727.nc
HEMCO: Opening /projects/b56h/ExtData//GEOS_4x5/MERRA2/2019/07/MERRA2.20190727.A1.4x5.nc4
HEMCO: Opening /projects/b56h/ExtData//GEOS_4x5/MERRA2/2019/07/MERRA2.20190727.A3cld.4x5.nc4
HEMCO: Opening /projects/b56h/ExtData//GEOS_4x5/MERRA2/2019/07/MERRA2.20190727.A3dyn.4x5.nc4
HEMCO: Opening /projects/b56h/ExtData//GEOS_4x5/MERRA2/2019/07/MERRA2.20190727.A3mstC.4x5.nc4
HEMCO: Opening /projects/b56h/ExtData//GEOS_4x5/MERRA2/2019/07/MERRA2.20190727.A3mstE.4x5.nc4
HEMCO: Opening /projects/b56h/ExtData//GEOS_4x5/MERRA2/2019/07/MERRA2.20190727.I3.4x5.nc4
HEMCO: Opening /projects/b56h/ExtData//GEOS_4x5/MERRA2/2019/07/MERRA2.20190728.I3.4x5.nc4
HEMCO: Opening /projects/b56h/ExtData//HEMCO/Yuan_XLAI/v2021-06/Yuan_proc_MODIS_XLAI.025x025.2019.nc
HEMCO: Opening /projects/b56h/ExtData//HEMCO/OFFLINE_LIGHTNING/v2020-03/MERRA2/2019/FLASH_CTH_MERRA2_0.5x0.625_2019_07.nc4
     - Found all A1     met fields for 2019/07/27 00:30
     - Found all A3cld  met fields for 2019/07/27 01:30
     - Found all A3dyn  met fields for 2019/07/27 01:30
     - Found all A3mstC met fields for 2019/07/27 01:30
     - Found all A3mstE met fields for 2019/07/27 01:30
     - Found all I3     met fields for 2019/07/27 03:00
HEMCO (VOLCANO): Opening /projects/b56h/ExtData//HEMCO/VOLCANO/v2024-04/2019/07/so2_volcanic_emissions_Carns.20190727.rc
---> DATE: 2019/07/27  UTC: 00:10
---> DATE: 2019/07/27  UTC: 00:20
---> DATE: 2019/07/27  UTC: 00:30
---> DATE: 2019/07/27  UTC: 00:40
---> DATE: 2019/07/27  UTC: 00:50
---> DATE: 2019/07/27  UTC: 01:00
     - Found all A1     met fields for 2019/07/27 01:30
---> DATE: 2019/07/27  UTC: 01:10
---> DATE: 2019/07/27  UTC: 01:20
---> DATE: 2019/07/27  UTC: 01:30
---> DATE: 2019/07/27  UTC: 01:40
---> DATE: 2019/07/27  UTC: 01:50
---> DATE: 2019/07/27  UTC: 02:00
     - Found all A1     met fields for 2019/07/27 02:30
---> DATE: 2019/07/27  UTC: 02:10
---> DATE: 2019/07/27  UTC: 02:20
---> DATE: 2019/07/27  UTC: 02:30
---> DATE: 2019/07/27  UTC: 02:40
---> DATE: 2019/07/27  UTC: 02:50
---> DATE: 2019/07/27  UTC: 03:00
HEMCO: Opening /projects/b56h/ExtData//HEMCO/OFFLINE_LIGHTNING/v2020-03/MERRA2/2019/FLASH_CTH_MERRA2_0.5x0.625_2019_07.nc4
     - Found all A1     met fields for 2019/07/27 03:30
     - Found all A3cld  met fields for 2019/07/27 04:30
     - Found all A3dyn  met fields for 2019/07/27 04:30
     - Found all A3mstC met fields for 2019/07/27 04:30
     - Found all A3mstE met fields for 2019/07/27 04:30
     - Found all I3     met fields for 2019/07/27 06:00
---> DATE: 2019/07/27  UTC: 03:10
---> DATE: 2019/07/27  UTC: 03:20
---> DATE: 2019/07/27  UTC: 03:30
---> DATE: 2019/07/27  UTC: 03:40
---> DATE: 2019/07/27  UTC: 03:50
---> DATE: 2019/07/27  UTC: 04:00
     - Found all A1     met fields for 2019/07/27 04:30
---> DATE: 2019/07/27  UTC: 04:10
---> DATE: 2019/07/27  UTC: 04:20
---> DATE: 2019/07/27  UTC: 04:30
---> DATE: 2019/07/27  UTC: 04:40
---> DATE: 2019/07/27  UTC: 04:50
---> DATE: 2019/07/27  UTC: 05:00
     - Found all A1     met fields for 2019/07/27 05:30
---> DATE: 2019/07/27  UTC: 05:10
---> DATE: 2019/07/27  UTC: 05:20
---> DATE: 2019/07/27  UTC: 05:30
---> DATE: 2019/07/27  UTC: 05:40
---> DATE: 2019/07/27  UTC: 05:50
---> DATE: 2019/07/27  UTC: 06:00
HEMCO: Opening /projects/b56h/ExtData//HEMCO/OFFLINE_LIGHTNING/v2020-03/MERRA2/2019/FLASH_CTH_MERRA2_0.5x0.625_2019_07.nc4
     - Found all A1     met fields for 2019/07/27 06:30
     - Found all A3cld  met fields for 2019/07/27 07:30
     - Found all A3dyn  met fields for 2019/07/27 07:30
     - Found all A3mstC met fields for 2019/07/27 07:30
     - Found all A3mstE met fields for 2019/07/27 07:30
     - Found all I3     met fields for 2019/07/27 09:00
---> DATE: 2019/07/27  UTC: 06:10
---> DATE: 2019/07/27  UTC: 06:20
---> DATE: 2019/07/27  UTC: 06:30
---> DATE: 2019/07/27  UTC: 06:40
---> DATE: 2019/07/27  UTC: 06:50
---> DATE: 2019/07/27  UTC: 07:00
     - Found all A1     met fields for 2019/07/27 07:30
---> DATE: 2019/07/27  UTC: 07:10
---> DATE: 2019/07/27  UTC: 07:20
---> DATE: 2019/07/27  UTC: 07:30
---> DATE: 2019/07/27  UTC: 07:40
---> DATE: 2019/07/27  UTC: 07:50
---> DATE: 2019/07/27  UTC: 08:00
     - Found all A1     met fields for 2019/07/27 08:30
---> DATE: 2019/07/27  UTC: 08:10
---> DATE: 2019/07/27  UTC: 08:20
---> DATE: 2019/07/27  UTC: 08:30
---> DATE: 2019/07/27  UTC: 08:40
---> DATE: 2019/07/27  UTC: 08:50
---> DATE: 2019/07/27  UTC: 09:00
HEMCO: Opening /projects/b56h/ExtData//HEMCO/OFFLINE_LIGHTNING/v2020-03/MERRA2/2019/FLASH_CTH_MERRA2_0.5x0.625_2019_07.nc4
     - Found all A1     met fields for 2019/07/27 09:30
     - Found all A3cld  met fields for 2019/07/27 10:30
     - Found all A3dyn  met fields for 2019/07/27 10:30
     - Found all A3mstC met fields for 2019/07/27 10:30
     - Found all A3mstE met fields for 2019/07/27 10:30
     - Found all I3     met fields for 2019/07/27 12:00
---> DATE: 2019/07/27  UTC: 09:10
---> DATE: 2019/07/27  UTC: 09:20
---> DATE: 2019/07/27  UTC: 09:30
---> DATE: 2019/07/27  UTC: 09:40
---> DATE: 2019/07/27  UTC: 09:50
---> DATE: 2019/07/27  UTC: 10:00
     - Found all A1     met fields for 2019/07/27 10:30
---> DATE: 2019/07/27  UTC: 10:10
---> DATE: 2019/07/27  UTC: 10:20
---> DATE: 2019/07/27  UTC: 10:30
---> DATE: 2019/07/27  UTC: 10:40
---> DATE: 2019/07/27  UTC: 10:50
---> DATE: 2019/07/27  UTC: 11:00
     - Found all A1     met fields for 2019/07/27 11:30
---> DATE: 2019/07/27  UTC: 11:10
---> DATE: 2019/07/27  UTC: 11:20
---> DATE: 2019/07/27  UTC: 11:30
---> DATE: 2019/07/27  UTC: 11:40
---> DATE: 2019/07/27  UTC: 11:50
---> DATE: 2019/07/27  UTC: 12:00
HEMCO: Opening /projects/b56h/ExtData//HEMCO/OFFLINE_LIGHTNING/v2020-03/MERRA2/2019/FLASH_CTH_MERRA2_0.5x0.625_2019_07.nc4
     - Found all A1     met fields for 2019/07/27 12:30
     - Found all A3cld  met fields for 2019/07/27 13:30
     - Found all A3dyn  met fields for 2019/07/27 13:30
     - Found all A3mstC met fields for 2019/07/27 13:30
     - Found all A3mstE met fields for 2019/07/27 13:30
     - Found all I3     met fields for 2019/07/27 15:00
---> DATE: 2019/07/27  UTC: 12:10
---> DATE: 2019/07/27  UTC: 12:20
---> DATE: 2019/07/27  UTC: 12:30
---> DATE: 2019/07/27  UTC: 12:40
---> DATE: 2019/07/27  UTC: 12:50
---> DATE: 2019/07/27  UTC: 13:00
     - Found all A1     met fields for 2019/07/27 13:30
---> DATE: 2019/07/27  UTC: 13:10
---> DATE: 2019/07/27  UTC: 13:20
---> DATE: 2019/07/27  UTC: 13:30
---> DATE: 2019/07/27  UTC: 13:40
---> DATE: 2019/07/27  UTC: 13:50
---> DATE: 2019/07/27  UTC: 14:00
     - Found all A1     met fields for 2019/07/27 14:30
---> DATE: 2019/07/27  UTC: 14:10
---> DATE: 2019/07/27  UTC: 14:20
---> DATE: 2019/07/27  UTC: 14:30
---> DATE: 2019/07/27  UTC: 14:40
---> DATE: 2019/07/27  UTC: 14:50
---> DATE: 2019/07/27  UTC: 15:00
HEMCO: Opening /projects/b56h/ExtData//HEMCO/OFFLINE_LIGHTNING/v2020-03/MERRA2/2019/FLASH_CTH_MERRA2_0.5x0.625_2019_07.nc4
     - Found all A1     met fields for 2019/07/27 15:30
     - Found all A3cld  met fields for 2019/07/27 16:30
     - Found all A3dyn  met fields for 2019/07/27 16:30
     - Found all A3mstC met fields for 2019/07/27 16:30
     - Found all A3mstE met fields for 2019/07/27 16:30
     - Found all I3     met fields for 2019/07/27 18:00
---> DATE: 2019/07/27  UTC: 15:10
---> DATE: 2019/07/27  UTC: 15:20
---> DATE: 2019/07/27  UTC: 15:30
---> DATE: 2019/07/27  UTC: 15:40
---> DATE: 2019/07/27  UTC: 15:50
---> DATE: 2019/07/27  UTC: 16:00
     - Found all A1     met fields for 2019/07/27 16:30
---> DATE: 2019/07/27  UTC: 16:10
---> DATE: 2019/07/27  UTC: 16:20
---> DATE: 2019/07/27  UTC: 16:30
---> DATE: 2019/07/27  UTC: 16:40
---> DATE: 2019/07/27  UTC: 16:50
---> DATE: 2019/07/27  UTC: 17:00
     - Found all A1     met fields for 2019/07/27 17:30
---> DATE: 2019/07/27  UTC: 17:10
---> DATE: 2019/07/27  UTC: 17:20
---> DATE: 2019/07/27  UTC: 17:30
---> DATE: 2019/07/27  UTC: 17:40
---> DATE: 2019/07/27  UTC: 17:50
---> DATE: 2019/07/27  UTC: 18:00
HEMCO: Opening /projects/b56h/ExtData//HEMCO/OFFLINE_LIGHTNING/v2020-03/MERRA2/2019/FLASH_CTH_MERRA2_0.5x0.625_2019_07.nc4
     - Found all A1     met fields for 2019/07/27 18:30
     - Found all A3cld  met fields for 2019/07/27 19:30
     - Found all A3dyn  met fields for 2019/07/27 19:30
     - Found all A3mstC met fields for 2019/07/27 19:30
     - Found all A3mstE met fields for 2019/07/27 19:30
     - Found all I3     met fields for 2019/07/27 21:00
---> DATE: 2019/07/27  UTC: 18:10
---> DATE: 2019/07/27  UTC: 18:20
---> DATE: 2019/07/27  UTC: 18:30
---> DATE: 2019/07/27  UTC: 18:40
---> DATE: 2019/07/27  UTC: 18:50
---> DATE: 2019/07/27  UTC: 19:00
     - Found all A1     met fields for 2019/07/27 19:30
---> DATE: 2019/07/27  UTC: 19:10
---> DATE: 2019/07/27  UTC: 19:20
---> DATE: 2019/07/27  UTC: 19:30
---> DATE: 2019/07/27  UTC: 19:40
---> DATE: 2019/07/27  UTC: 19:50
---> DATE: 2019/07/27  UTC: 20:00
     - Found all A1     met fields for 2019/07/27 20:30
---> DATE: 2019/07/27  UTC: 20:10
---> DATE: 2019/07/27  UTC: 20:20
---> DATE: 2019/07/27  UTC: 20:30
---> DATE: 2019/07/27  UTC: 20:40
---> DATE: 2019/07/27  UTC: 20:50
---> DATE: 2019/07/27  UTC: 21:00
HEMCO: Opening /projects/b56h/ExtData//HEMCO/OFFLINE_LIGHTNING/v2020-03/MERRA2/2019/FLASH_CTH_MERRA2_0.5x0.625_2019_07.nc4
     - Found all A1     met fields for 2019/07/27 21:30
     - Found all A3cld  met fields for 2019/07/27 22:30
     - Found all A3dyn  met fields for 2019/07/27 22:30
     - Found all A3mstC met fields for 2019/07/27 22:30
     - Found all A3mstE met fields for 2019/07/27 22:30
     - Found all I3     met fields for 2019/07/28 00:00
---> DATE: 2019/07/27  UTC: 21:10
---> DATE: 2019/07/27  UTC: 21:20
---> DATE: 2019/07/27  UTC: 21:30
---> DATE: 2019/07/27  UTC: 21:40
---> DATE: 2019/07/27  UTC: 21:50
---> DATE: 2019/07/27  UTC: 22:00
     - Found all A1     met fields for 2019/07/27 22:30
---> DATE: 2019/07/27  UTC: 22:10
---> DATE: 2019/07/27  UTC: 22:20
---> DATE: 2019/07/27  UTC: 22:30
---> DATE: 2019/07/27  UTC: 22:40
---> DATE: 2019/07/27  UTC: 22:50
---> DATE: 2019/07/27  UTC: 23:00
     - Found all A1     met fields for 2019/07/27 23:30
---> DATE: 2019/07/27  UTC: 23:10
---> DATE: 2019/07/27  UTC: 23:20
---> DATE: 2019/07/27  UTC: 23:30
---> DATE: 2019/07/27  UTC: 23:40
---> DATE: 2019/07/27  UTC: 23:50
---> DATE: 2019/07/28  UTC: 00:00
HEMCO: Opening /projects/b56h/ExtData//HEMCO/OFFLINE_DUST/v2025-03/0.5x0.625/MERRA2/2019/07/dust_emissions_05.MERRA2.20190728.nc
HEMCO: Opening /projects/b56h/ExtData//HEMCO/OFFLINE_BIOVOC/v2021-12/0.5x0.625/2019/07/biovoc_05.20190728.nc
HEMCO: Opening /projects/b56h/ExtData//HEMCO/OFFLINE_SEASALT/v2019-01/0.5x0.625/2019/07/seasalt_05.20190728.nc
HEMCO: Opening /projects/b56h/ExtData//HEMCO/OFFLINE_SOILNOX/v2021-12/0.5x0.625/2019/07/soilnox_05.20190728.nc
HEMCO: Opening /projects/b56h/ExtData//GEOS_4x5/MERRA2/2019/07/MERRA2.20190728.A1.4x5.nc4
HEMCO: Opening /projects/b56h/ExtData//GEOS_4x5/MERRA2/2019/07/MERRA2.20190728.A3cld.4x5.nc4
HEMCO: Opening /projects/b56h/ExtData//GEOS_4x5/MERRA2/2019/07/MERRA2.20190728.A3dyn.4x5.nc4
HEMCO: Opening /projects/b56h/ExtData//GEOS_4x5/MERRA2/2019/07/MERRA2.20190728.A3mstC.4x5.nc4
HEMCO: Opening /projects/b56h/ExtData//GEOS_4x5/MERRA2/2019/07/MERRA2.20190728.A3mstE.4x5.nc4
HEMCO: Opening /projects/b56h/ExtData//GEOS_4x5/MERRA2/2019/07/MERRA2.20190728.I3.4x5.nc4
HEMCO: Opening /projects/b56h/ExtData//GEOS_4x5/MERRA2/2019/07/MERRA2.20190729.I3.4x5.nc4
HEMCO: Opening /projects/b56h/ExtData//HEMCO/Yuan_XLAI/v2021-06/Yuan_proc_MODIS_XLAI.025x025.2019.nc
HEMCO: Opening /projects/b56h/ExtData//HEMCO/OFFLINE_LIGHTNING/v2020-03/MERRA2/2019/FLASH_CTH_MERRA2_0.5x0.625_2019_07.nc4
     - Found all A1     met fields for 2019/07/28 00:30
     - Found all A3cld  met fields for 2019/07/28 01:30
     - Found all A3dyn  met fields for 2019/07/28 01:30
     - Found all A3mstC met fields for 2019/07/28 01:30
     - Found all A3mstE met fields for 2019/07/28 01:30
     - Found all I3     met fields for 2019/07/28 03:00
HEMCO (VOLCANO): Opening /projects/b56h/ExtData//HEMCO/VOLCANO/v2024-04/2019/07/so2_volcanic_emissions_Carns.20190728.rc
---> DATE: 2019/07/28  UTC: 00:10
---> DATE: 2019/07/28  UTC: 00:20
---> DATE: 2019/07/28  UTC: 00:30
---> DATE: 2019/07/28  UTC: 00:40
---> DATE: 2019/07/28  UTC: 00:50
---> DATE: 2019/07/28  UTC: 01:00
     - Found all A1     met fields for 2019/07/28 01:30
---> DATE: 2019/07/28  UTC: 01:10
---> DATE: 2019/07/28  UTC: 01:20
---> DATE: 2019/07/28  UTC: 01:30
---> DATE: 2019/07/28  UTC: 01:40
---> DATE: 2019/07/28  UTC: 01:50
---> DATE: 2019/07/28  UTC: 02:00
     - Found all A1     met fields for 2019/07/28 02:30
---> DATE: 2019/07/28  UTC: 02:10
---> DATE: 2019/07/28  UTC: 02:20
---> DATE: 2019/07/28  UTC: 02:30
---> DATE: 2019/07/28  UTC: 02:40
---> DATE: 2019/07/28  UTC: 02:50
---> DATE: 2019/07/28  UTC: 03:00
HEMCO: Opening /projects/b56h/ExtData//HEMCO/OFFLINE_LIGHTNING/v2020-03/MERRA2/2019/FLASH_CTH_MERRA2_0.5x0.625_2019_07.nc4
     - Found all A1     met fields for 2019/07/28 03:30
     - Found all A3cld  met fields for 2019/07/28 04:30
     - Found all A3dyn  met fields for 2019/07/28 04:30
     - Found all A3mstC met fields for 2019/07/28 04:30
     - Found all A3mstE met fields for 2019/07/28 04:30
     - Found all I3     met fields for 2019/07/28 06:00
---> DATE: 2019/07/28  UTC: 03:10
---> DATE: 2019/07/28  UTC: 03:20
---> DATE: 2019/07/28  UTC: 03:30
---> DATE: 2019/07/28  UTC: 03:40
---> DATE: 2019/07/28  UTC: 03:50
---> DATE: 2019/07/28  UTC: 04:00
     - Found all A1     met fields for 2019/07/28 04:30
---> DATE: 2019/07/28  UTC: 04:10
---> DATE: 2019/07/28  UTC: 04:20
---> DATE: 2019/07/28  UTC: 04:30
---> DATE: 2019/07/28  UTC: 04:40
---> DATE: 2019/07/28  UTC: 04:50
---> DATE: 2019/07/28  UTC: 05:00
     - Found all A1     met fields for 2019/07/28 05:30
---> DATE: 2019/07/28  UTC: 05:10
---> DATE: 2019/07/28  UTC: 05:20
---> DATE: 2019/07/28  UTC: 05:30
---> DATE: 2019/07/28  UTC: 05:40
---> DATE: 2019/07/28  UTC: 05:50
---> DATE: 2019/07/28  UTC: 06:00
HEMCO: Opening /projects/b56h/ExtData//HEMCO/OFFLINE_LIGHTNING/v2020-03/MERRA2/2019/FLASH_CTH_MERRA2_0.5x0.625_2019_07.nc4
     - Found all A1     met fields for 2019/07/28 06:30
     - Found all A3cld  met fields for 2019/07/28 07:30
     - Found all A3dyn  met fields for 2019/07/28 07:30
     - Found all A3mstC met fields for 2019/07/28 07:30
     - Found all A3mstE met fields for 2019/07/28 07:30
     - Found all I3     met fields for 2019/07/28 09:00
---> DATE: 2019/07/28  UTC: 06:10
---> DATE: 2019/07/28  UTC: 06:20
---> DATE: 2019/07/28  UTC: 06:30
---> DATE: 2019/07/28  UTC: 06:40
---> DATE: 2019/07/28  UTC: 06:50
---> DATE: 2019/07/28  UTC: 07:00
     - Found all A1     met fields for 2019/07/28 07:30
---> DATE: 2019/07/28  UTC: 07:10
---> DATE: 2019/07/28  UTC: 07:20
---> DATE: 2019/07/28  UTC: 07:30
---> DATE: 2019/07/28  UTC: 07:40
---> DATE: 2019/07/28  UTC: 07:50
---> DATE: 2019/07/28  UTC: 08:00
     - Found all A1     met fields for 2019/07/28 08:30
---> DATE: 2019/07/28  UTC: 08:10
---> DATE: 2019/07/28  UTC: 08:20
---> DATE: 2019/07/28  UTC: 08:30
---> DATE: 2019/07/28  UTC: 08:40
---> DATE: 2019/07/28  UTC: 08:50
---> DATE: 2019/07/28  UTC: 09:00
HEMCO: Opening /projects/b56h/ExtData//HEMCO/OFFLINE_LIGHTNING/v2020-03/MERRA2/2019/FLASH_CTH_MERRA2_0.5x0.625_2019_07.nc4
     - Found all A1     met fields for 2019/07/28 09:30
     - Found all A3cld  met fields for 2019/07/28 10:30
     - Found all A3dyn  met fields for 2019/07/28 10:30
     - Found all A3mstC met fields for 2019/07/28 10:30
     - Found all A3mstE met fields for 2019/07/28 10:30
     - Found all I3     met fields for 2019/07/28 12:00
---> DATE: 2019/07/28  UTC: 09:10
---> DATE: 2019/07/28  UTC: 09:20
---> DATE: 2019/07/28  UTC: 09:30
---> DATE: 2019/07/28  UTC: 09:40
---> DATE: 2019/07/28  UTC: 09:50
---> DATE: 2019/07/28  UTC: 10:00
     - Found all A1     met fields for 2019/07/28 10:30
---> DATE: 2019/07/28  UTC: 10:10
---> DATE: 2019/07/28  UTC: 10:20
---> DATE: 2019/07/28  UTC: 10:30
---> DATE: 2019/07/28  UTC: 10:40
---> DATE: 2019/07/28  UTC: 10:50
---> DATE: 2019/07/28  UTC: 11:00
     - Found all A1     met fields for 2019/07/28 11:30
---> DATE: 2019/07/28  UTC: 11:10
---> DATE: 2019/07/28  UTC: 11:20
---> DATE: 2019/07/28  UTC: 11:30
---> DATE: 2019/07/28  UTC: 11:40
---> DATE: 2019/07/28  UTC: 11:50
---> DATE: 2019/07/28  UTC: 12:00
HEMCO: Opening /projects/b56h/ExtData//HEMCO/OFFLINE_LIGHTNING/v2020-03/MERRA2/2019/FLASH_CTH_MERRA2_0.5x0.625_2019_07.nc4
     - Found all A1     met fields for 2019/07/28 12:30
     - Found all A3cld  met fields for 2019/07/28 13:30
     - Found all A3dyn  met fields for 2019/07/28 13:30
     - Found all A3mstC met fields for 2019/07/28 13:30
     - Found all A3mstE met fields for 2019/07/28 13:30
     - Found all I3     met fields for 2019/07/28 15:00
---> DATE: 2019/07/28  UTC: 12:10
---> DATE: 2019/07/28  UTC: 12:20
---> DATE: 2019/07/28  UTC: 12:30
---> DATE: 2019/07/28  UTC: 12:40
---> DATE: 2019/07/28  UTC: 12:50
---> DATE: 2019/07/28  UTC: 13:00
     - Found all A1     met fields for 2019/07/28 13:30
---> DATE: 2019/07/28  UTC: 13:10
---> DATE: 2019/07/28  UTC: 13:20
---> DATE: 2019/07/28  UTC: 13:30
---> DATE: 2019/07/28  UTC: 13:40
---> DATE: 2019/07/28  UTC: 13:50
---> DATE: 2019/07/28  UTC: 14:00
     - Found all A1     met fields for 2019/07/28 14:30
---> DATE: 2019/07/28  UTC: 14:10
---> DATE: 2019/07/28  UTC: 14:20
---> DATE: 2019/07/28  UTC: 14:30
---> DATE: 2019/07/28  UTC: 14:40
---> DATE: 2019/07/28  UTC: 14:50
---> DATE: 2019/07/28  UTC: 15:00
HEMCO: Opening /projects/b56h/ExtData//HEMCO/OFFLINE_LIGHTNING/v2020-03/MERRA2/2019/FLASH_CTH_MERRA2_0.5x0.625_2019_07.nc4
     - Found all A1     met fields for 2019/07/28 15:30
     - Found all A3cld  met fields for 2019/07/28 16:30
     - Found all A3dyn  met fields for 2019/07/28 16:30
     - Found all A3mstC met fields for 2019/07/28 16:30
     - Found all A3mstE met fields for 2019/07/28 16:30
     - Found all I3     met fields for 2019/07/28 18:00
---> DATE: 2019/07/28  UTC: 15:10
---> DATE: 2019/07/28  UTC: 15:20
---> DATE: 2019/07/28  UTC: 15:30
---> DATE: 2019/07/28  UTC: 15:40
---> DATE: 2019/07/28  UTC: 15:50
---> DATE: 2019/07/28  UTC: 16:00
     - Found all A1     met fields for 2019/07/28 16:30
---> DATE: 2019/07/28  UTC: 16:10
---> DATE: 2019/07/28  UTC: 16:20
---> DATE: 2019/07/28  UTC: 16:30
---> DATE: 2019/07/28  UTC: 16:40
---> DATE: 2019/07/28  UTC: 16:50
---> DATE: 2019/07/28  UTC: 17:00
     - Found all A1     met fields for 2019/07/28 17:30
---> DATE: 2019/07/28  UTC: 17:10
---> DATE: 2019/07/28  UTC: 17:20
---> DATE: 2019/07/28  UTC: 17:30
---> DATE: 2019/07/28  UTC: 17:40
---> DATE: 2019/07/28  UTC: 17:50
---> DATE: 2019/07/28  UTC: 18:00
HEMCO: Opening /projects/b56h/ExtData//HEMCO/OFFLINE_LIGHTNING/v2020-03/MERRA2/2019/FLASH_CTH_MERRA2_0.5x0.625_2019_07.nc4
     - Found all A1     met fields for 2019/07/28 18:30
     - Found all A3cld  met fields for 2019/07/28 19:30
     - Found all A3dyn  met fields for 2019/07/28 19:30
     - Found all A3mstC met fields for 2019/07/28 19:30
     - Found all A3mstE met fields for 2019/07/28 19:30
     - Found all I3     met fields for 2019/07/28 21:00
---> DATE: 2019/07/28  UTC: 18:10
---> DATE: 2019/07/28  UTC: 18:20
---> DATE: 2019/07/28  UTC: 18:30
---> DATE: 2019/07/28  UTC: 18:40
---> DATE: 2019/07/28  UTC: 18:50
---> DATE: 2019/07/28  UTC: 19:00
     - Found all A1     met fields for 2019/07/28 19:30
---> DATE: 2019/07/28  UTC: 19:10
---> DATE: 2019/07/28  UTC: 19:20
---> DATE: 2019/07/28  UTC: 19:30
---> DATE: 2019/07/28  UTC: 19:40
---> DATE: 2019/07/28  UTC: 19:50
---> DATE: 2019/07/28  UTC: 20:00
     - Found all A1     met fields for 2019/07/28 20:30
---> DATE: 2019/07/28  UTC: 20:10
---> DATE: 2019/07/28  UTC: 20:20
---> DATE: 2019/07/28  UTC: 20:30
---> DATE: 2019/07/28  UTC: 20:40
---> DATE: 2019/07/28  UTC: 20:50
---> DATE: 2019/07/28  UTC: 21:00
HEMCO: Opening /projects/b56h/ExtData//HEMCO/OFFLINE_LIGHTNING/v2020-03/MERRA2/2019/FLASH_CTH_MERRA2_0.5x0.625_2019_07.nc4
     - Found all A1     met fields for 2019/07/28 21:30
     - Found all A3cld  met fields for 2019/07/28 22:30
     - Found all A3dyn  met fields for 2019/07/28 22:30
     - Found all A3mstC met fields for 2019/07/28 22:30
     - Found all A3mstE met fields for 2019/07/28 22:30
     - Found all I3     met fields for 2019/07/29 00:00
---> DATE: 2019/07/28  UTC: 21:10
---> DATE: 2019/07/28  UTC: 21:20
---> DATE: 2019/07/28  UTC: 21:30
---> DATE: 2019/07/28  UTC: 21:40
---> DATE: 2019/07/28  UTC: 21:50
---> DATE: 2019/07/28  UTC: 22:00
     - Found all A1     met fields for 2019/07/28 22:30
---> DATE: 2019/07/28  UTC: 22:10
---> DATE: 2019/07/28  UTC: 22:20
---> DATE: 2019/07/28  UTC: 22:30
---> DATE: 2019/07/28  UTC: 22:40
---> DATE: 2019/07/28  UTC: 22:50
---> DATE: 2019/07/28  UTC: 23:00
     - Found all A1     met fields for 2019/07/28 23:30
---> DATE: 2019/07/28  UTC: 23:10
---> DATE: 2019/07/28  UTC: 23:20
---> DATE: 2019/07/28  UTC: 23:30
---> DATE: 2019/07/28  UTC: 23:40
---> DATE: 2019/07/28  UTC: 23:50
---> DATE: 2019/07/29  UTC: 00:00
HEMCO: Opening /projects/b56h/ExtData//HEMCO/OFFLINE_DUST/v2025-03/0.5x0.625/MERRA2/2019/07/dust_emissions_05.MERRA2.20190729.nc
HEMCO: Opening /projects/b56h/ExtData//HEMCO/OFFLINE_BIOVOC/v2021-12/0.5x0.625/2019/07/biovoc_05.20190729.nc
HEMCO: Opening /projects/b56h/ExtData//HEMCO/OFFLINE_SEASALT/v2019-01/0.5x0.625/2019/07/seasalt_05.20190729.nc
HEMCO: Opening /projects/b56h/ExtData//HEMCO/OFFLINE_SOILNOX/v2021-12/0.5x0.625/2019/07/soilnox_05.20190729.nc
HEMCO: Opening /projects/b56h/ExtData//GEOS_4x5/MERRA2/2019/07/MERRA2.20190729.A1.4x5.nc4
HEMCO: Opening /projects/b56h/ExtData//GEOS_4x5/MERRA2/2019/07/MERRA2.20190729.A3cld.4x5.nc4
HEMCO: Opening /projects/b56h/ExtData//GEOS_4x5/MERRA2/2019/07/MERRA2.20190729.A3dyn.4x5.nc4
HEMCO: Opening /projects/b56h/ExtData//GEOS_4x5/MERRA2/2019/07/MERRA2.20190729.A3mstC.4x5.nc4
HEMCO: Opening /projects/b56h/ExtData//GEOS_4x5/MERRA2/2019/07/MERRA2.20190729.A3mstE.4x5.nc4
HEMCO: Opening /projects/b56h/ExtData//GEOS_4x5/MERRA2/2019/07/MERRA2.20190729.I3.4x5.nc4
HEMCO: Opening /projects/b56h/ExtData//GEOS_4x5/MERRA2/2019/07/MERRA2.20190730.I3.4x5.nc4
HEMCO: Opening /projects/b56h/ExtData//HEMCO/Yuan_XLAI/v2021-06/Yuan_proc_MODIS_XLAI.025x025.2019.nc
HEMCO: Opening /projects/b56h/ExtData//HEMCO/OFFLINE_LIGHTNING/v2020-03/MERRA2/2019/FLASH_CTH_MERRA2_0.5x0.625_2019_07.nc4
     - Found all A1     met fields for 2019/07/29 00:30
     - Found all A3cld  met fields for 2019/07/29 01:30
     - Found all A3dyn  met fields for 2019/07/29 01:30
     - Found all A3mstC met fields for 2019/07/29 01:30
     - Found all A3mstE met fields for 2019/07/29 01:30
     - Found all I3     met fields for 2019/07/29 03:00
HEMCO (VOLCANO): Opening /projects/b56h/ExtData//HEMCO/VOLCANO/v2024-04/2019/07/so2_volcanic_emissions_Carns.20190729.rc
---> DATE: 2019/07/29  UTC: 00:10
---> DATE: 2019/07/29  UTC: 00:20
---> DATE: 2019/07/29  UTC: 00:30
---> DATE: 2019/07/29  UTC: 00:40
---> DATE: 2019/07/29  UTC: 00:50
---> DATE: 2019/07/29  UTC: 01:00
     - Found all A1     met fields for 2019/07/29 01:30
---> DATE: 2019/07/29  UTC: 01:10
---> DATE: 2019/07/29  UTC: 01:20
---> DATE: 2019/07/29  UTC: 01:30
---> DATE: 2019/07/29  UTC: 01:40
---> DATE: 2019/07/29  UTC: 01:50
---> DATE: 2019/07/29  UTC: 02:00
     - Found all A1     met fields for 2019/07/29 02:30
---> DATE: 2019/07/29  UTC: 02:10
---> DATE: 2019/07/29  UTC: 02:20
---> DATE: 2019/07/29  UTC: 02:30
---> DATE: 2019/07/29  UTC: 02:40
---> DATE: 2019/07/29  UTC: 02:50
---> DATE: 2019/07/29  UTC: 03:00
HEMCO: Opening /projects/b56h/ExtData//HEMCO/OFFLINE_LIGHTNING/v2020-03/MERRA2/2019/FLASH_CTH_MERRA2_0.5x0.625_2019_07.nc4
     - Found all A1     met fields for 2019/07/29 03:30
     - Found all A3cld  met fields for 2019/07/29 04:30
     - Found all A3dyn  met fields for 2019/07/29 04:30
     - Found all A3mstC met fields for 2019/07/29 04:30
     - Found all A3mstE met fields for 2019/07/29 04:30
     - Found all I3     met fields for 2019/07/29 06:00
---> DATE: 2019/07/29  UTC: 03:10
---> DATE: 2019/07/29  UTC: 03:20
---> DATE: 2019/07/29  UTC: 03:30
---> DATE: 2019/07/29  UTC: 03:40
---> DATE: 2019/07/29  UTC: 03:50
---> DATE: 2019/07/29  UTC: 04:00
     - Found all A1     met fields for 2019/07/29 04:30
---> DATE: 2019/07/29  UTC: 04:10
---> DATE: 2019/07/29  UTC: 04:20
---> DATE: 2019/07/29  UTC: 04:30
---> DATE: 2019/07/29  UTC: 04:40
---> DATE: 2019/07/29  UTC: 04:50
---> DATE: 2019/07/29  UTC: 05:00
     - Found all A1     met fields for 2019/07/29 05:30
---> DATE: 2019/07/29  UTC: 05:10
---> DATE: 2019/07/29  UTC: 05:20
---> DATE: 2019/07/29  UTC: 05:30
---> DATE: 2019/07/29  UTC: 05:40
---> DATE: 2019/07/29  UTC: 05:50
---> DATE: 2019/07/29  UTC: 06:00
HEMCO: Opening /projects/b56h/ExtData//HEMCO/OFFLINE_LIGHTNING/v2020-03/MERRA2/2019/FLASH_CTH_MERRA2_0.5x0.625_2019_07.nc4
     - Found all A1     met fields for 2019/07/29 06:30
     - Found all A3cld  met fields for 2019/07/29 07:30
     - Found all A3dyn  met fields for 2019/07/29 07:30
     - Found all A3mstC met fields for 2019/07/29 07:30
     - Found all A3mstE met fields for 2019/07/29 07:30
     - Found all I3     met fields for 2019/07/29 09:00
---> DATE: 2019/07/29  UTC: 06:10
---> DATE: 2019/07/29  UTC: 06:20
---> DATE: 2019/07/29  UTC: 06:30
---> DATE: 2019/07/29  UTC: 06:40
---> DATE: 2019/07/29  UTC: 06:50
---> DATE: 2019/07/29  UTC: 07:00
     - Found all A1     met fields for 2019/07/29 07:30
---> DATE: 2019/07/29  UTC: 07:10
---> DATE: 2019/07/29  UTC: 07:20
---> DATE: 2019/07/29  UTC: 07:30
---> DATE: 2019/07/29  UTC: 07:40
---> DATE: 2019/07/29  UTC: 07:50
---> DATE: 2019/07/29  UTC: 08:00
     - Found all A1     met fields for 2019/07/29 08:30
---> DATE: 2019/07/29  UTC: 08:10
---> DATE: 2019/07/29  UTC: 08:20
---> DATE: 2019/07/29  UTC: 08:30
---> DATE: 2019/07/29  UTC: 08:40
---> DATE: 2019/07/29  UTC: 08:50
---> DATE: 2019/07/29  UTC: 09:00
HEMCO: Opening /projects/b56h/ExtData//HEMCO/OFFLINE_LIGHTNING/v2020-03/MERRA2/2019/FLASH_CTH_MERRA2_0.5x0.625_2019_07.nc4
     - Found all A1     met fields for 2019/07/29 09:30
     - Found all A3cld  met fields for 2019/07/29 10:30
     - Found all A3dyn  met fields for 2019/07/29 10:30
     - Found all A3mstC met fields for 2019/07/29 10:30
     - Found all A3mstE met fields for 2019/07/29 10:30
     - Found all I3     met fields for 2019/07/29 12:00
---> DATE: 2019/07/29  UTC: 09:10
---> DATE: 2019/07/29  UTC: 09:20
---> DATE: 2019/07/29  UTC: 09:30
---> DATE: 2019/07/29  UTC: 09:40
---> DATE: 2019/07/29  UTC: 09:50
---> DATE: 2019/07/29  UTC: 10:00
     - Found all A1     met fields for 2019/07/29 10:30
---> DATE: 2019/07/29  UTC: 10:10
---> DATE: 2019/07/29  UTC: 10:20
---> DATE: 2019/07/29  UTC: 10:30
---> DATE: 2019/07/29  UTC: 10:40
---> DATE: 2019/07/29  UTC: 10:50
---> DATE: 2019/07/29  UTC: 11:00
     - Found all A1     met fields for 2019/07/29 11:30
---> DATE: 2019/07/29  UTC: 11:10
---> DATE: 2019/07/29  UTC: 11:20
---> DATE: 2019/07/29  UTC: 11:30
---> DATE: 2019/07/29  UTC: 11:40
---> DATE: 2019/07/29  UTC: 11:50
---> DATE: 2019/07/29  UTC: 12:00
HEMCO: Opening /projects/b56h/ExtData//HEMCO/OFFLINE_LIGHTNING/v2020-03/MERRA2/2019/FLASH_CTH_MERRA2_0.5x0.625_2019_07.nc4
     - Found all A1     met fields for 2019/07/29 12:30
     - Found all A3cld  met fields for 2019/07/29 13:30
     - Found all A3dyn  met fields for 2019/07/29 13:30
     - Found all A3mstC met fields for 2019/07/29 13:30
     - Found all A3mstE met fields for 2019/07/29 13:30
     - Found all I3     met fields for 2019/07/29 15:00
---> DATE: 2019/07/29  UTC: 12:10
---> DATE: 2019/07/29  UTC: 12:20
---> DATE: 2019/07/29  UTC: 12:30
---> DATE: 2019/07/29  UTC: 12:40
---> DATE: 2019/07/29  UTC: 12:50
---> DATE: 2019/07/29  UTC: 13:00
     - Found all A1     met fields for 2019/07/29 13:30
---> DATE: 2019/07/29  UTC: 13:10
---> DATE: 2019/07/29  UTC: 13:20
---> DATE: 2019/07/29  UTC: 13:30
---> DATE: 2019/07/29  UTC: 13:40
---> DATE: 2019/07/29  UTC: 13:50
---> DATE: 2019/07/29  UTC: 14:00
     - Found all A1     met fields for 2019/07/29 14:30
---> DATE: 2019/07/29  UTC: 14:10
---> DATE: 2019/07/29  UTC: 14:20
---> DATE: 2019/07/29  UTC: 14:30
---> DATE: 2019/07/29  UTC: 14:40
---> DATE: 2019/07/29  UTC: 14:50
---> DATE: 2019/07/29  UTC: 15:00
HEMCO: Opening /projects/b56h/ExtData//HEMCO/OFFLINE_LIGHTNING/v2020-03/MERRA2/2019/FLASH_CTH_MERRA2_0.5x0.625_2019_07.nc4
     - Found all A1     met fields for 2019/07/29 15:30
     - Found all A3cld  met fields for 2019/07/29 16:30
     - Found all A3dyn  met fields for 2019/07/29 16:30
     - Found all A3mstC met fields for 2019/07/29 16:30
     - Found all A3mstE met fields for 2019/07/29 16:30
     - Found all I3     met fields for 2019/07/29 18:00
---> DATE: 2019/07/29  UTC: 15:10
---> DATE: 2019/07/29  UTC: 15:20
---> DATE: 2019/07/29  UTC: 15:30
---> DATE: 2019/07/29  UTC: 15:40
---> DATE: 2019/07/29  UTC: 15:50
---> DATE: 2019/07/29  UTC: 16:00
     - Found all A1     met fields for 2019/07/29 16:30
---> DATE: 2019/07/29  UTC: 16:10
---> DATE: 2019/07/29  UTC: 16:20
---> DATE: 2019/07/29  UTC: 16:30
---> DATE: 2019/07/29  UTC: 16:40
---> DATE: 2019/07/29  UTC: 16:50
---> DATE: 2019/07/29  UTC: 17:00
     - Found all A1     met fields for 2019/07/29 17:30
---> DATE: 2019/07/29  UTC: 17:10
---> DATE: 2019/07/29  UTC: 17:20
---> DATE: 2019/07/29  UTC: 17:30
---> DATE: 2019/07/29  UTC: 17:40
---> DATE: 2019/07/29  UTC: 17:50
---> DATE: 2019/07/29  UTC: 18:00
HEMCO: Opening /projects/b56h/ExtData//HEMCO/OFFLINE_LIGHTNING/v2020-03/MERRA2/2019/FLASH_CTH_MERRA2_0.5x0.625_2019_07.nc4
     - Found all A1     met fields for 2019/07/29 18:30
     - Found all A3cld  met fields for 2019/07/29 19:30
     - Found all A3dyn  met fields for 2019/07/29 19:30
     - Found all A3mstC met fields for 2019/07/29 19:30
     - Found all A3mstE met fields for 2019/07/29 19:30
     - Found all I3     met fields for 2019/07/29 21:00
---> DATE: 2019/07/29  UTC: 18:10
---> DATE: 2019/07/29  UTC: 18:20
---> DATE: 2019/07/29  UTC: 18:30
---> DATE: 2019/07/29  UTC: 18:40
---> DATE: 2019/07/29  UTC: 18:50
---> DATE: 2019/07/29  UTC: 19:00
     - Found all A1     met fields for 2019/07/29 19:30
---> DATE: 2019/07/29  UTC: 19:10
---> DATE: 2019/07/29  UTC: 19:20
---> DATE: 2019/07/29  UTC: 19:30
---> DATE: 2019/07/29  UTC: 19:40
---> DATE: 2019/07/29  UTC: 19:50
---> DATE: 2019/07/29  UTC: 20:00
     - Found all A1     met fields for 2019/07/29 20:30
---> DATE: 2019/07/29  UTC: 20:10
---> DATE: 2019/07/29  UTC: 20:20
---> DATE: 2019/07/29  UTC: 20:30
---> DATE: 2019/07/29  UTC: 20:40
---> DATE: 2019/07/29  UTC: 20:50
---> DATE: 2019/07/29  UTC: 21:00
HEMCO: Opening /projects/b56h/ExtData//HEMCO/OFFLINE_LIGHTNING/v2020-03/MERRA2/2019/FLASH_CTH_MERRA2_0.5x0.625_2019_07.nc4
     - Found all A1     met fields for 2019/07/29 21:30
     - Found all A3cld  met fields for 2019/07/29 22:30
     - Found all A3dyn  met fields for 2019/07/29 22:30
     - Found all A3mstC met fields for 2019/07/29 22:30
     - Found all A3mstE met fields for 2019/07/29 22:30
     - Found all I3     met fields for 2019/07/30 00:00
---> DATE: 2019/07/29  UTC: 21:10
---> DATE: 2019/07/29  UTC: 21:20
---> DATE: 2019/07/29  UTC: 21:30
---> DATE: 2019/07/29  UTC: 21:40
---> DATE: 2019/07/29  UTC: 21:50
---> DATE: 2019/07/29  UTC: 22:00
     - Found all A1     met fields for 2019/07/29 22:30
---> DATE: 2019/07/29  UTC: 22:10
---> DATE: 2019/07/29  UTC: 22:20
---> DATE: 2019/07/29  UTC: 22:30
---> DATE: 2019/07/29  UTC: 22:40
---> DATE: 2019/07/29  UTC: 22:50
---> DATE: 2019/07/29  UTC: 23:00
     - Found all A1     met fields for 2019/07/29 23:30
---> DATE: 2019/07/29  UTC: 23:10
---> DATE: 2019/07/29  UTC: 23:20
---> DATE: 2019/07/29  UTC: 23:30
---> DATE: 2019/07/29  UTC: 23:40
---> DATE: 2019/07/29  UTC: 23:50
---> DATE: 2019/07/30  UTC: 00:00
HEMCO: Opening /projects/b56h/ExtData//HEMCO/OFFLINE_DUST/v2025-03/0.5x0.625/MERRA2/2019/07/dust_emissions_05.MERRA2.20190730.nc
HEMCO: Opening /projects/b56h/ExtData//HEMCO/OFFLINE_BIOVOC/v2021-12/0.5x0.625/2019/07/biovoc_05.20190730.nc
HEMCO: Opening /projects/b56h/ExtData//HEMCO/OFFLINE_SEASALT/v2019-01/0.5x0.625/2019/07/seasalt_05.20190730.nc
HEMCO: Opening /projects/b56h/ExtData//HEMCO/OFFLINE_SOILNOX/v2021-12/0.5x0.625/2019/07/soilnox_05.20190730.nc
HEMCO: Opening /projects/b56h/ExtData//GEOS_4x5/MERRA2/2019/07/MERRA2.20190730.A1.4x5.nc4
HEMCO: Opening /projects/b56h/ExtData//GEOS_4x5/MERRA2/2019/07/MERRA2.20190730.A3cld.4x5.nc4
HEMCO: Opening /projects/b56h/ExtData//GEOS_4x5/MERRA2/2019/07/MERRA2.20190730.A3dyn.4x5.nc4
HEMCO: Opening /projects/b56h/ExtData//GEOS_4x5/MERRA2/2019/07/MERRA2.20190730.A3mstC.4x5.nc4
HEMCO: Opening /projects/b56h/ExtData//GEOS_4x5/MERRA2/2019/07/MERRA2.20190730.A3mstE.4x5.nc4
HEMCO: Opening /projects/b56h/ExtData//GEOS_4x5/MERRA2/2019/07/MERRA2.20190730.I3.4x5.nc4
HEMCO: Opening /projects/b56h/ExtData//GEOS_4x5/MERRA2/2019/07/MERRA2.20190731.I3.4x5.nc4
HEMCO: Opening /projects/b56h/ExtData//HEMCO/Yuan_XLAI/v2021-06/Yuan_proc_MODIS_XLAI.025x025.2019.nc
HEMCO: Opening /projects/b56h/ExtData//HEMCO/OFFLINE_LIGHTNING/v2020-03/MERRA2/2019/FLASH_CTH_MERRA2_0.5x0.625_2019_07.nc4
     - Found all A1     met fields for 2019/07/30 00:30
     - Found all A3cld  met fields for 2019/07/30 01:30
     - Found all A3dyn  met fields for 2019/07/30 01:30
     - Found all A3mstC met fields for 2019/07/30 01:30
     - Found all A3mstE met fields for 2019/07/30 01:30
     - Found all I3     met fields for 2019/07/30 03:00
HEMCO (VOLCANO): Opening /projects/b56h/ExtData//HEMCO/VOLCANO/v2024-04/2019/07/so2_volcanic_emissions_Carns.20190730.rc
---> DATE: 2019/07/30  UTC: 00:10
---> DATE: 2019/07/30  UTC: 00:20
---> DATE: 2019/07/30  UTC: 00:30
---> DATE: 2019/07/30  UTC: 00:40
---> DATE: 2019/07/30  UTC: 00:50
---> DATE: 2019/07/30  UTC: 01:00
     - Found all A1     met fields for 2019/07/30 01:30
---> DATE: 2019/07/30  UTC: 01:10
---> DATE: 2019/07/30  UTC: 01:20
---> DATE: 2019/07/30  UTC: 01:30
---> DATE: 2019/07/30  UTC: 01:40
---> DATE: 2019/07/30  UTC: 01:50
---> DATE: 2019/07/30  UTC: 02:00
     - Found all A1     met fields for 2019/07/30 02:30
---> DATE: 2019/07/30  UTC: 02:10
---> DATE: 2019/07/30  UTC: 02:20
---> DATE: 2019/07/30  UTC: 02:30
---> DATE: 2019/07/30  UTC: 02:40
---> DATE: 2019/07/30  UTC: 02:50
---> DATE: 2019/07/30  UTC: 03:00
HEMCO: Opening /projects/b56h/ExtData//HEMCO/OFFLINE_LIGHTNING/v2020-03/MERRA2/2019/FLASH_CTH_MERRA2_0.5x0.625_2019_07.nc4
     - Found all A1     met fields for 2019/07/30 03:30
     - Found all A3cld  met fields for 2019/07/30 04:30
     - Found all A3dyn  met fields for 2019/07/30 04:30
     - Found all A3mstC met fields for 2019/07/30 04:30
     - Found all A3mstE met fields for 2019/07/30 04:30
     - Found all I3     met fields for 2019/07/30 06:00
---> DATE: 2019/07/30  UTC: 03:10
---> DATE: 2019/07/30  UTC: 03:20
---> DATE: 2019/07/30  UTC: 03:30
---> DATE: 2019/07/30  UTC: 03:40
---> DATE: 2019/07/30  UTC: 03:50
---> DATE: 2019/07/30  UTC: 04:00
     - Found all A1     met fields for 2019/07/30 04:30
---> DATE: 2019/07/30  UTC: 04:10
---> DATE: 2019/07/30  UTC: 04:20
---> DATE: 2019/07/30  UTC: 04:30
---> DATE: 2019/07/30  UTC: 04:40
---> DATE: 2019/07/30  UTC: 04:50
---> DATE: 2019/07/30  UTC: 05:00
     - Found all A1     met fields for 2019/07/30 05:30
---> DATE: 2019/07/30  UTC: 05:10
---> DATE: 2019/07/30  UTC: 05:20
---> DATE: 2019/07/30  UTC: 05:30
---> DATE: 2019/07/30  UTC: 05:40
---> DATE: 2019/07/30  UTC: 05:50
---> DATE: 2019/07/30  UTC: 06:00
HEMCO: Opening /projects/b56h/ExtData//HEMCO/OFFLINE_LIGHTNING/v2020-03/MERRA2/2019/FLASH_CTH_MERRA2_0.5x0.625_2019_07.nc4
     - Found all A1     met fields for 2019/07/30 06:30
     - Found all A3cld  met fields for 2019/07/30 07:30
     - Found all A3dyn  met fields for 2019/07/30 07:30
     - Found all A3mstC met fields for 2019/07/30 07:30
     - Found all A3mstE met fields for 2019/07/30 07:30
     - Found all I3     met fields for 2019/07/30 09:00
---> DATE: 2019/07/30  UTC: 06:10
---> DATE: 2019/07/30  UTC: 06:20
---> DATE: 2019/07/30  UTC: 06:30
---> DATE: 2019/07/30  UTC: 06:40
---> DATE: 2019/07/30  UTC: 06:50
---> DATE: 2019/07/30  UTC: 07:00
     - Found all A1     met fields for 2019/07/30 07:30
---> DATE: 2019/07/30  UTC: 07:10
---> DATE: 2019/07/30  UTC: 07:20
---> DATE: 2019/07/30  UTC: 07:30
---> DATE: 2019/07/30  UTC: 07:40
---> DATE: 2019/07/30  UTC: 07:50
---> DATE: 2019/07/30  UTC: 08:00
     - Found all A1     met fields for 2019/07/30 08:30
---> DATE: 2019/07/30  UTC: 08:10
---> DATE: 2019/07/30  UTC: 08:20
---> DATE: 2019/07/30  UTC: 08:30
---> DATE: 2019/07/30  UTC: 08:40
---> DATE: 2019/07/30  UTC: 08:50
---> DATE: 2019/07/30  UTC: 09:00
HEMCO: Opening /projects/b56h/ExtData//HEMCO/OFFLINE_LIGHTNING/v2020-03/MERRA2/2019/FLASH_CTH_MERRA2_0.5x0.625_2019_07.nc4
     - Found all A1     met fields for 2019/07/30 09:30
     - Found all A3cld  met fields for 2019/07/30 10:30
     - Found all A3dyn  met fields for 2019/07/30 10:30
     - Found all A3mstC met fields for 2019/07/30 10:30
     - Found all A3mstE met fields for 2019/07/30 10:30
     - Found all I3     met fields for 2019/07/30 12:00
---> DATE: 2019/07/30  UTC: 09:10
---> DATE: 2019/07/30  UTC: 09:20
---> DATE: 2019/07/30  UTC: 09:30
---> DATE: 2019/07/30  UTC: 09:40
---> DATE: 2019/07/30  UTC: 09:50
---> DATE: 2019/07/30  UTC: 10:00
     - Found all A1     met fields for 2019/07/30 10:30
---> DATE: 2019/07/30  UTC: 10:10
---> DATE: 2019/07/30  UTC: 10:20
---> DATE: 2019/07/30  UTC: 10:30
---> DATE: 2019/07/30  UTC: 10:40
---> DATE: 2019/07/30  UTC: 10:50
---> DATE: 2019/07/30  UTC: 11:00
     - Found all A1     met fields for 2019/07/30 11:30
---> DATE: 2019/07/30  UTC: 11:10
---> DATE: 2019/07/30  UTC: 11:20
---> DATE: 2019/07/30  UTC: 11:30
---> DATE: 2019/07/30  UTC: 11:40
---> DATE: 2019/07/30  UTC: 11:50
---> DATE: 2019/07/30  UTC: 12:00
HEMCO: Opening /projects/b56h/ExtData//HEMCO/OFFLINE_LIGHTNING/v2020-03/MERRA2/2019/FLASH_CTH_MERRA2_0.5x0.625_2019_07.nc4
     - Found all A1     met fields for 2019/07/30 12:30
     - Found all A3cld  met fields for 2019/07/30 13:30
     - Found all A3dyn  met fields for 2019/07/30 13:30
     - Found all A3mstC met fields for 2019/07/30 13:30
     - Found all A3mstE met fields for 2019/07/30 13:30
     - Found all I3     met fields for 2019/07/30 15:00
---> DATE: 2019/07/30  UTC: 12:10
---> DATE: 2019/07/30  UTC: 12:20
---> DATE: 2019/07/30  UTC: 12:30
---> DATE: 2019/07/30  UTC: 12:40
---> DATE: 2019/07/30  UTC: 12:50
---> DATE: 2019/07/30  UTC: 13:00
     - Found all A1     met fields for 2019/07/30 13:30
---> DATE: 2019/07/30  UTC: 13:10
---> DATE: 2019/07/30  UTC: 13:20
---> DATE: 2019/07/30  UTC: 13:30
---> DATE: 2019/07/30  UTC: 13:40
---> DATE: 2019/07/30  UTC: 13:50
---> DATE: 2019/07/30  UTC: 14:00
     - Found all A1     met fields for 2019/07/30 14:30
---> DATE: 2019/07/30  UTC: 14:10
---> DATE: 2019/07/30  UTC: 14:20
---> DATE: 2019/07/30  UTC: 14:30
---> DATE: 2019/07/30  UTC: 14:40
---> DATE: 2019/07/30  UTC: 14:50
---> DATE: 2019/07/30  UTC: 15:00
HEMCO: Opening /projects/b56h/ExtData//HEMCO/OFFLINE_LIGHTNING/v2020-03/MERRA2/2019/FLASH_CTH_MERRA2_0.5x0.625_2019_07.nc4
     - Found all A1     met fields for 2019/07/30 15:30
     - Found all A3cld  met fields for 2019/07/30 16:30
     - Found all A3dyn  met fields for 2019/07/30 16:30
     - Found all A3mstC met fields for 2019/07/30 16:30
     - Found all A3mstE met fields for 2019/07/30 16:30
     - Found all I3     met fields for 2019/07/30 18:00
---> DATE: 2019/07/30  UTC: 15:10
---> DATE: 2019/07/30  UTC: 15:20
---> DATE: 2019/07/30  UTC: 15:30
---> DATE: 2019/07/30  UTC: 15:40
---> DATE: 2019/07/30  UTC: 15:50
---> DATE: 2019/07/30  UTC: 16:00
     - Found all A1     met fields for 2019/07/30 16:30
---> DATE: 2019/07/30  UTC: 16:10
---> DATE: 2019/07/30  UTC: 16:20
---> DATE: 2019/07/30  UTC: 16:30
---> DATE: 2019/07/30  UTC: 16:40
---> DATE: 2019/07/30  UTC: 16:50
---> DATE: 2019/07/30  UTC: 17:00
     - Found all A1     met fields for 2019/07/30 17:30
---> DATE: 2019/07/30  UTC: 17:10
---> DATE: 2019/07/30  UTC: 17:20
---> DATE: 2019/07/30  UTC: 17:30
---> DATE: 2019/07/30  UTC: 17:40
---> DATE: 2019/07/30  UTC: 17:50
---> DATE: 2019/07/30  UTC: 18:00
HEMCO: Opening /projects/b56h/ExtData//HEMCO/OFFLINE_LIGHTNING/v2020-03/MERRA2/2019/FLASH_CTH_MERRA2_0.5x0.625_2019_07.nc4
     - Found all A1     met fields for 2019/07/30 18:30
     - Found all A3cld  met fields for 2019/07/30 19:30
     - Found all A3dyn  met fields for 2019/07/30 19:30
     - Found all A3mstC met fields for 2019/07/30 19:30
     - Found all A3mstE met fields for 2019/07/30 19:30
     - Found all I3     met fields for 2019/07/30 21:00
---> DATE: 2019/07/30  UTC: 18:10
---> DATE: 2019/07/30  UTC: 18:20
---> DATE: 2019/07/30  UTC: 18:30
---> DATE: 2019/07/30  UTC: 18:40
---> DATE: 2019/07/30  UTC: 18:50
---> DATE: 2019/07/30  UTC: 19:00
     - Found all A1     met fields for 2019/07/30 19:30
---> DATE: 2019/07/30  UTC: 19:10
---> DATE: 2019/07/30  UTC: 19:20
---> DATE: 2019/07/30  UTC: 19:30
---> DATE: 2019/07/30  UTC: 19:40
---> DATE: 2019/07/30  UTC: 19:50
---> DATE: 2019/07/30  UTC: 20:00
     - Found all A1     met fields for 2019/07/30 20:30
---> DATE: 2019/07/30  UTC: 20:10
---> DATE: 2019/07/30  UTC: 20:20
---> DATE: 2019/07/30  UTC: 20:30
---> DATE: 2019/07/30  UTC: 20:40
---> DATE: 2019/07/30  UTC: 20:50
---> DATE: 2019/07/30  UTC: 21:00
HEMCO: Opening /projects/b56h/ExtData//HEMCO/OFFLINE_LIGHTNING/v2020-03/MERRA2/2019/FLASH_CTH_MERRA2_0.5x0.625_2019_07.nc4
     - Found all A1     met fields for 2019/07/30 21:30
     - Found all A3cld  met fields for 2019/07/30 22:30
     - Found all A3dyn  met fields for 2019/07/30 22:30
     - Found all A3mstC met fields for 2019/07/30 22:30
     - Found all A3mstE met fields for 2019/07/30 22:30
     - Found all I3     met fields for 2019/07/31 00:00
---> DATE: 2019/07/30  UTC: 21:10
---> DATE: 2019/07/30  UTC: 21:20
---> DATE: 2019/07/30  UTC: 21:30
---> DATE: 2019/07/30  UTC: 21:40
---> DATE: 2019/07/30  UTC: 21:50
---> DATE: 2019/07/30  UTC: 22:00
     - Found all A1     met fields for 2019/07/30 22:30
---> DATE: 2019/07/30  UTC: 22:10
---> DATE: 2019/07/30  UTC: 22:20
---> DATE: 2019/07/30  UTC: 22:30
---> DATE: 2019/07/30  UTC: 22:40
---> DATE: 2019/07/30  UTC: 22:50
---> DATE: 2019/07/30  UTC: 23:00
     - Found all A1     met fields for 2019/07/30 23:30
---> DATE: 2019/07/30  UTC: 23:10
---> DATE: 2019/07/30  UTC: 23:20
---> DATE: 2019/07/30  UTC: 23:30
---> DATE: 2019/07/30  UTC: 23:40
---> DATE: 2019/07/30  UTC: 23:50
---> DATE: 2019/07/31  UTC: 00:00
HEMCO: Opening /projects/b56h/ExtData//HEMCO/OFFLINE_DUST/v2025-03/0.5x0.625/MERRA2/2019/07/dust_emissions_05.MERRA2.20190731.nc
HEMCO: Opening /projects/b56h/ExtData//HEMCO/OFFLINE_BIOVOC/v2021-12/0.5x0.625/2019/07/biovoc_05.20190731.nc
HEMCO: Opening /projects/b56h/ExtData//HEMCO/OFFLINE_SEASALT/v2019-01/0.5x0.625/2019/07/seasalt_05.20190731.nc
HEMCO: Opening /projects/b56h/ExtData//HEMCO/OFFLINE_SOILNOX/v2021-12/0.5x0.625/2019/07/soilnox_05.20190731.nc
HEMCO: Opening /projects/b56h/ExtData//GEOS_4x5/MERRA2/2019/07/MERRA2.20190731.A1.4x5.nc4
HEMCO: Opening /projects/b56h/ExtData//GEOS_4x5/MERRA2/2019/07/MERRA2.20190731.A3cld.4x5.nc4
HEMCO: Opening /projects/b56h/ExtData//GEOS_4x5/MERRA2/2019/07/MERRA2.20190731.A3dyn.4x5.nc4
HEMCO: Opening /projects/b56h/ExtData//GEOS_4x5/MERRA2/2019/07/MERRA2.20190731.A3mstC.4x5.nc4
HEMCO: Opening /projects/b56h/ExtData//GEOS_4x5/MERRA2/2019/07/MERRA2.20190731.A3mstE.4x5.nc4
HEMCO: Opening /projects/b56h/ExtData//GEOS_4x5/MERRA2/2019/07/MERRA2.20190731.I3.4x5.nc4
HEMCO: Opening /projects/b56h/ExtData//GEOS_4x5/MERRA2/2019/08/MERRA2.20190801.I3.4x5.nc4
HEMCO: Opening /projects/b56h/ExtData//HEMCO/Yuan_XLAI/v2021-06/Yuan_proc_MODIS_XLAI.025x025.2019.nc
HEMCO: Opening /projects/b56h/ExtData//HEMCO/OFFLINE_LIGHTNING/v2020-03/MERRA2/2019/FLASH_CTH_MERRA2_0.5x0.625_2019_07.nc4
     - Found all A1     met fields for 2019/07/31 00:30
     - Found all A3cld  met fields for 2019/07/31 01:30
     - Found all A3dyn  met fields for 2019/07/31 01:30
     - Found all A3mstC met fields for 2019/07/31 01:30
     - Found all A3mstE met fields for 2019/07/31 01:30
     - Found all I3     met fields for 2019/07/31 03:00
HEMCO (VOLCANO): Opening /projects/b56h/ExtData//HEMCO/VOLCANO/v2024-04/2019/07/so2_volcanic_emissions_Carns.20190731.rc
---> DATE: 2019/07/31  UTC: 00:10
---> DATE: 2019/07/31  UTC: 00:20
---> DATE: 2019/07/31  UTC: 00:30
---> DATE: 2019/07/31  UTC: 00:40
---> DATE: 2019/07/31  UTC: 00:50
---> DATE: 2019/07/31  UTC: 01:00
     - Found all A1     met fields for 2019/07/31 01:30
---> DATE: 2019/07/31  UTC: 01:10
---> DATE: 2019/07/31  UTC: 01:20
---> DATE: 2019/07/31  UTC: 01:30
---> DATE: 2019/07/31  UTC: 01:40
---> DATE: 2019/07/31  UTC: 01:50
---> DATE: 2019/07/31  UTC: 02:00
     - Found all A1     met fields for 2019/07/31 02:30
---> DATE: 2019/07/31  UTC: 02:10
---> DATE: 2019/07/31  UTC: 02:20
---> DATE: 2019/07/31  UTC: 02:30
---> DATE: 2019/07/31  UTC: 02:40
---> DATE: 2019/07/31  UTC: 02:50
---> DATE: 2019/07/31  UTC: 03:00
HEMCO: Opening /projects/b56h/ExtData//HEMCO/OFFLINE_LIGHTNING/v2020-03/MERRA2/2019/FLASH_CTH_MERRA2_0.5x0.625_2019_07.nc4
     - Found all A1     met fields for 2019/07/31 03:30
     - Found all A3cld  met fields for 2019/07/31 04:30
     - Found all A3dyn  met fields for 2019/07/31 04:30
     - Found all A3mstC met fields for 2019/07/31 04:30
     - Found all A3mstE met fields for 2019/07/31 04:30
     - Found all I3     met fields for 2019/07/31 06:00
---> DATE: 2019/07/31  UTC: 03:10
---> DATE: 2019/07/31  UTC: 03:20
---> DATE: 2019/07/31  UTC: 03:30
---> DATE: 2019/07/31  UTC: 03:40
---> DATE: 2019/07/31  UTC: 03:50
---> DATE: 2019/07/31  UTC: 04:00
     - Found all A1     met fields for 2019/07/31 04:30
---> DATE: 2019/07/31  UTC: 04:10
---> DATE: 2019/07/31  UTC: 04:20
---> DATE: 2019/07/31  UTC: 04:30
---> DATE: 2019/07/31  UTC: 04:40
---> DATE: 2019/07/31  UTC: 04:50
---> DATE: 2019/07/31  UTC: 05:00
     - Found all A1     met fields for 2019/07/31 05:30
---> DATE: 2019/07/31  UTC: 05:10
---> DATE: 2019/07/31  UTC: 05:20
---> DATE: 2019/07/31  UTC: 05:30
---> DATE: 2019/07/31  UTC: 05:40
---> DATE: 2019/07/31  UTC: 05:50
---> DATE: 2019/07/31  UTC: 06:00
HEMCO: Opening /projects/b56h/ExtData//HEMCO/OFFLINE_LIGHTNING/v2020-03/MERRA2/2019/FLASH_CTH_MERRA2_0.5x0.625_2019_07.nc4
     - Found all A1     met fields for 2019/07/31 06:30
     - Found all A3cld  met fields for 2019/07/31 07:30
     - Found all A3dyn  met fields for 2019/07/31 07:30
     - Found all A3mstC met fields for 2019/07/31 07:30
     - Found all A3mstE met fields for 2019/07/31 07:30
     - Found all I3     met fields for 2019/07/31 09:00
---> DATE: 2019/07/31  UTC: 06:10
---> DATE: 2019/07/31  UTC: 06:20
---> DATE: 2019/07/31  UTC: 06:30
---> DATE: 2019/07/31  UTC: 06:40
---> DATE: 2019/07/31  UTC: 06:50
---> DATE: 2019/07/31  UTC: 07:00
     - Found all A1     met fields for 2019/07/31 07:30
---> DATE: 2019/07/31  UTC: 07:10
---> DATE: 2019/07/31  UTC: 07:20
---> DATE: 2019/07/31  UTC: 07:30
---> DATE: 2019/07/31  UTC: 07:40
---> DATE: 2019/07/31  UTC: 07:50
---> DATE: 2019/07/31  UTC: 08:00
     - Found all A1     met fields for 2019/07/31 08:30
---> DATE: 2019/07/31  UTC: 08:10
---> DATE: 2019/07/31  UTC: 08:20
---> DATE: 2019/07/31  UTC: 08:30
---> DATE: 2019/07/31  UTC: 08:40
---> DATE: 2019/07/31  UTC: 08:50
---> DATE: 2019/07/31  UTC: 09:00
HEMCO: Opening /projects/b56h/ExtData//HEMCO/OFFLINE_LIGHTNING/v2020-03/MERRA2/2019/FLASH_CTH_MERRA2_0.5x0.625_2019_07.nc4
     - Found all A1     met fields for 2019/07/31 09:30
     - Found all A3cld  met fields for 2019/07/31 10:30
     - Found all A3dyn  met fields for 2019/07/31 10:30
     - Found all A3mstC met fields for 2019/07/31 10:30
     - Found all A3mstE met fields for 2019/07/31 10:30
     - Found all I3     met fields for 2019/07/31 12:00
---> DATE: 2019/07/31  UTC: 09:10
---> DATE: 2019/07/31  UTC: 09:20
---> DATE: 2019/07/31  UTC: 09:30
---> DATE: 2019/07/31  UTC: 09:40
---> DATE: 2019/07/31  UTC: 09:50
---> DATE: 2019/07/31  UTC: 10:00
     - Found all A1     met fields for 2019/07/31 10:30
---> DATE: 2019/07/31  UTC: 10:10
---> DATE: 2019/07/31  UTC: 10:20
---> DATE: 2019/07/31  UTC: 10:30
---> DATE: 2019/07/31  UTC: 10:40
---> DATE: 2019/07/31  UTC: 10:50
---> DATE: 2019/07/31  UTC: 11:00
     - Found all A1     met fields for 2019/07/31 11:30
---> DATE: 2019/07/31  UTC: 11:10
---> DATE: 2019/07/31  UTC: 11:20
---> DATE: 2019/07/31  UTC: 11:30
---> DATE: 2019/07/31  UTC: 11:40
---> DATE: 2019/07/31  UTC: 11:50
---> DATE: 2019/07/31  UTC: 12:00
HEMCO: Opening /projects/b56h/ExtData//HEMCO/OFFLINE_LIGHTNING/v2020-03/MERRA2/2019/FLASH_CTH_MERRA2_0.5x0.625_2019_07.nc4
     - Found all A1     met fields for 2019/07/31 12:30
     - Found all A3cld  met fields for 2019/07/31 13:30
     - Found all A3dyn  met fields for 2019/07/31 13:30
     - Found all A3mstC met fields for 2019/07/31 13:30
     - Found all A3mstE met fields for 2019/07/31 13:30
     - Found all I3     met fields for 2019/07/31 15:00
---> DATE: 2019/07/31  UTC: 12:10
---> DATE: 2019/07/31  UTC: 12:20
---> DATE: 2019/07/31  UTC: 12:30
---> DATE: 2019/07/31  UTC: 12:40
---> DATE: 2019/07/31  UTC: 12:50
---> DATE: 2019/07/31  UTC: 13:00
     - Found all A1     met fields for 2019/07/31 13:30
---> DATE: 2019/07/31  UTC: 13:10
---> DATE: 2019/07/31  UTC: 13:20
---> DATE: 2019/07/31  UTC: 13:30
---> DATE: 2019/07/31  UTC: 13:40
---> DATE: 2019/07/31  UTC: 13:50
---> DATE: 2019/07/31  UTC: 14:00
     - Found all A1     met fields for 2019/07/31 14:30
---> DATE: 2019/07/31  UTC: 14:10
---> DATE: 2019/07/31  UTC: 14:20
---> DATE: 2019/07/31  UTC: 14:30
---> DATE: 2019/07/31  UTC: 14:40
---> DATE: 2019/07/31  UTC: 14:50
---> DATE: 2019/07/31  UTC: 15:00
HEMCO: Opening /projects/b56h/ExtData//HEMCO/OFFLINE_LIGHTNING/v2020-03/MERRA2/2019/FLASH_CTH_MERRA2_0.5x0.625_2019_07.nc4
     - Found all A1     met fields for 2019/07/31 15:30
     - Found all A3cld  met fields for 2019/07/31 16:30
     - Found all A3dyn  met fields for 2019/07/31 16:30
     - Found all A3mstC met fields for 2019/07/31 16:30
     - Found all A3mstE met fields for 2019/07/31 16:30
     - Found all I3     met fields for 2019/07/31 18:00
---> DATE: 2019/07/31  UTC: 15:10
---> DATE: 2019/07/31  UTC: 15:20
---> DATE: 2019/07/31  UTC: 15:30
---> DATE: 2019/07/31  UTC: 15:40
---> DATE: 2019/07/31  UTC: 15:50
---> DATE: 2019/07/31  UTC: 16:00
     - Found all A1     met fields for 2019/07/31 16:30
---> DATE: 2019/07/31  UTC: 16:10
---> DATE: 2019/07/31  UTC: 16:20
---> DATE: 2019/07/31  UTC: 16:30
---> DATE: 2019/07/31  UTC: 16:40
---> DATE: 2019/07/31  UTC: 16:50
---> DATE: 2019/07/31  UTC: 17:00
     - Found all A1     met fields for 2019/07/31 17:30
---> DATE: 2019/07/31  UTC: 17:10
---> DATE: 2019/07/31  UTC: 17:20
---> DATE: 2019/07/31  UTC: 17:30
---> DATE: 2019/07/31  UTC: 17:40
---> DATE: 2019/07/31  UTC: 17:50
---> DATE: 2019/07/31  UTC: 18:00
HEMCO: Opening /projects/b56h/ExtData//HEMCO/OFFLINE_LIGHTNING/v2020-03/MERRA2/2019/FLASH_CTH_MERRA2_0.5x0.625_2019_07.nc4
     - Found all A1     met fields for 2019/07/31 18:30
     - Found all A3cld  met fields for 2019/07/31 19:30
     - Found all A3dyn  met fields for 2019/07/31 19:30
     - Found all A3mstC met fields for 2019/07/31 19:30
     - Found all A3mstE met fields for 2019/07/31 19:30
     - Found all I3     met fields for 2019/07/31 21:00
---> DATE: 2019/07/31  UTC: 18:10
---> DATE: 2019/07/31  UTC: 18:20
---> DATE: 2019/07/31  UTC: 18:30
---> DATE: 2019/07/31  UTC: 18:40
---> DATE: 2019/07/31  UTC: 18:50
---> DATE: 2019/07/31  UTC: 19:00
     - Found all A1     met fields for 2019/07/31 19:30
---> DATE: 2019/07/31  UTC: 19:10
---> DATE: 2019/07/31  UTC: 19:20
---> DATE: 2019/07/31  UTC: 19:30
---> DATE: 2019/07/31  UTC: 19:40
---> DATE: 2019/07/31  UTC: 19:50
---> DATE: 2019/07/31  UTC: 20:00
     - Found all A1     met fields for 2019/07/31 20:30
---> DATE: 2019/07/31  UTC: 20:10
---> DATE: 2019/07/31  UTC: 20:20
---> DATE: 2019/07/31  UTC: 20:30
---> DATE: 2019/07/31  UTC: 20:40
---> DATE: 2019/07/31  UTC: 20:50
---> DATE: 2019/07/31  UTC: 21:00
HEMCO: Opening /projects/b56h/ExtData//HEMCO/OFFLINE_LIGHTNING/v2020-03/MERRA2/2019/FLASH_CTH_MERRA2_0.5x0.625_2019_07.nc4
     - Found all A1     met fields for 2019/07/31 21:30
     - Found all A3cld  met fields for 2019/07/31 22:30
     - Found all A3dyn  met fields for 2019/07/31 22:30
     - Found all A3mstC met fields for 2019/07/31 22:30
     - Found all A3mstE met fields for 2019/07/31 22:30
     - Found all I3     met fields for 2019/08/01 00:00
---> DATE: 2019/07/31  UTC: 21:10
---> DATE: 2019/07/31  UTC: 21:20
---> DATE: 2019/07/31  UTC: 21:30
---> DATE: 2019/07/31  UTC: 21:40
---> DATE: 2019/07/31  UTC: 21:50
---> DATE: 2019/07/31  UTC: 22:00
     - Found all A1     met fields for 2019/07/31 22:30
---> DATE: 2019/07/31  UTC: 22:10
---> DATE: 2019/07/31  UTC: 22:20
---> DATE: 2019/07/31  UTC: 22:30
---> DATE: 2019/07/31  UTC: 22:40
---> DATE: 2019/07/31  UTC: 22:50
---> DATE: 2019/07/31  UTC: 23:00
     - Found all A1     met fields for 2019/07/31 23:30
---> DATE: 2019/07/31  UTC: 23:10
---> DATE: 2019/07/31  UTC: 23:20
---> DATE: 2019/07/31  UTC: 23:30
---> DATE: 2019/07/31  UTC: 23:40
---> DATE: 2019/07/31  UTC: 23:50
     - Creating file for SpeciesConc; reference = 20190701 000000
        with filename = OutputDir/GEOSChem.SpeciesConc.20190701_0000z.nc4
     - Creating file for Metrics; reference = 20190701 000000
        with filename = OutputDir/GEOSChem.Metrics.20190701_0000z.nc4
     - Creating file for Restart; reference = 20190801 000000
        with filename = ./Restarts/GEOSChem.Restart.20190801_0000z.nc4
---> DATE: 2019/08/01  UTC: 00:00
     - CLEANUP: deallocating arrays now...

%%%%%%%%%%%%%%%%%%%%%%%%%%%%%%%%%%%%%%%%%%%%%%%%%%%%%%%%%%%%%%%%%
%%%%%     To compute the OH metrics, execute the Python     %%%%%
%%%%%       script "metrics.py" in this run directory.      %%%%%
%%%%%%%%%%%%%%%%%%%%%%%%%%%%%%%%%%%%%%%%%%%%%%%%%%%%%%%%%%%%%%%%%

===> SIMULATION END TIME: 2026/06/16 17:47 <===


**************   E N D   O F   G E O S -- C H E M   **************
